id,pregunta_id,etiqueta,texto,es_correcta
1,1,A,Opción A de la pregunta 1,1
2,1,B,Opción B de la pregunta 1,0
3,1,C,Opción C de la pregunta 1,0
4,1,D,Opción D de la pregunta 1,0
5,2,A,Opción A de la pregunta 2,0
6,2,B,Opción B de la pregunta 2,0
7,2,C,Opción C de la pregunta 2,0
8,2,D,Opción D de la pregunta 2,1
9,3,A,Opción A de la pregunta 3,1
10,3,B,Opción B de la pregunta 3,0
11,3,C,Opción C de la pregunta 3,0
12,3,D,Opción D de la pregunta 3,0
13,4,A,Opción A de la pregunta 4,0
14,4,B,Opción B de la pregunta 4,0
15,4,C,Opción C de la pregunta 4,0
16,4,D,Opción D de la pregunta 4,1
17,5,A,Opción A de la pregunta 5,1
18,5,B,Opción B de la pregunta 5,0
19,5,C,Opción C de la pregunta 5,0
20,5,D,Opción D de la pregunta 5,0
21,6,A,Opción A de la pregunta 6,0
22,6,B,Opción B de la pregunta 6,1
23,6,C,Opción C de la pregunta 6,0
24,6,D,Opción D de la pregunta 6,0
25,7,A,Opción A de la pregunta 7,1
26,7,B,Opción B de la pregunta 7,0
27,7,C,Opción C de la pregunta 7,0
28,7,D,Opción D de la pregunta 7,0
29,8,A,Opción A de la pregunta 8,0
30,8,B,Opción B de la pregunta 8,0
31,8,C,Opción C de la pregunta 8,1
32,8,D,Opción D de la pregunta 8,0
33,9,A,Opción A de la pregunta 9,0
34,9,B,Opción B de la pregunta 9,0
35,9,C,Opción C de la pregunta 9,1
36,9,D,Opción D de la pregunta 9,0
37,10,A,Opción A de la pregunta 10,0
38,10,B,Opción B de la pregunta 10,0
39,10,C,Opción C de la pregunta 10,1
40,10,D,Opción D de la pregunta 10,0
41,11,A,Opción A de la pregunta 11,0
42,11,B,Opción B de la pregunta 11,0
43,11,C,Opción C de la pregunta 11,0
44,11,D,Opción D de la pregunta 11,1
45,12,A,Opción A de la pregunta 12,1
46,12,B,Opción B de la pregunta 12,0
47,12,C,Opción C de la pregunta 12,0
48,12,D,Opción D de la pregunta 12,0
49,13,A,Opción A de la pregunta 13,0
50,13,B,Opción B de la pregunta 13,1
51,13,C,Opción C de la pregunta 13,0
52,13,D,Opción D de la pregunta 13,0
53,14,A,Opción A de la pregunta 14,0
54,14,B,Opción B de la pregunta 14,0
55,14,C,Opción C de la pregunta 14,1
56,14,D,Opción D de la pregunta 14,0
57,15,A,Opción A de la pregunta 15,0
58,15,B,Opción B de la pregunta 15,0
59,15,C,Opción C de la pregunta 15,0
60,15,D,Opción D de la pregunta 15,1
61,16,A,Opción A de la pregunta 16,0
62,16,B,Opción B de la pregunta 16,0
63,16,C,Opción C de la pregunta 16,1
64,16,D,Opción D de la pregunta 16,0
65,17,A,Opción A de la pregunta 17,0
66,17,B,Opción B de la pregunta 17,0
67,17,C,Opción C de la pregunta 17,1
68,17,D,Opción D de la pregunta 17,0
69,18,A,Opción A de la pregunta 18,0
70,18,B,Opción B de la pregunta 18,1
71,18,C,Opción C de la pregunta 18,0
72,18,D,Opción D de la pregunta 18,0
73,19,A,Opción A de la pregunta 19,0
74,19,B,Opción B de la pregunta 19,0
75,19,C,Opción C de la pregunta 19,0
76,19,D,Opción D de la pregunta 19,1
77,20,A,Opción A de la pregunta 20,0
78,20,B,Opción B de la pregunta 20,0
79,20,C,Opción C de la pregunta 20,0
80,20,D,Opción D de la pregunta 20,1
81,21,A,Opción A de la pregunta 21,0
82,21,B,Opción B de la pregunta 21,0
83,21,C,Opción C de la pregunta 21,1
84,21,D,Opción D de la pregunta 21,0
85,22,A,Opción A de la pregunta 22,0
86,22,B,Opción B de la pregunta 22,0
87,22,C,Opción C de la pregunta 22,0
88,22,D,Opción D de la pregunta 22,1
89,23,A,Opción A de la pregunta 23,0
90,23,B,Opción B de la pregunta 23,0
91,23,C,Opción C de la pregunta 23,0
92,23,D,Opción D de la pregunta 23,1
93,24,A,Opción A de la pregunta 24,0
94,24,B,Opción B de la pregunta 24,1
95,24,C,Opción C de la pregunta 24,0
96,24,D,Opción D de la pregunta 24,0
97,25,A,Opción A de la pregunta 25,0
98,25,B,Opción B de la pregunta 25,0
99,25,C,Opción C de la pregunta 25,1
100,25,D,Opción D de la pregunta 25,0
101,26,A,Opción A de la pregunta 26,0
102,26,B,Opción B de la pregunta 26,1
103,26,C,Opción C de la pregunta 26,0
104,26,D,Opción D de la pregunta 26,0
105,27,A,Opción A de la pregunta 27,0
106,27,B,Opción B de la pregunta 27,0
107,27,C,Opción C de la pregunta 27,0
108,27,D,Opción D de la pregunta 27,1
109,28,A,Opción A de la pregunta 28,0
110,28,B,Opción B de la pregunta 28,1
111,28,C,Opción C de la pregunta 28,0
112,28,D,Opción D de la pregunta 28,0
113,29,A,Opción A de la pregunta 29,0
114,29,B,Opción B de la pregunta 29,1
115,29,C,Opción C de la pregunta 29,0
116,29,D,Opción D de la pregunta 29,0
117,30,A,Opción A de la pregunta 30,0
118,30,B,Opción B de la pregunta 30,0
119,30,C,Opción C de la pregunta 30,1
120,30,D,Opción D de la pregunta 30,0
121,31,A,Opción A de la pregunta 31,0
122,31,B,Opción B de la pregunta 31,0
123,31,C,Opción C de la pregunta 31,0
124,31,D,Opción D de la pregunta 31,1
125,32,A,Opción A de la pregunta 32,1
126,32,B,Opción B de la pregunta 32,0
127,32,C,Opción C de la pregunta 32,0
128,32,D,Opción D de la pregunta 32,0
129,33,A,Opción A de la pregunta 33,1
130,33,B,Opción B de la pregunta 33,0
131,33,C,Opción C de la pregunta 33,0
132,33,D,Opción D de la pregunta 33,0
133,34,A,Opción A de la pregunta 34,0
134,34,B,Opción B de la pregunta 34,0
135,34,C,Opción C de la pregunta 34,1
136,34,D,Opción D de la pregunta 34,0
137,35,A,Opción A de la pregunta 35,1
138,35,B,Opción B de la pregunta 35,0
139,35,C,Opción C de la pregunta 35,0
140,35,D,Opción D de la pregunta 35,0
141,36,A,Opción A de la pregunta 36,0
142,36,B,Opción B de la pregunta 36,1
143,36,C,Opción C de la pregunta 36,0
144,36,D,Opción D de la pregunta 36,0
145,37,A,Opción A de la pregunta 37,0
146,37,B,Opción B de la pregunta 37,0
147,37,C,Opción C de la pregunta 37,0
148,37,D,Opción D de la pregunta 37,1
149,38,A,Opción A de la pregunta 38,1
150,38,B,Opción B de la pregunta 38,0
151,38,C,Opción C de la pregunta 38,0
152,38,D,Opción D de la pregunta 38,0
153,39,A,Opción A de la pregunta 39,0
154,39,B,Opción B de la pregunta 39,0
155,39,C,Opción C de la pregunta 39,1
156,39,D,Opción D de la pregunta 39,0
157,40,A,Opción A de la pregunta 40,0
158,40,B,Opción B de la pregunta 40,1
159,40,C,Opción C de la pregunta 40,0
160,40,D,Opción D de la pregunta 40,0
161,41,A,Opción A de la pregunta 41,0
162,41,B,Opción B de la pregunta 41,0
163,41,C,Opción C de la pregunta 41,0
164,41,D,Opción D de la pregunta 41,1
165,42,A,Opción A de la pregunta 42,0
166,42,B,Opción B de la pregunta 42,0
167,42,C,Opción C de la pregunta 42,0
168,42,D,Opción D de la pregunta 42,1
169,43,A,Opción A de la pregunta 43,1
170,43,B,Opción B de la pregunta 43,0
171,43,C,Opción C de la pregunta 43,0
172,43,D,Opción D de la pregunta 43,0
173,44,A,Opción A de la pregunta 44,0
174,44,B,Opción B de la pregunta 44,0
175,44,C,Opción C de la pregunta 44,1
176,44,D,Opción D de la pregunta 44,0
177,45,A,Opción A de la pregunta 45,0
178,45,B,Opción B de la pregunta 45,0
179,45,C,Opción C de la pregunta 45,0
180,45,D,Opción D de la pregunta 45,1
181,46,A,Opción A de la pregunta 46,0
182,46,B,Opción B de la pregunta 46,0
183,46,C,Opción C de la pregunta 46,1
184,46,D,Opción D de la pregunta 46,0
185,47,A,Opción A de la pregunta 47,0
186,47,B,Opción B de la pregunta 47,0
187,47,C,Opción C de la pregunta 47,0
188,47,D,Opción D de la pregunta 47,1
189,48,A,Opción A de la pregunta 48,0
190,48,B,Opción B de la pregunta 48,0
191,48,C,Opción C de la pregunta 48,1
192,48,D,Opción D de la pregunta 48,0
193,49,A,Opción A de la pregunta 49,0
194,49,B,Opción B de la pregunta 49,0
195,49,C,Opción C de la pregunta 49,0
196,49,D,Opción D de la pregunta 49,1
197,50,A,Opción A de la pregunta 50,0
198,50,B,Opción B de la pregunta 50,0
199,50,C,Opción C de la pregunta 50,0
200,50,D,Opción D de la pregunta 50,1
201,51,A,Opción A de la pregunta 51,0
202,51,B,Opción B de la pregunta 51,0
203,51,C,Opción C de la pregunta 51,1
204,51,D,Opción D de la pregunta 51,0
205,52,A,Opción A de la pregunta 52,0
206,52,B,Opción B de la pregunta 52,1
207,52,C,Opción C de la pregunta 52,0
208,52,D,Opción D de la pregunta 52,0
209,53,A,Opción A de la pregunta 53,1
210,53,B,Opción B de la pregunta 53,0
211,53,C,Opción C de la pregunta 53,0
212,53,D,Opción D de la pregunta 53,0
213,54,A,Opción A de la pregunta 54,1
214,54,B,Opción B de la pregunta 54,0
215,54,C,Opción C de la pregunta 54,0
216,54,D,Opción D de la pregunta 54,0
217,55,A,Opción A de la pregunta 55,1
218,55,B,Opción B de la pregunta 55,0
219,55,C,Opción C de la pregunta 55,0
220,55,D,Opción D de la pregunta 55,0
221,56,A,Opción A de la pregunta 56,0
222,56,B,Opción B de la pregunta 56,1
223,56,C,Opción C de la pregunta 56,0
224,56,D,Opción D de la pregunta 56,0
225,57,A,Opción A de la pregunta 57,1
226,57,B,Opción B de la pregunta 57,0
227,57,C,Opción C de la pregunta 57,0
228,57,D,Opción D de la pregunta 57,0
229,58,A,Opción A de la pregunta 58,0
230,58,B,Opción B de la pregunta 58,0
231,58,C,Opción C de la pregunta 58,1
232,58,D,Opción D de la pregunta 58,0
233,59,A,Opción A de la pregunta 59,1
234,59,B,Opción B de la pregunta 59,0
235,59,C,Opción C de la pregunta 59,0
236,59,D,Opción D de la pregunta 59,0
237,60,A,Opción A de la pregunta 60,1
238,60,B,Opción B de la pregunta 60,0
239,60,C,Opción C de la pregunta 60,0
240,60,D,Opción D de la pregunta 60,0
241,61,A,Opción A de la pregunta 61,0
242,61,B,Opción B de la pregunta 61,1
243,61,C,Opción C de la pregunta 61,0
244,61,D,Opción D de la pregunta 61,0
245,62,A,Opción A de la pregunta 62,1
246,62,B,Opción B de la pregunta 62,0
247,62,C,Opción C de la pregunta 62,0
248,62,D,Opción D de la pregunta 62,0
249,63,A,Opción A de la pregunta 63,1
250,63,B,Opción B de la pregunta 63,0
251,63,C,Opción C de la pregunta 63,0
252,63,D,Opción D de la pregunta 63,0
253,64,A,Opción A de la pregunta 64,0
254,64,B,Opción B de la pregunta 64,1
255,64,C,Opción C de la pregunta 64,0
256,64,D,Opción D de la pregunta 64,0
257,65,A,Opción A de la pregunta 65,0
258,65,B,Opción B de la pregunta 65,0
259,65,C,Opción C de la pregunta 65,0
260,65,D,Opción D de la pregunta 65,1
261,66,A,Opción A de la pregunta 66,0
262,66,B,Opción B de la pregunta 66,0
263,66,C,Opción C de la pregunta 66,1
264,66,D,Opción D de la pregunta 66,0
265,67,A,Opción A de la pregunta 67,0
266,67,B,Opción B de la pregunta 67,0
267,67,C,Opción C de la pregunta 67,1
268,67,D,Opción D de la pregunta 67,0
269,68,A,Opción A de la pregunta 68,0
270,68,B,Opción B de la pregunta 68,1
271,68,C,Opción C de la pregunta 68,0
272,68,D,Opción D de la pregunta 68,0
273,69,A,Opción A de la pregunta 69,0
274,69,B,Opción B de la pregunta 69,0
275,69,C,Opción C de la pregunta 69,0
276,69,D,Opción D de la pregunta 69,1
277,70,A,Opción A de la pregunta 70,0
278,70,B,Opción B de la pregunta 70,0
279,70,C,Opción C de la pregunta 70,0
280,70,D,Opción D de la pregunta 70,1
281,71,A,Opción A de la pregunta 71,0
282,71,B,Opción B de la pregunta 71,1
283,71,C,Opción C de la pregunta 71,0
284,71,D,Opción D de la pregunta 71,0
285,72,A,Opción A de la pregunta 72,0
286,72,B,Opción B de la pregunta 72,0
287,72,C,Opción C de la pregunta 72,1
288,72,D,Opción D de la pregunta 72,0
289,73,A,Opción A de la pregunta 73,0
290,73,B,Opción B de la pregunta 73,0
291,73,C,Opción C de la pregunta 73,0
292,73,D,Opción D de la pregunta 73,1
293,74,A,Opción A de la pregunta 74,0
294,74,B,Opción B de la pregunta 74,1
295,74,C,Opción C de la pregunta 74,0
296,74,D,Opción D de la pregunta 74,0
297,75,A,Opción A de la pregunta 75,0
298,75,B,Opción B de la pregunta 75,1
299,75,C,Opción C de la pregunta 75,0
300,75,D,Opción D de la pregunta 75,0
301,76,A,Opción A de la pregunta 76,1
302,76,B,Opción B de la pregunta 76,0
303,76,C,Opción C de la pregunta 76,0
304,76,D,Opción D de la pregunta 76,0
305,77,A,Opción A de la pregunta 77,0
306,77,B,Opción B de la pregunta 77,0
307,77,C,Opción C de la pregunta 77,0
308,77,D,Opción D de la pregunta 77,1
309,78,A,Opción A de la pregunta 78,0
310,78,B,Opción B de la pregunta 78,0
311,78,C,Opción C de la pregunta 78,1
312,78,D,Opción D de la pregunta 78,0
313,79,A,Opción A de la pregunta 79,1
314,79,B,Opción B de la pregunta 79,0
315,79,C,Opción C de la pregunta 79,0
316,79,D,Opción D de la pregunta 79,0
317,80,A,Opción A de la pregunta 80,1
318,80,B,Opción B de la pregunta 80,0
319,80,C,Opción C de la pregunta 80,0
320,80,D,Opción D de la pregunta 80,0
321,81,A,Opción A de la pregunta 81,0
322,81,B,Opción B de la pregunta 81,0
323,81,C,Opción C de la pregunta 81,0
324,81,D,Opción D de la pregunta 81,1
325,82,A,Opción A de la pregunta 82,0
326,82,B,Opción B de la pregunta 82,1
327,82,C,Opción C de la pregunta 82,0
328,82,D,Opción D de la pregunta 82,0
329,83,A,Opción A de la pregunta 83,0
330,83,B,Opción B de la pregunta 83,1
331,83,C,Opción C de la pregunta 83,0
332,83,D,Opción D de la pregunta 83,0
333,84,A,Opción A de la pregunta 84,1
334,84,B,Opción B de la pregunta 84,0
335,84,C,Opción C de la pregunta 84,0
336,84,D,Opción D de la pregunta 84,0
337,85,A,Opción A de la pregunta 85,0
338,85,B,Opción B de la pregunta 85,0
339,85,C,Opción C de la pregunta 85,1
340,85,D,Opción D de la pregunta 85,0
341,86,A,Opción A de la pregunta 86,0
342,86,B,Opción B de la pregunta 86,0
343,86,C,Opción C de la pregunta 86,1
344,86,D,Opción D de la pregunta 86,0
345,87,A,Opción A de la pregunta 87,0
346,87,B,Opción B de la pregunta 87,0
347,87,C,Opción C de la pregunta 87,1
348,87,D,Opción D de la pregunta 87,0
349,88,A,Opción A de la pregunta 88,0
350,88,B,Opción B de la pregunta 88,1
351,88,C,Opción C de la pregunta 88,0
352,88,D,Opción D de la pregunta 88,0
353,89,A,Opción A de la pregunta 89,0
354,89,B,Opción B de la pregunta 89,0
355,89,C,Opción C de la pregunta 89,1
356,89,D,Opción D de la pregunta 89,0
357,90,A,Opción A de la pregunta 90,0
358,90,B,Opción B de la pregunta 90,0
359,90,C,Opción C de la pregunta 90,0
360,90,D,Opción D de la pregunta 90,1
361,91,A,Opción A de la pregunta 91,0
362,91,B,Opción B de la pregunta 91,1
363,91,C,Opción C de la pregunta 91,0
364,91,D,Opción D de la pregunta 91,0
365,92,A,Opción A de la pregunta 92,1
366,92,B,Opción B de la pregunta 92,0
367,92,C,Opción C de la pregunta 92,0
368,92,D,Opción D de la pregunta 92,0
369,93,A,Opción A de la pregunta 93,0
370,93,B,Opción B de la pregunta 93,1
371,93,C,Opción C de la pregunta 93,0
372,93,D,Opción D de la pregunta 93,0
373,94,A,Opción A de la pregunta 94,0
374,94,B,Opción B de la pregunta 94,1
375,94,C,Opción C de la pregunta 94,0
376,94,D,Opción D de la pregunta 94,0
377,95,A,Opción A de la pregunta 95,1
378,95,B,Opción B de la pregunta 95,0
379,95,C,Opción C de la pregunta 95,0
380,95,D,Opción D de la pregunta 95,0
381,96,A,Opción A de la pregunta 96,1
382,96,B,Opción B de la pregunta 96,0
383,96,C,Opción C de la pregunta 96,0
384,96,D,Opción D de la pregunta 96,0
385,97,A,Opción A de la pregunta 97,1
386,97,B,Opción B de la pregunta 97,0
387,97,C,Opción C de la pregunta 97,0
388,97,D,Opción D de la pregunta 97,0
389,98,A,Opción A de la pregunta 98,0
390,98,B,Opción B de la pregunta 98,1
391,98,C,Opción C de la pregunta 98,0
392,98,D,Opción D de la pregunta 98,0
393,99,A,Opción A de la pregunta 99,0
394,99,B,Opción B de la pregunta 99,0
395,99,C,Opción C de la pregunta 99,1
396,99,D,Opción D de la pregunta 99,0
397,100,A,Opción A de la pregunta 100,0
398,100,B,Opción B de la pregunta 100,0
399,100,C,Opción C de la pregunta 100,1
400,100,D,Opción D de la pregunta 100,0
401,101,A,Opción A de la pregunta 101,0
402,101,B,Opción B de la pregunta 101,0
403,101,C,Opción C de la pregunta 101,0
404,101,D,Opción D de la pregunta 101,1
405,102,A,Opción A de la pregunta 102,1
406,102,B,Opción B de la pregunta 102,0
407,102,C,Opción C de la pregunta 102,0
408,102,D,Opción D de la pregunta 102,0
409,103,A,Opción A de la pregunta 103,0
410,103,B,Opción B de la pregunta 103,0
411,103,C,Opción C de la pregunta 103,0
412,103,D,Opción D de la pregunta 103,1
413,104,A,Opción A de la pregunta 104,0
414,104,B,Opción B de la pregunta 104,1
415,104,C,Opción C de la pregunta 104,0
416,104,D,Opción D de la pregunta 104,0
417,105,A,Opción A de la pregunta 105,1
418,105,B,Opción B de la pregunta 105,0
419,105,C,Opción C de la pregunta 105,0
420,105,D,Opción D de la pregunta 105,0
421,106,A,Opción A de la pregunta 106,1
422,106,B,Opción B de la pregunta 106,0
423,106,C,Opción C de la pregunta 106,0
424,106,D,Opción D de la pregunta 106,0
425,107,A,Opción A de la pregunta 107,0
426,107,B,Opción B de la pregunta 107,0
427,107,C,Opción C de la pregunta 107,0
428,107,D,Opción D de la pregunta 107,1
429,108,A,Opción A de la pregunta 108,0
430,108,B,Opción B de la pregunta 108,0
431,108,C,Opción C de la pregunta 108,0
432,108,D,Opción D de la pregunta 108,1
433,109,A,Opción A de la pregunta 109,0
434,109,B,Opción B de la pregunta 109,1
435,109,C,Opción C de la pregunta 109,0
436,109,D,Opción D de la pregunta 109,0
437,110,A,Opción A de la pregunta 110,1
438,110,B,Opción B de la pregunta 110,0
439,110,C,Opción C de la pregunta 110,0
440,110,D,Opción D de la pregunta 110,0
441,111,A,Opción A de la pregunta 111,1
442,111,B,Opción B de la pregunta 111,0
443,111,C,Opción C de la pregunta 111,0
444,111,D,Opción D de la pregunta 111,0
445,112,A,Opción A de la pregunta 112,1
446,112,B,Opción B de la pregunta 112,0
447,112,C,Opción C de la pregunta 112,0
448,112,D,Opción D de la pregunta 112,0
449,113,A,Opción A de la pregunta 113,0
450,113,B,Opción B de la pregunta 113,1
451,113,C,Opción C de la pregunta 113,0
452,113,D,Opción D de la pregunta 113,0
453,114,A,Opción A de la pregunta 114,0
454,114,B,Opción B de la pregunta 114,1
455,114,C,Opción C de la pregunta 114,0
456,114,D,Opción D de la pregunta 114,0
457,115,A,Opción A de la pregunta 115,0
458,115,B,Opción B de la pregunta 115,0
459,115,C,Opción C de la pregunta 115,0
460,115,D,Opción D de la pregunta 115,1
461,116,A,Opción A de la pregunta 116,0
462,116,B,Opción B de la pregunta 116,0
463,116,C,Opción C de la pregunta 116,0
464,116,D,Opción D de la pregunta 116,1
465,117,A,Opción A de la pregunta 117,0
466,117,B,Opción B de la pregunta 117,0
467,117,C,Opción C de la pregunta 117,1
468,117,D,Opción D de la pregunta 117,0
469,118,A,Opción A de la pregunta 118,0
470,118,B,Opción B de la pregunta 118,0
471,118,C,Opción C de la pregunta 118,0
472,118,D,Opción D de la pregunta 118,1
473,119,A,Opción A de la pregunta 119,1
474,119,B,Opción B de la pregunta 119,0
475,119,C,Opción C de la pregunta 119,0
476,119,D,Opción D de la pregunta 119,0
477,120,A,Opción A de la pregunta 120,0
478,120,B,Opción B de la pregunta 120,0
479,120,C,Opción C de la pregunta 120,0
480,120,D,Opción D de la pregunta 120,1
481,121,A,Opción A de la pregunta 121,0
482,121,B,Opción B de la pregunta 121,1
483,121,C,Opción C de la pregunta 121,0
484,121,D,Opción D de la pregunta 121,0
485,122,A,Opción A de la pregunta 122,0
486,122,B,Opción B de la pregunta 122,0
487,122,C,Opción C de la pregunta 122,0
488,122,D,Opción D de la pregunta 122,1
489,123,A,Opción A de la pregunta 123,1
490,123,B,Opción B de la pregunta 123,0
491,123,C,Opción C de la pregunta 123,0
492,123,D,Opción D de la pregunta 123,0
493,124,A,Opción A de la pregunta 124,0
494,124,B,Opción B de la pregunta 124,0
495,124,C,Opción C de la pregunta 124,0
496,124,D,Opción D de la pregunta 124,1
497,125,A,Opción A de la pregunta 125,0
498,125,B,Opción B de la pregunta 125,1
499,125,C,Opción C de la pregunta 125,0
500,125,D,Opción D de la pregunta 125,0
501,126,A,Opción A de la pregunta 126,0
502,126,B,Opción B de la pregunta 126,0
503,126,C,Opción C de la pregunta 126,1
504,126,D,Opción D de la pregunta 126,0
505,127,A,Opción A de la pregunta 127,1
506,127,B,Opción B de la pregunta 127,0
507,127,C,Opción C de la pregunta 127,0
508,127,D,Opción D de la pregunta 127,0
509,128,A,Opción A de la pregunta 128,0
510,128,B,Opción B de la pregunta 128,1
511,128,C,Opción C de la pregunta 128,0
512,128,D,Opción D de la pregunta 128,0
513,129,A,Opción A de la pregunta 129,0
514,129,B,Opción B de la pregunta 129,0
515,129,C,Opción C de la pregunta 129,1
516,129,D,Opción D de la pregunta 129,0
517,130,A,Opción A de la pregunta 130,0
518,130,B,Opción B de la pregunta 130,0
519,130,C,Opción C de la pregunta 130,1
520,130,D,Opción D de la pregunta 130,0
521,131,A,Opción A de la pregunta 131,0
522,131,B,Opción B de la pregunta 131,0
523,131,C,Opción C de la pregunta 131,0
524,131,D,Opción D de la pregunta 131,1
525,132,A,Opción A de la pregunta 132,0
526,132,B,Opción B de la pregunta 132,0
527,132,C,Opción C de la pregunta 132,1
528,132,D,Opción D de la pregunta 132,0
529,133,A,Opción A de la pregunta 133,0
530,133,B,Opción B de la pregunta 133,0
531,133,C,Opción C de la pregunta 133,0
532,133,D,Opción D de la pregunta 133,1
533,134,A,Opción A de la pregunta 134,0
534,134,B,Opción B de la pregunta 134,1
535,134,C,Opción C de la pregunta 134,0
536,134,D,Opción D de la pregunta 134,0
537,135,A,Opción A de la pregunta 135,0
538,135,B,Opción B de la pregunta 135,0
539,135,C,Opción C de la pregunta 135,0
540,135,D,Opción D de la pregunta 135,1
541,136,A,Opción A de la pregunta 136,1
542,136,B,Opción B de la pregunta 136,0
543,136,C,Opción C de la pregunta 136,0
544,136,D,Opción D de la pregunta 136,0
545,137,A,Opción A de la pregunta 137,0
546,137,B,Opción B de la pregunta 137,0
547,137,C,Opción C de la pregunta 137,0
548,137,D,Opción D de la pregunta 137,1
549,138,A,Opción A de la pregunta 138,0
550,138,B,Opción B de la pregunta 138,0
551,138,C,Opción C de la pregunta 138,1
552,138,D,Opción D de la pregunta 138,0
553,139,A,Opción A de la pregunta 139,0
554,139,B,Opción B de la pregunta 139,0
555,139,C,Opción C de la pregunta 139,1
556,139,D,Opción D de la pregunta 139,0
557,140,A,Opción A de la pregunta 140,0
558,140,B,Opción B de la pregunta 140,0
559,140,C,Opción C de la pregunta 140,1
560,140,D,Opción D de la pregunta 140,0
561,141,A,Opción A de la pregunta 141,0
562,141,B,Opción B de la pregunta 141,1
563,141,C,Opción C de la pregunta 141,0
564,141,D,Opción D de la pregunta 141,0
565,142,A,Opción A de la pregunta 142,0
566,142,B,Opción B de la pregunta 142,0
567,142,C,Opción C de la pregunta 142,0
568,142,D,Opción D de la pregunta 142,1
569,143,A,Opción A de la pregunta 143,0
570,143,B,Opción B de la pregunta 143,1
571,143,C,Opción C de la pregunta 143,0
572,143,D,Opción D de la pregunta 143,0
573,144,A,Opción A de la pregunta 144,0
574,144,B,Opción B de la pregunta 144,0
575,144,C,Opción C de la pregunta 144,0
576,144,D,Opción D de la pregunta 144,1
577,145,A,Opción A de la pregunta 145,0
578,145,B,Opción B de la pregunta 145,0
579,145,C,Opción C de la pregunta 145,0
580,145,D,Opción D de la pregunta 145,1
581,146,A,Opción A de la pregunta 146,0
582,146,B,Opción B de la pregunta 146,1
583,146,C,Opción C de la pregunta 146,0
584,146,D,Opción D de la pregunta 146,0
585,147,A,Opción A de la pregunta 147,0
586,147,B,Opción B de la pregunta 147,0
587,147,C,Opción C de la pregunta 147,1
588,147,D,Opción D de la pregunta 147,0
589,148,A,Opción A de la pregunta 148,1
590,148,B,Opción B de la pregunta 148,0
591,148,C,Opción C de la pregunta 148,0
592,148,D,Opción D de la pregunta 148,0
593,149,A,Opción A de la pregunta 149,0
594,149,B,Opción B de la pregunta 149,0
595,149,C,Opción C de la pregunta 149,0
596,149,D,Opción D de la pregunta 149,1
597,150,A,Opción A de la pregunta 150,0
598,150,B,Opción B de la pregunta 150,0
599,150,C,Opción C de la pregunta 150,1
600,150,D,Opción D de la pregunta 150,0
601,151,A,Opción A de la pregunta 151,0
602,151,B,Opción B de la pregunta 151,0
603,151,C,Opción C de la pregunta 151,1
604,151,D,Opción D de la pregunta 151,0
605,152,A,Opción A de la pregunta 152,0
606,152,B,Opción B de la pregunta 152,0
607,152,C,Opción C de la pregunta 152,0
608,152,D,Opción D de la pregunta 152,1
609,153,A,Opción A de la pregunta 153,1
610,153,B,Opción B de la pregunta 153,0
611,153,C,Opción C de la pregunta 153,0
612,153,D,Opción D de la pregunta 153,0
613,154,A,Opción A de la pregunta 154,1
614,154,B,Opción B de la pregunta 154,0
615,154,C,Opción C de la pregunta 154,0
616,154,D,Opción D de la pregunta 154,0
617,155,A,Opción A de la pregunta 155,0
618,155,B,Opción B de la pregunta 155,0
619,155,C,Opción C de la pregunta 155,0
620,155,D,Opción D de la pregunta 155,1
621,156,A,Opción A de la pregunta 156,0
622,156,B,Opción B de la pregunta 156,1
623,156,C,Opción C de la pregunta 156,0
624,156,D,Opción D de la pregunta 156,0
625,157,A,Opción A de la pregunta 157,1
626,157,B,Opción B de la pregunta 157,0
627,157,C,Opción C de la pregunta 157,0
628,157,D,Opción D de la pregunta 157,0
629,158,A,Opción A de la pregunta 158,0
630,158,B,Opción B de la pregunta 158,1
631,158,C,Opción C de la pregunta 158,0
632,158,D,Opción D de la pregunta 158,0
633,159,A,Opción A de la pregunta 159,1
634,159,B,Opción B de la pregunta 159,0
635,159,C,Opción C de la pregunta 159,0
636,159,D,Opción D de la pregunta 159,0
637,160,A,Opción A de la pregunta 160,0
638,160,B,Opción B de la pregunta 160,0
639,160,C,Opción C de la pregunta 160,0
640,160,D,Opción D de la pregunta 160,1
641,161,A,Opción A de la pregunta 161,1
642,161,B,Opción B de la pregunta 161,0
643,161,C,Opción C de la pregunta 161,0
644,161,D,Opción D de la pregunta 161,0
645,162,A,Opción A de la pregunta 162,0
646,162,B,Opción B de la pregunta 162,1
647,162,C,Opción C de la pregunta 162,0
648,162,D,Opción D de la pregunta 162,0
649,163,A,Opción A de la pregunta 163,0
650,163,B,Opción B de la pregunta 163,1
651,163,C,Opción C de la pregunta 163,0
652,163,D,Opción D de la pregunta 163,0
653,164,A,Opción A de la pregunta 164,0
654,164,B,Opción B de la pregunta 164,0
655,164,C,Opción C de la pregunta 164,0
656,164,D,Opción D de la pregunta 164,1
657,165,A,Opción A de la pregunta 165,0
658,165,B,Opción B de la pregunta 165,0
659,165,C,Opción C de la pregunta 165,1
660,165,D,Opción D de la pregunta 165,0
661,166,A,Opción A de la pregunta 166,0
662,166,B,Opción B de la pregunta 166,0
663,166,C,Opción C de la pregunta 166,1
664,166,D,Opción D de la pregunta 166,0
665,167,A,Opción A de la pregunta 167,0
666,167,B,Opción B de la pregunta 167,0
667,167,C,Opción C de la pregunta 167,0
668,167,D,Opción D de la pregunta 167,1
669,168,A,Opción A de la pregunta 168,0
670,168,B,Opción B de la pregunta 168,0
671,168,C,Opción C de la pregunta 168,0
672,168,D,Opción D de la pregunta 168,1
673,169,A,Opción A de la pregunta 169,0
674,169,B,Opción B de la pregunta 169,0
675,169,C,Opción C de la pregunta 169,0
676,169,D,Opción D de la pregunta 169,1
677,170,A,Opción A de la pregunta 170,0
678,170,B,Opción B de la pregunta 170,0
679,170,C,Opción C de la pregunta 170,0
680,170,D,Opción D de la pregunta 170,1
681,171,A,Opción A de la pregunta 171,0
682,171,B,Opción B de la pregunta 171,1
683,171,C,Opción C de la pregunta 171,0
684,171,D,Opción D de la pregunta 171,0
685,172,A,Opción A de la pregunta 172,1
686,172,B,Opción B de la pregunta 172,0
687,172,C,Opción C de la pregunta 172,0
688,172,D,Opción D de la pregunta 172,0
689,173,A,Opción A de la pregunta 173,0
690,173,B,Opción B de la pregunta 173,0
691,173,C,Opción C de la pregunta 173,0
692,173,D,Opción D de la pregunta 173,1
693,174,A,Opción A de la pregunta 174,0
694,174,B,Opción B de la pregunta 174,0
695,174,C,Opción C de la pregunta 174,0
696,174,D,Opción D de la pregunta 174,1
697,175,A,Opción A de la pregunta 175,0
698,175,B,Opción B de la pregunta 175,1
699,175,C,Opción C de la pregunta 175,0
700,175,D,Opción D de la pregunta 175,0
701,176,A,Opción A de la pregunta 176,1
702,176,B,Opción B de la pregunta 176,0
703,176,C,Opción C de la pregunta 176,0
704,176,D,Opción D de la pregunta 176,0
705,177,A,Opción A de la pregunta 177,0
706,177,B,Opción B de la pregunta 177,0
707,177,C,Opción C de la pregunta 177,0
708,177,D,Opción D de la pregunta 177,1
709,178,A,Opción A de la pregunta 178,0
710,178,B,Opción B de la pregunta 178,0
711,178,C,Opción C de la pregunta 178,0
712,178,D,Opción D de la pregunta 178,1
713,179,A,Opción A de la pregunta 179,0
714,179,B,Opción B de la pregunta 179,0
715,179,C,Opción C de la pregunta 179,0
716,179,D,Opción D de la pregunta 179,1
717,180,A,Opción A de la pregunta 180,0
718,180,B,Opción B de la pregunta 180,0
719,180,C,Opción C de la pregunta 180,1
720,180,D,Opción D de la pregunta 180,0
721,181,A,Opción A de la pregunta 181,1
722,181,B,Opción B de la pregunta 181,0
723,181,C,Opción C de la pregunta 181,0
724,181,D,Opción D de la pregunta 181,0
725,182,A,Opción A de la pregunta 182,0
726,182,B,Opción B de la pregunta 182,0
727,182,C,Opción C de la pregunta 182,0
728,182,D,Opción D de la pregunta 182,1
729,183,A,Opción A de la pregunta 183,0
730,183,B,Opción B de la pregunta 183,1
731,183,C,Opción C de la pregunta 183,0
732,183,D,Opción D de la pregunta 183,0
733,184,A,Opción A de la pregunta 184,1
734,184,B,Opción B de la pregunta 184,0
735,184,C,Opción C de la pregunta 184,0
736,184,D,Opción D de la pregunta 184,0
737,185,A,Opción A de la pregunta 185,0
738,185,B,Opción B de la pregunta 185,0
739,185,C,Opción C de la pregunta 185,0
740,185,D,Opción D de la pregunta 185,1
741,186,A,Opción A de la pregunta 186,0
742,186,B,Opción B de la pregunta 186,0
743,186,C,Opción C de la pregunta 186,0
744,186,D,Opción D de la pregunta 186,1
745,187,A,Opción A de la pregunta 187,1
746,187,B,Opción B de la pregunta 187,0
747,187,C,Opción C de la pregunta 187,0
748,187,D,Opción D de la pregunta 187,0
749,188,A,Opción A de la pregunta 188,0
750,188,B,Opción B de la pregunta 188,1
751,188,C,Opción C de la pregunta 188,0
752,188,D,Opción D de la pregunta 188,0
753,189,A,Opción A de la pregunta 189,0
754,189,B,Opción B de la pregunta 189,0
755,189,C,Opción C de la pregunta 189,1
756,189,D,Opción D de la pregunta 189,0
757,190,A,Opción A de la pregunta 190,0
758,190,B,Opción B de la pregunta 190,0
759,190,C,Opción C de la pregunta 190,1
760,190,D,Opción D de la pregunta 190,0
761,191,A,Opción A de la pregunta 191,0
762,191,B,Opción B de la pregunta 191,1
763,191,C,Opción C de la pregunta 191,0
764,191,D,Opción D de la pregunta 191,0
765,192,A,Opción A de la pregunta 192,0
766,192,B,Opción B de la pregunta 192,1
767,192,C,Opción C de la pregunta 192,0
768,192,D,Opción D de la pregunta 192,0
769,193,A,Opción A de la pregunta 193,1
770,193,B,Opción B de la pregunta 193,0
771,193,C,Opción C de la pregunta 193,0
772,193,D,Opción D de la pregunta 193,0
773,194,A,Opción A de la pregunta 194,1
774,194,B,Opción B de la pregunta 194,0
775,194,C,Opción C de la pregunta 194,0
776,194,D,Opción D de la pregunta 194,0
777,195,A,Opción A de la pregunta 195,0
778,195,B,Opción B de la pregunta 195,0
779,195,C,Opción C de la pregunta 195,0
780,195,D,Opción D de la pregunta 195,1
781,196,A,Opción A de la pregunta 196,1
782,196,B,Opción B de la pregunta 196,0
783,196,C,Opción C de la pregunta 196,0
784,196,D,Opción D de la pregunta 196,0
785,197,A,Opción A de la pregunta 197,0
786,197,B,Opción B de la pregunta 197,0
787,197,C,Opción C de la pregunta 197,0
788,197,D,Opción D de la pregunta 197,1
789,198,A,Opción A de la pregunta 198,0
790,198,B,Opción B de la pregunta 198,1
791,198,C,Opción C de la pregunta 198,0
792,198,D,Opción D de la pregunta 198,0
793,199,A,Opción A de la pregunta 199,0
794,199,B,Opción B de la pregunta 199,1
795,199,C,Opción C de la pregunta 199,0
796,199,D,Opción D de la pregunta 199,0
797,200,A,Opción A de la pregunta 200,0
798,200,B,Opción B de la pregunta 200,0
799,200,C,Opción C de la pregunta 200,0
800,200,D,Opción D de la pregunta 200,1
801,201,A,Opción A de la pregunta 201,0
802,201,B,Opción B de la pregunta 201,0
803,201,C,Opción C de la pregunta 201,1
804,201,D,Opción D de la pregunta 201,0
805,202,A,Opción A de la pregunta 202,0
806,202,B,Opción B de la pregunta 202,0
807,202,C,Opción C de la pregunta 202,0
808,202,D,Opción D de la pregunta 202,1
809,203,A,Opción A de la pregunta 203,0
810,203,B,Opción B de la pregunta 203,1
811,203,C,Opción C de la pregunta 203,0
812,203,D,Opción D de la pregunta 203,0
813,204,A,Opción A de la pregunta 204,0
814,204,B,Opción B de la pregunta 204,0
815,204,C,Opción C de la pregunta 204,1
816,204,D,Opción D de la pregunta 204,0
817,205,A,Opción A de la pregunta 205,1
818,205,B,Opción B de la pregunta 205,0
819,205,C,Opción C de la pregunta 205,0
820,205,D,Opción D de la pregunta 205,0
821,206,A,Opción A de la pregunta 206,0
822,206,B,Opción B de la pregunta 206,0
823,206,C,Opción C de la pregunta 206,1
824,206,D,Opción D de la pregunta 206,0
825,207,A,Opción A de la pregunta 207,1
826,207,B,Opción B de la pregunta 207,0
827,207,C,Opción C de la pregunta 207,0
828,207,D,Opción D de la pregunta 207,0
829,208,A,Opción A de la pregunta 208,1
830,208,B,Opción B de la pregunta 208,0
831,208,C,Opción C de la pregunta 208,0
832,208,D,Opción D de la pregunta 208,0
833,209,A,Opción A de la pregunta 209,0
834,209,B,Opción B de la pregunta 209,1
835,209,C,Opción C de la pregunta 209,0
836,209,D,Opción D de la pregunta 209,0
837,210,A,Opción A de la pregunta 210,0
838,210,B,Opción B de la pregunta 210,0
839,210,C,Opción C de la pregunta 210,1
840,210,D,Opción D de la pregunta 210,0
841,211,A,Opción A de la pregunta 211,0
842,211,B,Opción B de la pregunta 211,0
843,211,C,Opción C de la pregunta 211,1
844,211,D,Opción D de la pregunta 211,0
845,212,A,Opción A de la pregunta 212,0
846,212,B,Opción B de la pregunta 212,0
847,212,C,Opción C de la pregunta 212,0
848,212,D,Opción D de la pregunta 212,1
849,213,A,Opción A de la pregunta 213,0
850,213,B,Opción B de la pregunta 213,0
851,213,C,Opción C de la pregunta 213,1
852,213,D,Opción D de la pregunta 213,0
853,214,A,Opción A de la pregunta 214,1
854,214,B,Opción B de la pregunta 214,0
855,214,C,Opción C de la pregunta 214,0
856,214,D,Opción D de la pregunta 214,0
857,215,A,Opción A de la pregunta 215,0
858,215,B,Opción B de la pregunta 215,0
859,215,C,Opción C de la pregunta 215,1
860,215,D,Opción D de la pregunta 215,0
861,216,A,Opción A de la pregunta 216,0
862,216,B,Opción B de la pregunta 216,0
863,216,C,Opción C de la pregunta 216,0
864,216,D,Opción D de la pregunta 216,1
865,217,A,Opción A de la pregunta 217,0
866,217,B,Opción B de la pregunta 217,0
867,217,C,Opción C de la pregunta 217,1
868,217,D,Opción D de la pregunta 217,0
869,218,A,Opción A de la pregunta 218,1
870,218,B,Opción B de la pregunta 218,0
871,218,C,Opción C de la pregunta 218,0
872,218,D,Opción D de la pregunta 218,0
873,219,A,Opción A de la pregunta 219,1
874,219,B,Opción B de la pregunta 219,0
875,219,C,Opción C de la pregunta 219,0
876,219,D,Opción D de la pregunta 219,0
877,220,A,Opción A de la pregunta 220,0
878,220,B,Opción B de la pregunta 220,0
879,220,C,Opción C de la pregunta 220,1
880,220,D,Opción D de la pregunta 220,0
881,221,A,Opción A de la pregunta 221,0
882,221,B,Opción B de la pregunta 221,1
883,221,C,Opción C de la pregunta 221,0
884,221,D,Opción D de la pregunta 221,0
885,222,A,Opción A de la pregunta 222,0
886,222,B,Opción B de la pregunta 222,0
887,222,C,Opción C de la pregunta 222,0
888,222,D,Opción D de la pregunta 222,1
889,223,A,Opción A de la pregunta 223,0
890,223,B,Opción B de la pregunta 223,0
891,223,C,Opción C de la pregunta 223,0
892,223,D,Opción D de la pregunta 223,1
893,224,A,Opción A de la pregunta 224,0
894,224,B,Opción B de la pregunta 224,0
895,224,C,Opción C de la pregunta 224,1
896,224,D,Opción D de la pregunta 224,0
897,225,A,Opción A de la pregunta 225,0
898,225,B,Opción B de la pregunta 225,0
899,225,C,Opción C de la pregunta 225,1
900,225,D,Opción D de la pregunta 225,0
901,226,A,Opción A de la pregunta 226,0
902,226,B,Opción B de la pregunta 226,1
903,226,C,Opción C de la pregunta 226,0
904,226,D,Opción D de la pregunta 226,0
905,227,A,Opción A de la pregunta 227,0
906,227,B,Opción B de la pregunta 227,0
907,227,C,Opción C de la pregunta 227,1
908,227,D,Opción D de la pregunta 227,0
909,228,A,Opción A de la pregunta 228,1
910,228,B,Opción B de la pregunta 228,0
911,228,C,Opción C de la pregunta 228,0
912,228,D,Opción D de la pregunta 228,0
913,229,A,Opción A de la pregunta 229,0
914,229,B,Opción B de la pregunta 229,0
915,229,C,Opción C de la pregunta 229,1
916,229,D,Opción D de la pregunta 229,0
917,230,A,Opción A de la pregunta 230,1
918,230,B,Opción B de la pregunta 230,0
919,230,C,Opción C de la pregunta 230,0
920,230,D,Opción D de la pregunta 230,0
921,231,A,Opción A de la pregunta 231,0
922,231,B,Opción B de la pregunta 231,1
923,231,C,Opción C de la pregunta 231,0
924,231,D,Opción D de la pregunta 231,0
925,232,A,Opción A de la pregunta 232,0
926,232,B,Opción B de la pregunta 232,0
927,232,C,Opción C de la pregunta 232,0
928,232,D,Opción D de la pregunta 232,1
929,233,A,Opción A de la pregunta 233,0
930,233,B,Opción B de la pregunta 233,0
931,233,C,Opción C de la pregunta 233,0
932,233,D,Opción D de la pregunta 233,1
933,234,A,Opción A de la pregunta 234,0
934,234,B,Opción B de la pregunta 234,1
935,234,C,Opción C de la pregunta 234,0
936,234,D,Opción D de la pregunta 234,0
937,235,A,Opción A de la pregunta 235,0
938,235,B,Opción B de la pregunta 235,0
939,235,C,Opción C de la pregunta 235,0
940,235,D,Opción D de la pregunta 235,1
941,236,A,Opción A de la pregunta 236,1
942,236,B,Opción B de la pregunta 236,0
943,236,C,Opción C de la pregunta 236,0
944,236,D,Opción D de la pregunta 236,0
945,237,A,Opción A de la pregunta 237,0
946,237,B,Opción B de la pregunta 237,1
947,237,C,Opción C de la pregunta 237,0
948,237,D,Opción D de la pregunta 237,0
949,238,A,Opción A de la pregunta 238,0
950,238,B,Opción B de la pregunta 238,0
951,238,C,Opción C de la pregunta 238,0
952,238,D,Opción D de la pregunta 238,1
953,239,A,Opción A de la pregunta 239,0
954,239,B,Opción B de la pregunta 239,1
955,239,C,Opción C de la pregunta 239,0
956,239,D,Opción D de la pregunta 239,0
957,240,A,Opción A de la pregunta 240,0
958,240,B,Opción B de la pregunta 240,0
959,240,C,Opción C de la pregunta 240,1
960,240,D,Opción D de la pregunta 240,0
961,241,A,Opción A de la pregunta 241,0
962,241,B,Opción B de la pregunta 241,1
963,241,C,Opción C de la pregunta 241,0
964,241,D,Opción D de la pregunta 241,0
965,242,A,Opción A de la pregunta 242,0
966,242,B,Opción B de la pregunta 242,0
967,242,C,Opción C de la pregunta 242,1
968,242,D,Opción D de la pregunta 242,0
969,243,A,Opción A de la pregunta 243,0
970,243,B,Opción B de la pregunta 243,0
971,243,C,Opción C de la pregunta 243,0
972,243,D,Opción D de la pregunta 243,1
973,244,A,Opción A de la pregunta 244,1
974,244,B,Opción B de la pregunta 244,0
975,244,C,Opción C de la pregunta 244,0
976,244,D,Opción D de la pregunta 244,0
977,245,A,Opción A de la pregunta 245,0
978,245,B,Opción B de la pregunta 245,0
979,245,C,Opción C de la pregunta 245,0
980,245,D,Opción D de la pregunta 245,1
981,246,A,Opción A de la pregunta 246,0
982,246,B,Opción B de la pregunta 246,1
983,246,C,Opción C de la pregunta 246,0
984,246,D,Opción D de la pregunta 246,0
985,247,A,Opción A de la pregunta 247,0
986,247,B,Opción B de la pregunta 247,0
987,247,C,Opción C de la pregunta 247,1
988,247,D,Opción D de la pregunta 247,0
989,248,A,Opción A de la pregunta 248,0
990,248,B,Opción B de la pregunta 248,1
991,248,C,Opción C de la pregunta 248,0
992,248,D,Opción D de la pregunta 248,0
993,249,A,Opción A de la pregunta 249,0
994,249,B,Opción B de la pregunta 249,0
995,249,C,Opción C de la pregunta 249,1
996,249,D,Opción D de la pregunta 249,0
997,250,A,Opción A de la pregunta 250,0
998,250,B,Opción B de la pregunta 250,0
999,250,C,Opción C de la pregunta 250,0
1000,250,D,Opción D de la pregunta 250,1
1001,251,A,Opción A de la pregunta 251,0
1002,251,B,Opción B de la pregunta 251,1
1003,251,C,Opción C de la pregunta 251,0
1004,251,D,Opción D de la pregunta 251,0
1005,252,A,Opción A de la pregunta 252,0
1006,252,B,Opción B de la pregunta 252,1
1007,252,C,Opción C de la pregunta 252,0
1008,252,D,Opción D de la pregunta 252,0
1009,253,A,Opción A de la pregunta 253,0
1010,253,B,Opción B de la pregunta 253,1
1011,253,C,Opción C de la pregunta 253,0
1012,253,D,Opción D de la pregunta 253,0
1013,254,A,Opción A de la pregunta 254,0
1014,254,B,Opción B de la pregunta 254,0
1015,254,C,Opción C de la pregunta 254,0
1016,254,D,Opción D de la pregunta 254,1
1017,255,A,Opción A de la pregunta 255,0
1018,255,B,Opción B de la pregunta 255,0
1019,255,C,Opción C de la pregunta 255,1
1020,255,D,Opción D de la pregunta 255,0
1021,256,A,Opción A de la pregunta 256,0
1022,256,B,Opción B de la pregunta 256,0
1023,256,C,Opción C de la pregunta 256,1
1024,256,D,Opción D de la pregunta 256,0
1025,257,A,Opción A de la pregunta 257,0
1026,257,B,Opción B de la pregunta 257,1
1027,257,C,Opción C de la pregunta 257,0
1028,257,D,Opción D de la pregunta 257,0
1029,258,A,Opción A de la pregunta 258,0
1030,258,B,Opción B de la pregunta 258,1
1031,258,C,Opción C de la pregunta 258,0
1032,258,D,Opción D de la pregunta 258,0
1033,259,A,Opción A de la pregunta 259,1
1034,259,B,Opción B de la pregunta 259,0
1035,259,C,Opción C de la pregunta 259,0
1036,259,D,Opción D de la pregunta 259,0
1037,260,A,Opción A de la pregunta 260,1
1038,260,B,Opción B de la pregunta 260,0
1039,260,C,Opción C de la pregunta 260,0
1040,260,D,Opción D de la pregunta 260,0
1041,261,A,Opción A de la pregunta 261,0
1042,261,B,Opción B de la pregunta 261,0
1043,261,C,Opción C de la pregunta 261,0
1044,261,D,Opción D de la pregunta 261,1
1045,262,A,Opción A de la pregunta 262,0
1046,262,B,Opción B de la pregunta 262,1
1047,262,C,Opción C de la pregunta 262,0
1048,262,D,Opción D de la pregunta 262,0
1049,263,A,Opción A de la pregunta 263,1
1050,263,B,Opción B de la pregunta 263,0
1051,263,C,Opción C de la pregunta 263,0
1052,263,D,Opción D de la pregunta 263,0
1053,264,A,Opción A de la pregunta 264,0
1054,264,B,Opción B de la pregunta 264,1
1055,264,C,Opción C de la pregunta 264,0
1056,264,D,Opción D de la pregunta 264,0
1057,265,A,Opción A de la pregunta 265,0
1058,265,B,Opción B de la pregunta 265,0
1059,265,C,Opción C de la pregunta 265,0
1060,265,D,Opción D de la pregunta 265,1
1061,266,A,Opción A de la pregunta 266,1
1062,266,B,Opción B de la pregunta 266,0
1063,266,C,Opción C de la pregunta 266,0
1064,266,D,Opción D de la pregunta 266,0
1065,267,A,Opción A de la pregunta 267,0
1066,267,B,Opción B de la pregunta 267,0
1067,267,C,Opción C de la pregunta 267,1
1068,267,D,Opción D de la pregunta 267,0
1069,268,A,Opción A de la pregunta 268,0
1070,268,B,Opción B de la pregunta 268,0
1071,268,C,Opción C de la pregunta 268,1
1072,268,D,Opción D de la pregunta 268,0
1073,269,A,Opción A de la pregunta 269,0
1074,269,B,Opción B de la pregunta 269,0
1075,269,C,Opción C de la pregunta 269,1
1076,269,D,Opción D de la pregunta 269,0
1077,270,A,Opción A de la pregunta 270,1
1078,270,B,Opción B de la pregunta 270,0
1079,270,C,Opción C de la pregunta 270,0
1080,270,D,Opción D de la pregunta 270,0
1081,271,A,Opción A de la pregunta 271,0
1082,271,B,Opción B de la pregunta 271,0
1083,271,C,Opción C de la pregunta 271,1
1084,271,D,Opción D de la pregunta 271,0
1085,272,A,Opción A de la pregunta 272,0
1086,272,B,Opción B de la pregunta 272,0
1087,272,C,Opción C de la pregunta 272,1
1088,272,D,Opción D de la pregunta 272,0
1089,273,A,Opción A de la pregunta 273,0
1090,273,B,Opción B de la pregunta 273,0
1091,273,C,Opción C de la pregunta 273,1
1092,273,D,Opción D de la pregunta 273,0
1093,274,A,Opción A de la pregunta 274,0
1094,274,B,Opción B de la pregunta 274,0
1095,274,C,Opción C de la pregunta 274,0
1096,274,D,Opción D de la pregunta 274,1
1097,275,A,Opción A de la pregunta 275,0
1098,275,B,Opción B de la pregunta 275,0
1099,275,C,Opción C de la pregunta 275,1
1100,275,D,Opción D de la pregunta 275,0
1101,276,A,Opción A de la pregunta 276,0
1102,276,B,Opción B de la pregunta 276,0
1103,276,C,Opción C de la pregunta 276,1
1104,276,D,Opción D de la pregunta 276,0
1105,277,A,Opción A de la pregunta 277,0
1106,277,B,Opción B de la pregunta 277,0
1107,277,C,Opción C de la pregunta 277,0
1108,277,D,Opción D de la pregunta 277,1
1109,278,A,Opción A de la pregunta 278,0
1110,278,B,Opción B de la pregunta 278,0
1111,278,C,Opción C de la pregunta 278,0
1112,278,D,Opción D de la pregunta 278,1
1113,279,A,Opción A de la pregunta 279,1
1114,279,B,Opción B de la pregunta 279,0
1115,279,C,Opción C de la pregunta 279,0
1116,279,D,Opción D de la pregunta 279,0
1117,280,A,Opción A de la pregunta 280,0
1118,280,B,Opción B de la pregunta 280,0
1119,280,C,Opción C de la pregunta 280,0
1120,280,D,Opción D de la pregunta 280,1
1121,281,A,Opción A de la pregunta 281,1
1122,281,B,Opción B de la pregunta 281,0
1123,281,C,Opción C de la pregunta 281,0
1124,281,D,Opción D de la pregunta 281,0
1125,282,A,Opción A de la pregunta 282,0
1126,282,B,Opción B de la pregunta 282,0
1127,282,C,Opción C de la pregunta 282,0
1128,282,D,Opción D de la pregunta 282,1
1129,283,A,Opción A de la pregunta 283,0
1130,283,B,Opción B de la pregunta 283,1
1131,283,C,Opción C de la pregunta 283,0
1132,283,D,Opción D de la pregunta 283,0
1133,284,A,Opción A de la pregunta 284,0
1134,284,B,Opción B de la pregunta 284,1
1135,284,C,Opción C de la pregunta 284,0
1136,284,D,Opción D de la pregunta 284,0
1137,285,A,Opción A de la pregunta 285,1
1138,285,B,Opción B de la pregunta 285,0
1139,285,C,Opción C de la pregunta 285,0
1140,285,D,Opción D de la pregunta 285,0
1141,286,A,Opción A de la pregunta 286,0
1142,286,B,Opción B de la pregunta 286,0
1143,286,C,Opción C de la pregunta 286,0
1144,286,D,Opción D de la pregunta 286,1
1145,287,A,Opción A de la pregunta 287,1
1146,287,B,Opción B de la pregunta 287,0
1147,287,C,Opción C de la pregunta 287,0
1148,287,D,Opción D de la pregunta 287,0
1149,288,A,Opción A de la pregunta 288,0
1150,288,B,Opción B de la pregunta 288,0
1151,288,C,Opción C de la pregunta 288,1
1152,288,D,Opción D de la pregunta 288,0
1153,289,A,Opción A de la pregunta 289,0
1154,289,B,Opción B de la pregunta 289,0
1155,289,C,Opción C de la pregunta 289,1
1156,289,D,Opción D de la pregunta 289,0
1157,290,A,Opción A de la pregunta 290,0
1158,290,B,Opción B de la pregunta 290,0
1159,290,C,Opción C de la pregunta 290,0
1160,290,D,Opción D de la pregunta 290,1
1161,291,A,Opción A de la pregunta 291,0
1162,291,B,Opción B de la pregunta 291,0
1163,291,C,Opción C de la pregunta 291,1
1164,291,D,Opción D de la pregunta 291,0
1165,292,A,Opción A de la pregunta 292,1
1166,292,B,Opción B de la pregunta 292,0
1167,292,C,Opción C de la pregunta 292,0
1168,292,D,Opción D de la pregunta 292,0
1169,293,A,Opción A de la pregunta 293,0
1170,293,B,Opción B de la pregunta 293,0
1171,293,C,Opción C de la pregunta 293,0
1172,293,D,Opción D de la pregunta 293,1
1173,294,A,Opción A de la pregunta 294,0
1174,294,B,Opción B de la pregunta 294,0
1175,294,C,Opción C de la pregunta 294,0
1176,294,D,Opción D de la pregunta 294,1
1177,295,A,Opción A de la pregunta 295,1
1178,295,B,Opción B de la pregunta 295,0
1179,295,C,Opción C de la pregunta 295,0
1180,295,D,Opción D de la pregunta 295,0
1181,296,A,Opción A de la pregunta 296,0
1182,296,B,Opción B de la pregunta 296,0
1183,296,C,Opción C de la pregunta 296,1
1184,296,D,Opción D de la pregunta 296,0
1185,297,A,Opción A de la pregunta 297,0
1186,297,B,Opción B de la pregunta 297,0
1187,297,C,Opción C de la pregunta 297,1
1188,297,D,Opción D de la pregunta 297,0
1189,298,A,Opción A de la pregunta 298,0
1190,298,B,Opción B de la pregunta 298,1
1191,298,C,Opción C de la pregunta 298,0
1192,298,D,Opción D de la pregunta 298,0
1193,299,A,Opción A de la pregunta 299,0
1194,299,B,Opción B de la pregunta 299,0
1195,299,C,Opción C de la pregunta 299,0
1196,299,D,Opción D de la pregunta 299,1
1197,300,A,Opción A de la pregunta 300,1
1198,300,B,Opción B de la pregunta 300,0
1199,300,C,Opción C de la pregunta 300,0
1200,300,D,Opción D de la pregunta 300,0
1201,301,A,Opción A de la pregunta 301,1
1202,301,B,Opción B de la pregunta 301,0
1203,301,C,Opción C de la pregunta 301,0
1204,301,D,Opción D de la pregunta 301,0
1205,302,A,Opción A de la pregunta 302,0
1206,302,B,Opción B de la pregunta 302,1
1207,302,C,Opción C de la pregunta 302,0
1208,302,D,Opción D de la pregunta 302,0
1209,303,A,Opción A de la pregunta 303,1
1210,303,B,Opción B de la pregunta 303,0
1211,303,C,Opción C de la pregunta 303,0
1212,303,D,Opción D de la pregunta 303,0
1213,304,A,Opción A de la pregunta 304,0
1214,304,B,Opción B de la pregunta 304,0
1215,304,C,Opción C de la pregunta 304,1
1216,304,D,Opción D de la pregunta 304,0
1217,305,A,Opción A de la pregunta 305,0
1218,305,B,Opción B de la pregunta 305,1
1219,305,C,Opción C de la pregunta 305,0
1220,305,D,Opción D de la pregunta 305,0
1221,306,A,Opción A de la pregunta 306,0
1222,306,B,Opción B de la pregunta 306,0
1223,306,C,Opción C de la pregunta 306,0
1224,306,D,Opción D de la pregunta 306,1
1225,307,A,Opción A de la pregunta 307,1
1226,307,B,Opción B de la pregunta 307,0
1227,307,C,Opción C de la pregunta 307,0
1228,307,D,Opción D de la pregunta 307,0
1229,308,A,Opción A de la pregunta 308,0
1230,308,B,Opción B de la pregunta 308,1
1231,308,C,Opción C de la pregunta 308,0
1232,308,D,Opción D de la pregunta 308,0
1233,309,A,Opción A de la pregunta 309,0
1234,309,B,Opción B de la pregunta 309,1
1235,309,C,Opción C de la pregunta 309,0
1236,309,D,Opción D de la pregunta 309,0
1237,310,A,Opción A de la pregunta 310,0
1238,310,B,Opción B de la pregunta 310,1
1239,310,C,Opción C de la pregunta 310,0
1240,310,D,Opción D de la pregunta 310,0
1241,311,A,Opción A de la pregunta 311,0
1242,311,B,Opción B de la pregunta 311,0
1243,311,C,Opción C de la pregunta 311,1
1244,311,D,Opción D de la pregunta 311,0
1245,312,A,Opción A de la pregunta 312,1
1246,312,B,Opción B de la pregunta 312,0
1247,312,C,Opción C de la pregunta 312,0
1248,312,D,Opción D de la pregunta 312,0
1249,313,A,Opción A de la pregunta 313,0
1250,313,B,Opción B de la pregunta 313,0
1251,313,C,Opción C de la pregunta 313,1
1252,313,D,Opción D de la pregunta 313,0
1253,314,A,Opción A de la pregunta 314,0
1254,314,B,Opción B de la pregunta 314,0
1255,314,C,Opción C de la pregunta 314,1
1256,314,D,Opción D de la pregunta 314,0
1257,315,A,Opción A de la pregunta 315,0
1258,315,B,Opción B de la pregunta 315,1
1259,315,C,Opción C de la pregunta 315,0
1260,315,D,Opción D de la pregunta 315,0
1261,316,A,Opción A de la pregunta 316,0
1262,316,B,Opción B de la pregunta 316,0
1263,316,C,Opción C de la pregunta 316,1
1264,316,D,Opción D de la pregunta 316,0
1265,317,A,Opción A de la pregunta 317,1
1266,317,B,Opción B de la pregunta 317,0
1267,317,C,Opción C de la pregunta 317,0
1268,317,D,Opción D de la pregunta 317,0
1269,318,A,Opción A de la pregunta 318,0
1270,318,B,Opción B de la pregunta 318,1
1271,318,C,Opción C de la pregunta 318,0
1272,318,D,Opción D de la pregunta 318,0
1273,319,A,Opción A de la pregunta 319,1
1274,319,B,Opción B de la pregunta 319,0
1275,319,C,Opción C de la pregunta 319,0
1276,319,D,Opción D de la pregunta 319,0
1277,320,A,Opción A de la pregunta 320,1
1278,320,B,Opción B de la pregunta 320,0
1279,320,C,Opción C de la pregunta 320,0
1280,320,D,Opción D de la pregunta 320,0
1281,321,A,Opción A de la pregunta 321,1
1282,321,B,Opción B de la pregunta 321,0
1283,321,C,Opción C de la pregunta 321,0
1284,321,D,Opción D de la pregunta 321,0
1285,322,A,Opción A de la pregunta 322,0
1286,322,B,Opción B de la pregunta 322,1
1287,322,C,Opción C de la pregunta 322,0
1288,322,D,Opción D de la pregunta 322,0
1289,323,A,Opción A de la pregunta 323,0
1290,323,B,Opción B de la pregunta 323,0
1291,323,C,Opción C de la pregunta 323,1
1292,323,D,Opción D de la pregunta 323,0
1293,324,A,Opción A de la pregunta 324,1
1294,324,B,Opción B de la pregunta 324,0
1295,324,C,Opción C de la pregunta 324,0
1296,324,D,Opción D de la pregunta 324,0
1297,325,A,Opción A de la pregunta 325,0
1298,325,B,Opción B de la pregunta 325,0
1299,325,C,Opción C de la pregunta 325,0
1300,325,D,Opción D de la pregunta 325,1
1301,326,A,Opción A de la pregunta 326,0
1302,326,B,Opción B de la pregunta 326,0
1303,326,C,Opción C de la pregunta 326,1
1304,326,D,Opción D de la pregunta 326,0
1305,327,A,Opción A de la pregunta 327,0
1306,327,B,Opción B de la pregunta 327,1
1307,327,C,Opción C de la pregunta 327,0
1308,327,D,Opción D de la pregunta 327,0
1309,328,A,Opción A de la pregunta 328,0
1310,328,B,Opción B de la pregunta 328,0
1311,328,C,Opción C de la pregunta 328,1
1312,328,D,Opción D de la pregunta 328,0
1313,329,A,Opción A de la pregunta 329,0
1314,329,B,Opción B de la pregunta 329,0
1315,329,C,Opción C de la pregunta 329,0
1316,329,D,Opción D de la pregunta 329,1
1317,330,A,Opción A de la pregunta 330,0
1318,330,B,Opción B de la pregunta 330,1
1319,330,C,Opción C de la pregunta 330,0
1320,330,D,Opción D de la pregunta 330,0
1321,331,A,Opción A de la pregunta 331,0
1322,331,B,Opción B de la pregunta 331,1
1323,331,C,Opción C de la pregunta 331,0
1324,331,D,Opción D de la pregunta 331,0
1325,332,A,Opción A de la pregunta 332,0
1326,332,B,Opción B de la pregunta 332,1
1327,332,C,Opción C de la pregunta 332,0
1328,332,D,Opción D de la pregunta 332,0
1329,333,A,Opción A de la pregunta 333,0
1330,333,B,Opción B de la pregunta 333,1
1331,333,C,Opción C de la pregunta 333,0
1332,333,D,Opción D de la pregunta 333,0
1333,334,A,Opción A de la pregunta 334,1
1334,334,B,Opción B de la pregunta 334,0
1335,334,C,Opción C de la pregunta 334,0
1336,334,D,Opción D de la pregunta 334,0
1337,335,A,Opción A de la pregunta 335,1
1338,335,B,Opción B de la pregunta 335,0
1339,335,C,Opción C de la pregunta 335,0
1340,335,D,Opción D de la pregunta 335,0
1341,336,A,Opción A de la pregunta 336,0
1342,336,B,Opción B de la pregunta 336,1
1343,336,C,Opción C de la pregunta 336,0
1344,336,D,Opción D de la pregunta 336,0
1345,337,A,Opción A de la pregunta 337,0
1346,337,B,Opción B de la pregunta 337,1
1347,337,C,Opción C de la pregunta 337,0
1348,337,D,Opción D de la pregunta 337,0
1349,338,A,Opción A de la pregunta 338,0
1350,338,B,Opción B de la pregunta 338,0
1351,338,C,Opción C de la pregunta 338,1
1352,338,D,Opción D de la pregunta 338,0
1353,339,A,Opción A de la pregunta 339,0
1354,339,B,Opción B de la pregunta 339,1
1355,339,C,Opción C de la pregunta 339,0
1356,339,D,Opción D de la pregunta 339,0
1357,340,A,Opción A de la pregunta 340,0
1358,340,B,Opción B de la pregunta 340,1
1359,340,C,Opción C de la pregunta 340,0
1360,340,D,Opción D de la pregunta 340,0
1361,341,A,Opción A de la pregunta 341,0
1362,341,B,Opción B de la pregunta 341,0
1363,341,C,Opción C de la pregunta 341,1
1364,341,D,Opción D de la pregunta 341,0
1365,342,A,Opción A de la pregunta 342,0
1366,342,B,Opción B de la pregunta 342,0
1367,342,C,Opción C de la pregunta 342,0
1368,342,D,Opción D de la pregunta 342,1
1369,343,A,Opción A de la pregunta 343,0
1370,343,B,Opción B de la pregunta 343,0
1371,343,C,Opción C de la pregunta 343,0
1372,343,D,Opción D de la pregunta 343,1
1373,344,A,Opción A de la pregunta 344,0
1374,344,B,Opción B de la pregunta 344,0
1375,344,C,Opción C de la pregunta 344,1
1376,344,D,Opción D de la pregunta 344,0
1377,345,A,Opción A de la pregunta 345,0
1378,345,B,Opción B de la pregunta 345,0
1379,345,C,Opción C de la pregunta 345,1
1380,345,D,Opción D de la pregunta 345,0
1381,346,A,Opción A de la pregunta 346,0
1382,346,B,Opción B de la pregunta 346,1
1383,346,C,Opción C de la pregunta 346,0
1384,346,D,Opción D de la pregunta 346,0
1385,347,A,Opción A de la pregunta 347,0
1386,347,B,Opción B de la pregunta 347,0
1387,347,C,Opción C de la pregunta 347,0
1388,347,D,Opción D de la pregunta 347,1
1389,348,A,Opción A de la pregunta 348,0
1390,348,B,Opción B de la pregunta 348,0
1391,348,C,Opción C de la pregunta 348,1
1392,348,D,Opción D de la pregunta 348,0
1393,349,A,Opción A de la pregunta 349,0
1394,349,B,Opción B de la pregunta 349,0
1395,349,C,Opción C de la pregunta 349,1
1396,349,D,Opción D de la pregunta 349,0
1397,350,A,Opción A de la pregunta 350,1
1398,350,B,Opción B de la pregunta 350,0
1399,350,C,Opción C de la pregunta 350,0
1400,350,D,Opción D de la pregunta 350,0
1401,351,A,Opción A de la pregunta 351,0
1402,351,B,Opción B de la pregunta 351,0
1403,351,C,Opción C de la pregunta 351,0
1404,351,D,Opción D de la pregunta 351,1
1405,352,A,Opción A de la pregunta 352,0
1406,352,B,Opción B de la pregunta 352,1
1407,352,C,Opción C de la pregunta 352,0
1408,352,D,Opción D de la pregunta 352,0
1409,353,A,Opción A de la pregunta 353,0
1410,353,B,Opción B de la pregunta 353,0
1411,353,C,Opción C de la pregunta 353,0
1412,353,D,Opción D de la pregunta 353,1
1413,354,A,Opción A de la pregunta 354,1
1414,354,B,Opción B de la pregunta 354,0
1415,354,C,Opción C de la pregunta 354,0
1416,354,D,Opción D de la pregunta 354,0
1417,355,A,Opción A de la pregunta 355,0
1418,355,B,Opción B de la pregunta 355,0
1419,355,C,Opción C de la pregunta 355,1
1420,355,D,Opción D de la pregunta 355,0
1421,356,A,Opción A de la pregunta 356,0
1422,356,B,Opción B de la pregunta 356,0
1423,356,C,Opción C de la pregunta 356,1
1424,356,D,Opción D de la pregunta 356,0
1425,357,A,Opción A de la pregunta 357,0
1426,357,B,Opción B de la pregunta 357,1
1427,357,C,Opción C de la pregunta 357,0
1428,357,D,Opción D de la pregunta 357,0
1429,358,A,Opción A de la pregunta 358,0
1430,358,B,Opción B de la pregunta 358,1
1431,358,C,Opción C de la pregunta 358,0
1432,358,D,Opción D de la pregunta 358,0
1433,359,A,Opción A de la pregunta 359,0
1434,359,B,Opción B de la pregunta 359,1
1435,359,C,Opción C de la pregunta 359,0
1436,359,D,Opción D de la pregunta 359,0
1437,360,A,Opción A de la pregunta 360,0
1438,360,B,Opción B de la pregunta 360,0
1439,360,C,Opción C de la pregunta 360,1
1440,360,D,Opción D de la pregunta 360,0
1441,361,A,Opción A de la pregunta 361,1
1442,361,B,Opción B de la pregunta 361,0
1443,361,C,Opción C de la pregunta 361,0
1444,361,D,Opción D de la pregunta 361,0
1445,362,A,Opción A de la pregunta 362,0
1446,362,B,Opción B de la pregunta 362,1
1447,362,C,Opción C de la pregunta 362,0
1448,362,D,Opción D de la pregunta 362,0
1449,363,A,Opción A de la pregunta 363,0
1450,363,B,Opción B de la pregunta 363,0
1451,363,C,Opción C de la pregunta 363,0
1452,363,D,Opción D de la pregunta 363,1
1453,364,A,Opción A de la pregunta 364,0
1454,364,B,Opción B de la pregunta 364,0
1455,364,C,Opción C de la pregunta 364,1
1456,364,D,Opción D de la pregunta 364,0
1457,365,A,Opción A de la pregunta 365,0
1458,365,B,Opción B de la pregunta 365,1
1459,365,C,Opción C de la pregunta 365,0
1460,365,D,Opción D de la pregunta 365,0
1461,366,A,Opción A de la pregunta 366,1
1462,366,B,Opción B de la pregunta 366,0
1463,366,C,Opción C de la pregunta 366,0
1464,366,D,Opción D de la pregunta 366,0
1465,367,A,Opción A de la pregunta 367,0
1466,367,B,Opción B de la pregunta 367,1
1467,367,C,Opción C de la pregunta 367,0
1468,367,D,Opción D de la pregunta 367,0
1469,368,A,Opción A de la pregunta 368,0
1470,368,B,Opción B de la pregunta 368,0
1471,368,C,Opción C de la pregunta 368,1
1472,368,D,Opción D de la pregunta 368,0
1473,369,A,Opción A de la pregunta 369,1
1474,369,B,Opción B de la pregunta 369,0
1475,369,C,Opción C de la pregunta 369,0
1476,369,D,Opción D de la pregunta 369,0
1477,370,A,Opción A de la pregunta 370,1
1478,370,B,Opción B de la pregunta 370,0
1479,370,C,Opción C de la pregunta 370,0
1480,370,D,Opción D de la pregunta 370,0
1481,371,A,Opción A de la pregunta 371,0
1482,371,B,Opción B de la pregunta 371,1
1483,371,C,Opción C de la pregunta 371,0
1484,371,D,Opción D de la pregunta 371,0
1485,372,A,Opción A de la pregunta 372,0
1486,372,B,Opción B de la pregunta 372,0
1487,372,C,Opción C de la pregunta 372,1
1488,372,D,Opción D de la pregunta 372,0
1489,373,A,Opción A de la pregunta 373,0
1490,373,B,Opción B de la pregunta 373,0
1491,373,C,Opción C de la pregunta 373,1
1492,373,D,Opción D de la pregunta 373,0
1493,374,A,Opción A de la pregunta 374,1
1494,374,B,Opción B de la pregunta 374,0
1495,374,C,Opción C de la pregunta 374,0
1496,374,D,Opción D de la pregunta 374,0
1497,375,A,Opción A de la pregunta 375,1
1498,375,B,Opción B de la pregunta 375,0
1499,375,C,Opción C de la pregunta 375,0
1500,375,D,Opción D de la pregunta 375,0
1501,376,A,Opción A de la pregunta 376,0
1502,376,B,Opción B de la pregunta 376,1
1503,376,C,Opción C de la pregunta 376,0
1504,376,D,Opción D de la pregunta 376,0
1505,377,A,Opción A de la pregunta 377,1
1506,377,B,Opción B de la pregunta 377,0
1507,377,C,Opción C de la pregunta 377,0
1508,377,D,Opción D de la pregunta 377,0
1509,378,A,Opción A de la pregunta 378,0
1510,378,B,Opción B de la pregunta 378,0
1511,378,C,Opción C de la pregunta 378,0
1512,378,D,Opción D de la pregunta 378,1
1513,379,A,Opción A de la pregunta 379,0
1514,379,B,Opción B de la pregunta 379,1
1515,379,C,Opción C de la pregunta 379,0
1516,379,D,Opción D de la pregunta 379,0
1517,380,A,Opción A de la pregunta 380,0
1518,380,B,Opción B de la pregunta 380,0
1519,380,C,Opción C de la pregunta 380,1
1520,380,D,Opción D de la pregunta 380,0
1521,381,A,Opción A de la pregunta 381,0
1522,381,B,Opción B de la pregunta 381,0
1523,381,C,Opción C de la pregunta 381,1
1524,381,D,Opción D de la pregunta 381,0
1525,382,A,Opción A de la pregunta 382,0
1526,382,B,Opción B de la pregunta 382,1
1527,382,C,Opción C de la pregunta 382,0
1528,382,D,Opción D de la pregunta 382,0
1529,383,A,Opción A de la pregunta 383,0
1530,383,B,Opción B de la pregunta 383,1
1531,383,C,Opción C de la pregunta 383,0
1532,383,D,Opción D de la pregunta 383,0
1533,384,A,Opción A de la pregunta 384,0
1534,384,B,Opción B de la pregunta 384,1
1535,384,C,Opción C de la pregunta 384,0
1536,384,D,Opción D de la pregunta 384,0
1537,385,A,Opción A de la pregunta 385,0
1538,385,B,Opción B de la pregunta 385,0
1539,385,C,Opción C de la pregunta 385,1
1540,385,D,Opción D de la pregunta 385,0
1541,386,A,Opción A de la pregunta 386,0
1542,386,B,Opción B de la pregunta 386,0
1543,386,C,Opción C de la pregunta 386,1
1544,386,D,Opción D de la pregunta 386,0
1545,387,A,Opción A de la pregunta 387,0
1546,387,B,Opción B de la pregunta 387,0
1547,387,C,Opción C de la pregunta 387,1
1548,387,D,Opción D de la pregunta 387,0
1549,388,A,Opción A de la pregunta 388,0
1550,388,B,Opción B de la pregunta 388,0
1551,388,C,Opción C de la pregunta 388,1
1552,388,D,Opción D de la pregunta 388,0
1553,389,A,Opción A de la pregunta 389,1
1554,389,B,Opción B de la pregunta 389,0
1555,389,C,Opción C de la pregunta 389,0
1556,389,D,Opción D de la pregunta 389,0
1557,390,A,Opción A de la pregunta 390,0
1558,390,B,Opción B de la pregunta 390,0
1559,390,C,Opción C de la pregunta 390,0
1560,390,D,Opción D de la pregunta 390,1
1561,391,A,Opción A de la pregunta 391,0
1562,391,B,Opción B de la pregunta 391,0
1563,391,C,Opción C de la pregunta 391,1
1564,391,D,Opción D de la pregunta 391,0
1565,392,A,Opción A de la pregunta 392,0
1566,392,B,Opción B de la pregunta 392,0
1567,392,C,Opción C de la pregunta 392,1
1568,392,D,Opción D de la pregunta 392,0
1569,393,A,Opción A de la pregunta 393,0
1570,393,B,Opción B de la pregunta 393,1
1571,393,C,Opción C de la pregunta 393,0
1572,393,D,Opción D de la pregunta 393,0
1573,394,A,Opción A de la pregunta 394,0
1574,394,B,Opción B de la pregunta 394,0
1575,394,C,Opción C de la pregunta 394,0
1576,394,D,Opción D de la pregunta 394,1
1577,395,A,Opción A de la pregunta 395,0
1578,395,B,Opción B de la pregunta 395,1
1579,395,C,Opción C de la pregunta 395,0
1580,395,D,Opción D de la pregunta 395,0
1581,396,A,Opción A de la pregunta 396,0
1582,396,B,Opción B de la pregunta 396,0
1583,396,C,Opción C de la pregunta 396,1
1584,396,D,Opción D de la pregunta 396,0
1585,397,A,Opción A de la pregunta 397,0
1586,397,B,Opción B de la pregunta 397,0
1587,397,C,Opción C de la pregunta 397,0
1588,397,D,Opción D de la pregunta 397,1
1589,398,A,Opción A de la pregunta 398,0
1590,398,B,Opción B de la pregunta 398,0
1591,398,C,Opción C de la pregunta 398,1
1592,398,D,Opción D de la pregunta 398,0
1593,399,A,Opción A de la pregunta 399,1
1594,399,B,Opción B de la pregunta 399,0
1595,399,C,Opción C de la pregunta 399,0
1596,399,D,Opción D de la pregunta 399,0
1597,400,A,Opción A de la pregunta 400,1
1598,400,B,Opción B de la pregunta 400,0
1599,400,C,Opción C de la pregunta 400,0
1600,400,D,Opción D de la pregunta 400,0
1601,401,A,Opción A de la pregunta 401,0
1602,401,B,Opción B de la pregunta 401,1
1603,401,C,Opción C de la pregunta 401,0
1604,401,D,Opción D de la pregunta 401,0
1605,402,A,Opción A de la pregunta 402,1
1606,402,B,Opción B de la pregunta 402,0
1607,402,C,Opción C de la pregunta 402,0
1608,402,D,Opción D de la pregunta 402,0
1609,403,A,Opción A de la pregunta 403,0
1610,403,B,Opción B de la pregunta 403,1
1611,403,C,Opción C de la pregunta 403,0
1612,403,D,Opción D de la pregunta 403,0
1613,404,A,Opción A de la pregunta 404,0
1614,404,B,Opción B de la pregunta 404,0
1615,404,C,Opción C de la pregunta 404,0
1616,404,D,Opción D de la pregunta 404,1
1617,405,A,Opción A de la pregunta 405,1
1618,405,B,Opción B de la pregunta 405,0
1619,405,C,Opción C de la pregunta 405,0
1620,405,D,Opción D de la pregunta 405,0
1621,406,A,Opción A de la pregunta 406,0
1622,406,B,Opción B de la pregunta 406,0
1623,406,C,Opción C de la pregunta 406,1
1624,406,D,Opción D de la pregunta 406,0
1625,407,A,Opción A de la pregunta 407,0
1626,407,B,Opción B de la pregunta 407,1
1627,407,C,Opción C de la pregunta 407,0
1628,407,D,Opción D de la pregunta 407,0
1629,408,A,Opción A de la pregunta 408,1
1630,408,B,Opción B de la pregunta 408,0
1631,408,C,Opción C de la pregunta 408,0
1632,408,D,Opción D de la pregunta 408,0
1633,409,A,Opción A de la pregunta 409,0
1634,409,B,Opción B de la pregunta 409,0
1635,409,C,Opción C de la pregunta 409,1
1636,409,D,Opción D de la pregunta 409,0
1637,410,A,Opción A de la pregunta 410,0
1638,410,B,Opción B de la pregunta 410,0
1639,410,C,Opción C de la pregunta 410,1
1640,410,D,Opción D de la pregunta 410,0
1641,411,A,Opción A de la pregunta 411,0
1642,411,B,Opción B de la pregunta 411,0
1643,411,C,Opción C de la pregunta 411,1
1644,411,D,Opción D de la pregunta 411,0
1645,412,A,Opción A de la pregunta 412,0
1646,412,B,Opción B de la pregunta 412,0
1647,412,C,Opción C de la pregunta 412,0
1648,412,D,Opción D de la pregunta 412,1
1649,413,A,Opción A de la pregunta 413,0
1650,413,B,Opción B de la pregunta 413,1
1651,413,C,Opción C de la pregunta 413,0
1652,413,D,Opción D de la pregunta 413,0
1653,414,A,Opción A de la pregunta 414,1
1654,414,B,Opción B de la pregunta 414,0
1655,414,C,Opción C de la pregunta 414,0
1656,414,D,Opción D de la pregunta 414,0
1657,415,A,Opción A de la pregunta 415,0
1658,415,B,Opción B de la pregunta 415,0
1659,415,C,Opción C de la pregunta 415,1
1660,415,D,Opción D de la pregunta 415,0
1661,416,A,Opción A de la pregunta 416,0
1662,416,B,Opción B de la pregunta 416,0
1663,416,C,Opción C de la pregunta 416,0
1664,416,D,Opción D de la pregunta 416,1
1665,417,A,Opción A de la pregunta 417,0
1666,417,B,Opción B de la pregunta 417,0
1667,417,C,Opción C de la pregunta 417,0
1668,417,D,Opción D de la pregunta 417,1
1669,418,A,Opción A de la pregunta 418,0
1670,418,B,Opción B de la pregunta 418,0
1671,418,C,Opción C de la pregunta 418,1
1672,418,D,Opción D de la pregunta 418,0
1673,419,A,Opción A de la pregunta 419,0
1674,419,B,Opción B de la pregunta 419,0
1675,419,C,Opción C de la pregunta 419,1
1676,419,D,Opción D de la pregunta 419,0
1677,420,A,Opción A de la pregunta 420,0
1678,420,B,Opción B de la pregunta 420,1
1679,420,C,Opción C de la pregunta 420,0
1680,420,D,Opción D de la pregunta 420,0
1681,421,A,Opción A de la pregunta 421,0
1682,421,B,Opción B de la pregunta 421,1
1683,421,C,Opción C de la pregunta 421,0
1684,421,D,Opción D de la pregunta 421,0
1685,422,A,Opción A de la pregunta 422,0
1686,422,B,Opción B de la pregunta 422,1
1687,422,C,Opción C de la pregunta 422,0
1688,422,D,Opción D de la pregunta 422,0
1689,423,A,Opción A de la pregunta 423,0
1690,423,B,Opción B de la pregunta 423,0
1691,423,C,Opción C de la pregunta 423,0
1692,423,D,Opción D de la pregunta 423,1
1693,424,A,Opción A de la pregunta 424,1
1694,424,B,Opción B de la pregunta 424,0
1695,424,C,Opción C de la pregunta 424,0
1696,424,D,Opción D de la pregunta 424,0
1697,425,A,Opción A de la pregunta 425,0
1698,425,B,Opción B de la pregunta 425,0
1699,425,C,Opción C de la pregunta 425,0
1700,425,D,Opción D de la pregunta 425,1
1701,426,A,Opción A de la pregunta 426,0
1702,426,B,Opción B de la pregunta 426,0
1703,426,C,Opción C de la pregunta 426,1
1704,426,D,Opción D de la pregunta 426,0
1705,427,A,Opción A de la pregunta 427,1
1706,427,B,Opción B de la pregunta 427,0
1707,427,C,Opción C de la pregunta 427,0
1708,427,D,Opción D de la pregunta 427,0
1709,428,A,Opción A de la pregunta 428,1
1710,428,B,Opción B de la pregunta 428,0
1711,428,C,Opción C de la pregunta 428,0
1712,428,D,Opción D de la pregunta 428,0
1713,429,A,Opción A de la pregunta 429,1
1714,429,B,Opción B de la pregunta 429,0
1715,429,C,Opción C de la pregunta 429,0
1716,429,D,Opción D de la pregunta 429,0
1717,430,A,Opción A de la pregunta 430,0
1718,430,B,Opción B de la pregunta 430,1
1719,430,C,Opción C de la pregunta 430,0
1720,430,D,Opción D de la pregunta 430,0
1721,431,A,Opción A de la pregunta 431,1
1722,431,B,Opción B de la pregunta 431,0
1723,431,C,Opción C de la pregunta 431,0
1724,431,D,Opción D de la pregunta 431,0
1725,432,A,Opción A de la pregunta 432,0
1726,432,B,Opción B de la pregunta 432,0
1727,432,C,Opción C de la pregunta 432,1
1728,432,D,Opción D de la pregunta 432,0
1729,433,A,Opción A de la pregunta 433,0
1730,433,B,Opción B de la pregunta 433,0
1731,433,C,Opción C de la pregunta 433,1
1732,433,D,Opción D de la pregunta 433,0
1733,434,A,Opción A de la pregunta 434,0
1734,434,B,Opción B de la pregunta 434,1
1735,434,C,Opción C de la pregunta 434,0
1736,434,D,Opción D de la pregunta 434,0
1737,435,A,Opción A de la pregunta 435,0
1738,435,B,Opción B de la pregunta 435,0
1739,435,C,Opción C de la pregunta 435,0
1740,435,D,Opción D de la pregunta 435,1
1741,436,A,Opción A de la pregunta 436,0
1742,436,B,Opción B de la pregunta 436,1
1743,436,C,Opción C de la pregunta 436,0
1744,436,D,Opción D de la pregunta 436,0
1745,437,A,Opción A de la pregunta 437,0
1746,437,B,Opción B de la pregunta 437,0
1747,437,C,Opción C de la pregunta 437,0
1748,437,D,Opción D de la pregunta 437,1
1749,438,A,Opción A de la pregunta 438,1
1750,438,B,Opción B de la pregunta 438,0
1751,438,C,Opción C de la pregunta 438,0
1752,438,D,Opción D de la pregunta 438,0
1753,439,A,Opción A de la pregunta 439,0
1754,439,B,Opción B de la pregunta 439,0
1755,439,C,Opción C de la pregunta 439,0
1756,439,D,Opción D de la pregunta 439,1
1757,440,A,Opción A de la pregunta 440,0
1758,440,B,Opción B de la pregunta 440,0
1759,440,C,Opción C de la pregunta 440,0
1760,440,D,Opción D de la pregunta 440,1
1761,441,A,Opción A de la pregunta 441,0
1762,441,B,Opción B de la pregunta 441,1
1763,441,C,Opción C de la pregunta 441,0
1764,441,D,Opción D de la pregunta 441,0
1765,442,A,Opción A de la pregunta 442,0
1766,442,B,Opción B de la pregunta 442,1
1767,442,C,Opción C de la pregunta 442,0
1768,442,D,Opción D de la pregunta 442,0
1769,443,A,Opción A de la pregunta 443,0
1770,443,B,Opción B de la pregunta 443,0
1771,443,C,Opción C de la pregunta 443,0
1772,443,D,Opción D de la pregunta 443,1
1773,444,A,Opción A de la pregunta 444,0
1774,444,B,Opción B de la pregunta 444,0
1775,444,C,Opción C de la pregunta 444,0
1776,444,D,Opción D de la pregunta 444,1
1777,445,A,Opción A de la pregunta 445,0
1778,445,B,Opción B de la pregunta 445,1
1779,445,C,Opción C de la pregunta 445,0
1780,445,D,Opción D de la pregunta 445,0
1781,446,A,Opción A de la pregunta 446,0
1782,446,B,Opción B de la pregunta 446,1
1783,446,C,Opción C de la pregunta 446,0
1784,446,D,Opción D de la pregunta 446,0
1785,447,A,Opción A de la pregunta 447,0
1786,447,B,Opción B de la pregunta 447,0
1787,447,C,Opción C de la pregunta 447,1
1788,447,D,Opción D de la pregunta 447,0
1789,448,A,Opción A de la pregunta 448,0
1790,448,B,Opción B de la pregunta 448,0
1791,448,C,Opción C de la pregunta 448,1
1792,448,D,Opción D de la pregunta 448,0
1793,449,A,Opción A de la pregunta 449,0
1794,449,B,Opción B de la pregunta 449,0
1795,449,C,Opción C de la pregunta 449,1
1796,449,D,Opción D de la pregunta 449,0
1797,450,A,Opción A de la pregunta 450,0
1798,450,B,Opción B de la pregunta 450,1
1799,450,C,Opción C de la pregunta 450,0
1800,450,D,Opción D de la pregunta 450,0
1801,451,A,Opción A de la pregunta 451,0
1802,451,B,Opción B de la pregunta 451,1
1803,451,C,Opción C de la pregunta 451,0
1804,451,D,Opción D de la pregunta 451,0
1805,452,A,Opción A de la pregunta 452,0
1806,452,B,Opción B de la pregunta 452,0
1807,452,C,Opción C de la pregunta 452,0
1808,452,D,Opción D de la pregunta 452,1
1809,453,A,Opción A de la pregunta 453,0
1810,453,B,Opción B de la pregunta 453,0
1811,453,C,Opción C de la pregunta 453,1
1812,453,D,Opción D de la pregunta 453,0
1813,454,A,Opción A de la pregunta 454,0
1814,454,B,Opción B de la pregunta 454,0
1815,454,C,Opción C de la pregunta 454,1
1816,454,D,Opción D de la pregunta 454,0
1817,455,A,Opción A de la pregunta 455,0
1818,455,B,Opción B de la pregunta 455,0
1819,455,C,Opción C de la pregunta 455,1
1820,455,D,Opción D de la pregunta 455,0
1821,456,A,Opción A de la pregunta 456,0
1822,456,B,Opción B de la pregunta 456,0
1823,456,C,Opción C de la pregunta 456,1
1824,456,D,Opción D de la pregunta 456,0
1825,457,A,Opción A de la pregunta 457,0
1826,457,B,Opción B de la pregunta 457,1
1827,457,C,Opción C de la pregunta 457,0
1828,457,D,Opción D de la pregunta 457,0
1829,458,A,Opción A de la pregunta 458,1
1830,458,B,Opción B de la pregunta 458,0
1831,458,C,Opción C de la pregunta 458,0
1832,458,D,Opción D de la pregunta 458,0
1833,459,A,Opción A de la pregunta 459,0
1834,459,B,Opción B de la pregunta 459,0
1835,459,C,Opción C de la pregunta 459,1
1836,459,D,Opción D de la pregunta 459,0
1837,460,A,Opción A de la pregunta 460,1
1838,460,B,Opción B de la pregunta 460,0
1839,460,C,Opción C de la pregunta 460,0
1840,460,D,Opción D de la pregunta 460,0
1841,461,A,Opción A de la pregunta 461,0
1842,461,B,Opción B de la pregunta 461,0
1843,461,C,Opción C de la pregunta 461,0
1844,461,D,Opción D de la pregunta 461,1
1845,462,A,Opción A de la pregunta 462,1
1846,462,B,Opción B de la pregunta 462,0
1847,462,C,Opción C de la pregunta 462,0
1848,462,D,Opción D de la pregunta 462,0
1849,463,A,Opción A de la pregunta 463,1
1850,463,B,Opción B de la pregunta 463,0
1851,463,C,Opción C de la pregunta 463,0
1852,463,D,Opción D de la pregunta 463,0
1853,464,A,Opción A de la pregunta 464,0
1854,464,B,Opción B de la pregunta 464,1
1855,464,C,Opción C de la pregunta 464,0
1856,464,D,Opción D de la pregunta 464,0
1857,465,A,Opción A de la pregunta 465,0
1858,465,B,Opción B de la pregunta 465,0
1859,465,C,Opción C de la pregunta 465,0
1860,465,D,Opción D de la pregunta 465,1
1861,466,A,Opción A de la pregunta 466,1
1862,466,B,Opción B de la pregunta 466,0
1863,466,C,Opción C de la pregunta 466,0
1864,466,D,Opción D de la pregunta 466,0
1865,467,A,Opción A de la pregunta 467,0
1866,467,B,Opción B de la pregunta 467,1
1867,467,C,Opción C de la pregunta 467,0
1868,467,D,Opción D de la pregunta 467,0
1869,468,A,Opción A de la pregunta 468,0
1870,468,B,Opción B de la pregunta 468,0
1871,468,C,Opción C de la pregunta 468,0
1872,468,D,Opción D de la pregunta 468,1
1873,469,A,Opción A de la pregunta 469,1
1874,469,B,Opción B de la pregunta 469,0
1875,469,C,Opción C de la pregunta 469,0
1876,469,D,Opción D de la pregunta 469,0
1877,470,A,Opción A de la pregunta 470,0
1878,470,B,Opción B de la pregunta 470,0
1879,470,C,Opción C de la pregunta 470,0
1880,470,D,Opción D de la pregunta 470,1
1881,471,A,Opción A de la pregunta 471,0
1882,471,B,Opción B de la pregunta 471,0
1883,471,C,Opción C de la pregunta 471,0
1884,471,D,Opción D de la pregunta 471,1
1885,472,A,Opción A de la pregunta 472,1
1886,472,B,Opción B de la pregunta 472,0
1887,472,C,Opción C de la pregunta 472,0
1888,472,D,Opción D de la pregunta 472,0
1889,473,A,Opción A de la pregunta 473,0
1890,473,B,Opción B de la pregunta 473,0
1891,473,C,Opción C de la pregunta 473,0
1892,473,D,Opción D de la pregunta 473,1
1893,474,A,Opción A de la pregunta 474,1
1894,474,B,Opción B de la pregunta 474,0
1895,474,C,Opción C de la pregunta 474,0
1896,474,D,Opción D de la pregunta 474,0
1897,475,A,Opción A de la pregunta 475,0
1898,475,B,Opción B de la pregunta 475,0
1899,475,C,Opción C de la pregunta 475,0
1900,475,D,Opción D de la pregunta 475,1
1901,476,A,Opción A de la pregunta 476,0
1902,476,B,Opción B de la pregunta 476,0
1903,476,C,Opción C de la pregunta 476,0
1904,476,D,Opción D de la pregunta 476,1
1905,477,A,Opción A de la pregunta 477,0
1906,477,B,Opción B de la pregunta 477,1
1907,477,C,Opción C de la pregunta 477,0
1908,477,D,Opción D de la pregunta 477,0
1909,478,A,Opción A de la pregunta 478,0
1910,478,B,Opción B de la pregunta 478,1
1911,478,C,Opción C de la pregunta 478,0
1912,478,D,Opción D de la pregunta 478,0
1913,479,A,Opción A de la pregunta 479,0
1914,479,B,Opción B de la pregunta 479,0
1915,479,C,Opción C de la pregunta 479,1
1916,479,D,Opción D de la pregunta 479,0
1917,480,A,Opción A de la pregunta 480,0
1918,480,B,Opción B de la pregunta 480,0
1919,480,C,Opción C de la pregunta 480,0
1920,480,D,Opción D de la pregunta 480,1
1921,481,A,Opción A de la pregunta 481,1
1922,481,B,Opción B de la pregunta 481,0
1923,481,C,Opción C de la pregunta 481,0
1924,481,D,Opción D de la pregunta 481,0
1925,482,A,Opción A de la pregunta 482,0
1926,482,B,Opción B de la pregunta 482,1
1927,482,C,Opción C de la pregunta 482,0
1928,482,D,Opción D de la pregunta 482,0
1929,483,A,Opción A de la pregunta 483,0
1930,483,B,Opción B de la pregunta 483,0
1931,483,C,Opción C de la pregunta 483,1
1932,483,D,Opción D de la pregunta 483,0
1933,484,A,Opción A de la pregunta 484,0
1934,484,B,Opción B de la pregunta 484,0
1935,484,C,Opción C de la pregunta 484,0
1936,484,D,Opción D de la pregunta 484,1
1937,485,A,Opción A de la pregunta 485,0
1938,485,B,Opción B de la pregunta 485,0
1939,485,C,Opción C de la pregunta 485,0
1940,485,D,Opción D de la pregunta 485,1
1941,486,A,Opción A de la pregunta 486,0
1942,486,B,Opción B de la pregunta 486,0
1943,486,C,Opción C de la pregunta 486,0
1944,486,D,Opción D de la pregunta 486,1
1945,487,A,Opción A de la pregunta 487,0
1946,487,B,Opción B de la pregunta 487,0
1947,487,C,Opción C de la pregunta 487,0
1948,487,D,Opción D de la pregunta 487,1
1949,488,A,Opción A de la pregunta 488,1
1950,488,B,Opción B de la pregunta 488,0
1951,488,C,Opción C de la pregunta 488,0
1952,488,D,Opción D de la pregunta 488,0
1953,489,A,Opción A de la pregunta 489,0
1954,489,B,Opción B de la pregunta 489,0
1955,489,C,Opción C de la pregunta 489,0
1956,489,D,Opción D de la pregunta 489,1
1957,490,A,Opción A de la pregunta 490,0
1958,490,B,Opción B de la pregunta 490,0
1959,490,C,Opción C de la pregunta 490,1
1960,490,D,Opción D de la pregunta 490,0
1961,491,A,Opción A de la pregunta 491,0
1962,491,B,Opción B de la pregunta 491,1
1963,491,C,Opción C de la pregunta 491,0
1964,491,D,Opción D de la pregunta 491,0
1965,492,A,Opción A de la pregunta 492,0
1966,492,B,Opción B de la pregunta 492,0
1967,492,C,Opción C de la pregunta 492,1
1968,492,D,Opción D de la pregunta 492,0
1969,493,A,Opción A de la pregunta 493,0
1970,493,B,Opción B de la pregunta 493,0
1971,493,C,Opción C de la pregunta 493,1
1972,493,D,Opción D de la pregunta 493,0
1973,494,A,Opción A de la pregunta 494,0
1974,494,B,Opción B de la pregunta 494,0
1975,494,C,Opción C de la pregunta 494,0
1976,494,D,Opción D de la pregunta 494,1
1977,495,A,Opción A de la pregunta 495,0
1978,495,B,Opción B de la pregunta 495,0
1979,495,C,Opción C de la pregunta 495,1
1980,495,D,Opción D de la pregunta 495,0
1981,496,A,Opción A de la pregunta 496,0
1982,496,B,Opción B de la pregunta 496,0
1983,496,C,Opción C de la pregunta 496,1
1984,496,D,Opción D de la pregunta 496,0
1985,497,A,Opción A de la pregunta 497,0
1986,497,B,Opción B de la pregunta 497,0
1987,497,C,Opción C de la pregunta 497,0
1988,497,D,Opción D de la pregunta 497,1
1989,498,A,Opción A de la pregunta 498,0
1990,498,B,Opción B de la pregunta 498,1
1991,498,C,Opción C de la pregunta 498,0
1992,498,D,Opción D de la pregunta 498,0
1993,499,A,Opción A de la pregunta 499,1
1994,499,B,Opción B de la pregunta 499,0
1995,499,C,Opción C de la pregunta 499,0
1996,499,D,Opción D de la pregunta 499,0
1997,500,A,Opción A de la pregunta 500,1
1998,500,B,Opción B de la pregunta 500,0
1999,500,C,Opción C de la pregunta 500,0
2000,500,D,Opción D de la pregunta 500,0
2001,501,A,Opción A de la pregunta 501,0
2002,501,B,Opción B de la pregunta 501,0
2003,501,C,Opción C de la pregunta 501,1
2004,501,D,Opción D de la pregunta 501,0
2005,502,A,Opción A de la pregunta 502,0
2006,502,B,Opción B de la pregunta 502,0
2007,502,C,Opción C de la pregunta 502,1
2008,502,D,Opción D de la pregunta 502,0
2009,503,A,Opción A de la pregunta 503,0
2010,503,B,Opción B de la pregunta 503,0
2011,503,C,Opción C de la pregunta 503,0
2012,503,D,Opción D de la pregunta 503,1
2013,504,A,Opción A de la pregunta 504,0
2014,504,B,Opción B de la pregunta 504,0
2015,504,C,Opción C de la pregunta 504,0
2016,504,D,Opción D de la pregunta 504,1
2017,505,A,Opción A de la pregunta 505,0
2018,505,B,Opción B de la pregunta 505,0
2019,505,C,Opción C de la pregunta 505,1
2020,505,D,Opción D de la pregunta 505,0
2021,506,A,Opción A de la pregunta 506,0
2022,506,B,Opción B de la pregunta 506,0
2023,506,C,Opción C de la pregunta 506,1
2024,506,D,Opción D de la pregunta 506,0
2025,507,A,Opción A de la pregunta 507,0
2026,507,B,Opción B de la pregunta 507,0
2027,507,C,Opción C de la pregunta 507,0
2028,507,D,Opción D de la pregunta 507,1
2029,508,A,Opción A de la pregunta 508,0
2030,508,B,Opción B de la pregunta 508,1
2031,508,C,Opción C de la pregunta 508,0
2032,508,D,Opción D de la pregunta 508,0
2033,509,A,Opción A de la pregunta 509,0
2034,509,B,Opción B de la pregunta 509,0
2035,509,C,Opción C de la pregunta 509,0
2036,509,D,Opción D de la pregunta 509,1
2037,510,A,Opción A de la pregunta 510,0
2038,510,B,Opción B de la pregunta 510,0
2039,510,C,Opción C de la pregunta 510,0
2040,510,D,Opción D de la pregunta 510,1
2041,511,A,Opción A de la pregunta 511,0
2042,511,B,Opción B de la pregunta 511,0
2043,511,C,Opción C de la pregunta 511,1
2044,511,D,Opción D de la pregunta 511,0
2045,512,A,Opción A de la pregunta 512,0
2046,512,B,Opción B de la pregunta 512,0
2047,512,C,Opción C de la pregunta 512,1
2048,512,D,Opción D de la pregunta 512,0
2049,513,A,Opción A de la pregunta 513,0
2050,513,B,Opción B de la pregunta 513,1
2051,513,C,Opción C de la pregunta 513,0
2052,513,D,Opción D de la pregunta 513,0
2053,514,A,Opción A de la pregunta 514,0
2054,514,B,Opción B de la pregunta 514,0
2055,514,C,Opción C de la pregunta 514,1
2056,514,D,Opción D de la pregunta 514,0
2057,515,A,Opción A de la pregunta 515,0
2058,515,B,Opción B de la pregunta 515,1
2059,515,C,Opción C de la pregunta 515,0
2060,515,D,Opción D de la pregunta 515,0
2061,516,A,Opción A de la pregunta 516,0
2062,516,B,Opción B de la pregunta 516,1
2063,516,C,Opción C de la pregunta 516,0
2064,516,D,Opción D de la pregunta 516,0
2065,517,A,Opción A de la pregunta 517,0
2066,517,B,Opción B de la pregunta 517,0
2067,517,C,Opción C de la pregunta 517,0
2068,517,D,Opción D de la pregunta 517,1
2069,518,A,Opción A de la pregunta 518,0
2070,518,B,Opción B de la pregunta 518,0
2071,518,C,Opción C de la pregunta 518,0
2072,518,D,Opción D de la pregunta 518,1
2073,519,A,Opción A de la pregunta 519,0
2074,519,B,Opción B de la pregunta 519,1
2075,519,C,Opción C de la pregunta 519,0
2076,519,D,Opción D de la pregunta 519,0
2077,520,A,Opción A de la pregunta 520,0
2078,520,B,Opción B de la pregunta 520,0
2079,520,C,Opción C de la pregunta 520,0
2080,520,D,Opción D de la pregunta 520,1
2081,521,A,Opción A de la pregunta 521,0
2082,521,B,Opción B de la pregunta 521,0
2083,521,C,Opción C de la pregunta 521,0
2084,521,D,Opción D de la pregunta 521,1
2085,522,A,Opción A de la pregunta 522,0
2086,522,B,Opción B de la pregunta 522,0
2087,522,C,Opción C de la pregunta 522,0
2088,522,D,Opción D de la pregunta 522,1
2089,523,A,Opción A de la pregunta 523,0
2090,523,B,Opción B de la pregunta 523,0
2091,523,C,Opción C de la pregunta 523,1
2092,523,D,Opción D de la pregunta 523,0
2093,524,A,Opción A de la pregunta 524,0
2094,524,B,Opción B de la pregunta 524,0
2095,524,C,Opción C de la pregunta 524,0
2096,524,D,Opción D de la pregunta 524,1
2097,525,A,Opción A de la pregunta 525,0
2098,525,B,Opción B de la pregunta 525,1
2099,525,C,Opción C de la pregunta 525,0
2100,525,D,Opción D de la pregunta 525,0
2101,526,A,Opción A de la pregunta 526,0
2102,526,B,Opción B de la pregunta 526,1
2103,526,C,Opción C de la pregunta 526,0
2104,526,D,Opción D de la pregunta 526,0
2105,527,A,Opción A de la pregunta 527,0
2106,527,B,Opción B de la pregunta 527,0
2107,527,C,Opción C de la pregunta 527,1
2108,527,D,Opción D de la pregunta 527,0
2109,528,A,Opción A de la pregunta 528,0
2110,528,B,Opción B de la pregunta 528,0
2111,528,C,Opción C de la pregunta 528,1
2112,528,D,Opción D de la pregunta 528,0
2113,529,A,Opción A de la pregunta 529,0
2114,529,B,Opción B de la pregunta 529,1
2115,529,C,Opción C de la pregunta 529,0
2116,529,D,Opción D de la pregunta 529,0
2117,530,A,Opción A de la pregunta 530,0
2118,530,B,Opción B de la pregunta 530,1
2119,530,C,Opción C de la pregunta 530,0
2120,530,D,Opción D de la pregunta 530,0
2121,531,A,Opción A de la pregunta 531,0
2122,531,B,Opción B de la pregunta 531,1
2123,531,C,Opción C de la pregunta 531,0
2124,531,D,Opción D de la pregunta 531,0
2125,532,A,Opción A de la pregunta 532,0
2126,532,B,Opción B de la pregunta 532,0
2127,532,C,Opción C de la pregunta 532,0
2128,532,D,Opción D de la pregunta 532,1
2129,533,A,Opción A de la pregunta 533,0
2130,533,B,Opción B de la pregunta 533,0
2131,533,C,Opción C de la pregunta 533,1
2132,533,D,Opción D de la pregunta 533,0
2133,534,A,Opción A de la pregunta 534,0
2134,534,B,Opción B de la pregunta 534,0
2135,534,C,Opción C de la pregunta 534,0
2136,534,D,Opción D de la pregunta 534,1
2137,535,A,Opción A de la pregunta 535,0
2138,535,B,Opción B de la pregunta 535,0
2139,535,C,Opción C de la pregunta 535,0
2140,535,D,Opción D de la pregunta 535,1
2141,536,A,Opción A de la pregunta 536,1
2142,536,B,Opción B de la pregunta 536,0
2143,536,C,Opción C de la pregunta 536,0
2144,536,D,Opción D de la pregunta 536,0
2145,537,A,Opción A de la pregunta 537,0
2146,537,B,Opción B de la pregunta 537,0
2147,537,C,Opción C de la pregunta 537,1
2148,537,D,Opción D de la pregunta 537,0
2149,538,A,Opción A de la pregunta 538,0
2150,538,B,Opción B de la pregunta 538,0
2151,538,C,Opción C de la pregunta 538,1
2152,538,D,Opción D de la pregunta 538,0
2153,539,A,Opción A de la pregunta 539,0
2154,539,B,Opción B de la pregunta 539,0
2155,539,C,Opción C de la pregunta 539,1
2156,539,D,Opción D de la pregunta 539,0
2157,540,A,Opción A de la pregunta 540,1
2158,540,B,Opción B de la pregunta 540,0
2159,540,C,Opción C de la pregunta 540,0
2160,540,D,Opción D de la pregunta 540,0
2161,541,A,Opción A de la pregunta 541,0
2162,541,B,Opción B de la pregunta 541,1
2163,541,C,Opción C de la pregunta 541,0
2164,541,D,Opción D de la pregunta 541,0
2165,542,A,Opción A de la pregunta 542,0
2166,542,B,Opción B de la pregunta 542,0
2167,542,C,Opción C de la pregunta 542,0
2168,542,D,Opción D de la pregunta 542,1
2169,543,A,Opción A de la pregunta 543,0
2170,543,B,Opción B de la pregunta 543,0
2171,543,C,Opción C de la pregunta 543,1
2172,543,D,Opción D de la pregunta 543,0
2173,544,A,Opción A de la pregunta 544,0
2174,544,B,Opción B de la pregunta 544,1
2175,544,C,Opción C de la pregunta 544,0
2176,544,D,Opción D de la pregunta 544,0
2177,545,A,Opción A de la pregunta 545,0
2178,545,B,Opción B de la pregunta 545,0
2179,545,C,Opción C de la pregunta 545,0
2180,545,D,Opción D de la pregunta 545,1
2181,546,A,Opción A de la pregunta 546,1
2182,546,B,Opción B de la pregunta 546,0
2183,546,C,Opción C de la pregunta 546,0
2184,546,D,Opción D de la pregunta 546,0
2185,547,A,Opción A de la pregunta 547,0
2186,547,B,Opción B de la pregunta 547,0
2187,547,C,Opción C de la pregunta 547,1
2188,547,D,Opción D de la pregunta 547,0
2189,548,A,Opción A de la pregunta 548,0
2190,548,B,Opción B de la pregunta 548,1
2191,548,C,Opción C de la pregunta 548,0
2192,548,D,Opción D de la pregunta 548,0
2193,549,A,Opción A de la pregunta 549,1
2194,549,B,Opción B de la pregunta 549,0
2195,549,C,Opción C de la pregunta 549,0
2196,549,D,Opción D de la pregunta 549,0
2197,550,A,Opción A de la pregunta 550,0
2198,550,B,Opción B de la pregunta 550,0
2199,550,C,Opción C de la pregunta 550,1
2200,550,D,Opción D de la pregunta 550,0
2201,551,A,Opción A de la pregunta 551,0
2202,551,B,Opción B de la pregunta 551,0
2203,551,C,Opción C de la pregunta 551,0
2204,551,D,Opción D de la pregunta 551,1
2205,552,A,Opción A de la pregunta 552,1
2206,552,B,Opción B de la pregunta 552,0
2207,552,C,Opción C de la pregunta 552,0
2208,552,D,Opción D de la pregunta 552,0
2209,553,A,Opción A de la pregunta 553,0
2210,553,B,Opción B de la pregunta 553,0
2211,553,C,Opción C de la pregunta 553,0
2212,553,D,Opción D de la pregunta 553,1
2213,554,A,Opción A de la pregunta 554,0
2214,554,B,Opción B de la pregunta 554,0
2215,554,C,Opción C de la pregunta 554,0
2216,554,D,Opción D de la pregunta 554,1
2217,555,A,Opción A de la pregunta 555,0
2218,555,B,Opción B de la pregunta 555,1
2219,555,C,Opción C de la pregunta 555,0
2220,555,D,Opción D de la pregunta 555,0
2221,556,A,Opción A de la pregunta 556,0
2222,556,B,Opción B de la pregunta 556,1
2223,556,C,Opción C de la pregunta 556,0
2224,556,D,Opción D de la pregunta 556,0
2225,557,A,Opción A de la pregunta 557,0
2226,557,B,Opción B de la pregunta 557,1
2227,557,C,Opción C de la pregunta 557,0
2228,557,D,Opción D de la pregunta 557,0
2229,558,A,Opción A de la pregunta 558,0
2230,558,B,Opción B de la pregunta 558,1
2231,558,C,Opción C de la pregunta 558,0
2232,558,D,Opción D de la pregunta 558,0
2233,559,A,Opción A de la pregunta 559,0
2234,559,B,Opción B de la pregunta 559,0
2235,559,C,Opción C de la pregunta 559,0
2236,559,D,Opción D de la pregunta 559,1
2237,560,A,Opción A de la pregunta 560,1
2238,560,B,Opción B de la pregunta 560,0
2239,560,C,Opción C de la pregunta 560,0
2240,560,D,Opción D de la pregunta 560,0
2241,561,A,Opción A de la pregunta 561,0
2242,561,B,Opción B de la pregunta 561,0
2243,561,C,Opción C de la pregunta 561,1
2244,561,D,Opción D de la pregunta 561,0
2245,562,A,Opción A de la pregunta 562,0
2246,562,B,Opción B de la pregunta 562,0
2247,562,C,Opción C de la pregunta 562,1
2248,562,D,Opción D de la pregunta 562,0
2249,563,A,Opción A de la pregunta 563,1
2250,563,B,Opción B de la pregunta 563,0
2251,563,C,Opción C de la pregunta 563,0
2252,563,D,Opción D de la pregunta 563,0
2253,564,A,Opción A de la pregunta 564,1
2254,564,B,Opción B de la pregunta 564,0
2255,564,C,Opción C de la pregunta 564,0
2256,564,D,Opción D de la pregunta 564,0
2257,565,A,Opción A de la pregunta 565,1
2258,565,B,Opción B de la pregunta 565,0
2259,565,C,Opción C de la pregunta 565,0
2260,565,D,Opción D de la pregunta 565,0
2261,566,A,Opción A de la pregunta 566,0
2262,566,B,Opción B de la pregunta 566,0
2263,566,C,Opción C de la pregunta 566,1
2264,566,D,Opción D de la pregunta 566,0
2265,567,A,Opción A de la pregunta 567,1
2266,567,B,Opción B de la pregunta 567,0
2267,567,C,Opción C de la pregunta 567,0
2268,567,D,Opción D de la pregunta 567,0
2269,568,A,Opción A de la pregunta 568,0
2270,568,B,Opción B de la pregunta 568,0
2271,568,C,Opción C de la pregunta 568,0
2272,568,D,Opción D de la pregunta 568,1
2273,569,A,Opción A de la pregunta 569,0
2274,569,B,Opción B de la pregunta 569,0
2275,569,C,Opción C de la pregunta 569,0
2276,569,D,Opción D de la pregunta 569,1
2277,570,A,Opción A de la pregunta 570,0
2278,570,B,Opción B de la pregunta 570,0
2279,570,C,Opción C de la pregunta 570,0
2280,570,D,Opción D de la pregunta 570,1
2281,571,A,Opción A de la pregunta 571,0
2282,571,B,Opción B de la pregunta 571,0
2283,571,C,Opción C de la pregunta 571,1
2284,571,D,Opción D de la pregunta 571,0
2285,572,A,Opción A de la pregunta 572,1
2286,572,B,Opción B de la pregunta 572,0
2287,572,C,Opción C de la pregunta 572,0
2288,572,D,Opción D de la pregunta 572,0
2289,573,A,Opción A de la pregunta 573,0
2290,573,B,Opción B de la pregunta 573,0
2291,573,C,Opción C de la pregunta 573,1
2292,573,D,Opción D de la pregunta 573,0
2293,574,A,Opción A de la pregunta 574,1
2294,574,B,Opción B de la pregunta 574,0
2295,574,C,Opción C de la pregunta 574,0
2296,574,D,Opción D de la pregunta 574,0
2297,575,A,Opción A de la pregunta 575,0
2298,575,B,Opción B de la pregunta 575,0
2299,575,C,Opción C de la pregunta 575,0
2300,575,D,Opción D de la pregunta 575,1
2301,576,A,Opción A de la pregunta 576,0
2302,576,B,Opción B de la pregunta 576,0
2303,576,C,Opción C de la pregunta 576,1
2304,576,D,Opción D de la pregunta 576,0
2305,577,A,Opción A de la pregunta 577,0
2306,577,B,Opción B de la pregunta 577,1
2307,577,C,Opción C de la pregunta 577,0
2308,577,D,Opción D de la pregunta 577,0
2309,578,A,Opción A de la pregunta 578,0
2310,578,B,Opción B de la pregunta 578,0
2311,578,C,Opción C de la pregunta 578,0
2312,578,D,Opción D de la pregunta 578,1
2313,579,A,Opción A de la pregunta 579,0
2314,579,B,Opción B de la pregunta 579,0
2315,579,C,Opción C de la pregunta 579,1
2316,579,D,Opción D de la pregunta 579,0
2317,580,A,Opción A de la pregunta 580,0
2318,580,B,Opción B de la pregunta 580,0
2319,580,C,Opción C de la pregunta 580,1
2320,580,D,Opción D de la pregunta 580,0
2321,581,A,Opción A de la pregunta 581,0
2322,581,B,Opción B de la pregunta 581,0
2323,581,C,Opción C de la pregunta 581,1
2324,581,D,Opción D de la pregunta 581,0
2325,582,A,Opción A de la pregunta 582,0
2326,582,B,Opción B de la pregunta 582,0
2327,582,C,Opción C de la pregunta 582,0
2328,582,D,Opción D de la pregunta 582,1
2329,583,A,Opción A de la pregunta 583,1
2330,583,B,Opción B de la pregunta 583,0
2331,583,C,Opción C de la pregunta 583,0
2332,583,D,Opción D de la pregunta 583,0
2333,584,A,Opción A de la pregunta 584,0
2334,584,B,Opción B de la pregunta 584,1
2335,584,C,Opción C de la pregunta 584,0
2336,584,D,Opción D de la pregunta 584,0
2337,585,A,Opción A de la pregunta 585,1
2338,585,B,Opción B de la pregunta 585,0
2339,585,C,Opción C de la pregunta 585,0
2340,585,D,Opción D de la pregunta 585,0
2341,586,A,Opción A de la pregunta 586,0
2342,586,B,Opción B de la pregunta 586,0
2343,586,C,Opción C de la pregunta 586,1
2344,586,D,Opción D de la pregunta 586,0
2345,587,A,Opción A de la pregunta 587,0
2346,587,B,Opción B de la pregunta 587,0
2347,587,C,Opción C de la pregunta 587,0
2348,587,D,Opción D de la pregunta 587,1
2349,588,A,Opción A de la pregunta 588,1
2350,588,B,Opción B de la pregunta 588,0
2351,588,C,Opción C de la pregunta 588,0
2352,588,D,Opción D de la pregunta 588,0
2353,589,A,Opción A de la pregunta 589,0
2354,589,B,Opción B de la pregunta 589,0
2355,589,C,Opción C de la pregunta 589,0
2356,589,D,Opción D de la pregunta 589,1
2357,590,A,Opción A de la pregunta 590,0
2358,590,B,Opción B de la pregunta 590,1
2359,590,C,Opción C de la pregunta 590,0
2360,590,D,Opción D de la pregunta 590,0
2361,591,A,Opción A de la pregunta 591,0
2362,591,B,Opción B de la pregunta 591,1
2363,591,C,Opción C de la pregunta 591,0
2364,591,D,Opción D de la pregunta 591,0
2365,592,A,Opción A de la pregunta 592,0
2366,592,B,Opción B de la pregunta 592,1
2367,592,C,Opción C de la pregunta 592,0
2368,592,D,Opción D de la pregunta 592,0
2369,593,A,Opción A de la pregunta 593,0
2370,593,B,Opción B de la pregunta 593,0
2371,593,C,Opción C de la pregunta 593,0
2372,593,D,Opción D de la pregunta 593,1
2373,594,A,Opción A de la pregunta 594,0
2374,594,B,Opción B de la pregunta 594,0
2375,594,C,Opción C de la pregunta 594,0
2376,594,D,Opción D de la pregunta 594,1
2377,595,A,Opción A de la pregunta 595,1
2378,595,B,Opción B de la pregunta 595,0
2379,595,C,Opción C de la pregunta 595,0
2380,595,D,Opción D de la pregunta 595,0
2381,596,A,Opción A de la pregunta 596,0
2382,596,B,Opción B de la pregunta 596,0
2383,596,C,Opción C de la pregunta 596,0
2384,596,D,Opción D de la pregunta 596,1
2385,597,A,Opción A de la pregunta 597,1
2386,597,B,Opción B de la pregunta 597,0
2387,597,C,Opción C de la pregunta 597,0
2388,597,D,Opción D de la pregunta 597,0
2389,598,A,Opción A de la pregunta 598,0
2390,598,B,Opción B de la pregunta 598,0
2391,598,C,Opción C de la pregunta 598,0
2392,598,D,Opción D de la pregunta 598,1
2393,599,A,Opción A de la pregunta 599,0
2394,599,B,Opción B de la pregunta 599,0
2395,599,C,Opción C de la pregunta 599,1
2396,599,D,Opción D de la pregunta 599,0
2397,600,A,Opción A de la pregunta 600,0
2398,600,B,Opción B de la pregunta 600,0
2399,600,C,Opción C de la pregunta 600,1
2400,600,D,Opción D de la pregunta 600,0
2401,601,A,Opción A de la pregunta 601,0
2402,601,B,Opción B de la pregunta 601,1
2403,601,C,Opción C de la pregunta 601,0
2404,601,D,Opción D de la pregunta 601,0
2405,602,A,Opción A de la pregunta 602,0
2406,602,B,Opción B de la pregunta 602,0
2407,602,C,Opción C de la pregunta 602,1
2408,602,D,Opción D de la pregunta 602,0
2409,603,A,Opción A de la pregunta 603,0
2410,603,B,Opción B de la pregunta 603,0
2411,603,C,Opción C de la pregunta 603,0
2412,603,D,Opción D de la pregunta 603,1
2413,604,A,Opción A de la pregunta 604,0
2414,604,B,Opción B de la pregunta 604,0
2415,604,C,Opción C de la pregunta 604,1
2416,604,D,Opción D de la pregunta 604,0
2417,605,A,Opción A de la pregunta 605,0
2418,605,B,Opción B de la pregunta 605,0
2419,605,C,Opción C de la pregunta 605,1
2420,605,D,Opción D de la pregunta 605,0
2421,606,A,Opción A de la pregunta 606,0
2422,606,B,Opción B de la pregunta 606,0
2423,606,C,Opción C de la pregunta 606,0
2424,606,D,Opción D de la pregunta 606,1
2425,607,A,Opción A de la pregunta 607,0
2426,607,B,Opción B de la pregunta 607,1
2427,607,C,Opción C de la pregunta 607,0
2428,607,D,Opción D de la pregunta 607,0
2429,608,A,Opción A de la pregunta 608,0
2430,608,B,Opción B de la pregunta 608,0
2431,608,C,Opción C de la pregunta 608,1
2432,608,D,Opción D de la pregunta 608,0
2433,609,A,Opción A de la pregunta 609,0
2434,609,B,Opción B de la pregunta 609,1
2435,609,C,Opción C de la pregunta 609,0
2436,609,D,Opción D de la pregunta 609,0
2437,610,A,Opción A de la pregunta 610,0
2438,610,B,Opción B de la pregunta 610,1
2439,610,C,Opción C de la pregunta 610,0
2440,610,D,Opción D de la pregunta 610,0
2441,611,A,Opción A de la pregunta 611,1
2442,611,B,Opción B de la pregunta 611,0
2443,611,C,Opción C de la pregunta 611,0
2444,611,D,Opción D de la pregunta 611,0
2445,612,A,Opción A de la pregunta 612,0
2446,612,B,Opción B de la pregunta 612,0
2447,612,C,Opción C de la pregunta 612,0
2448,612,D,Opción D de la pregunta 612,1
2449,613,A,Opción A de la pregunta 613,0
2450,613,B,Opción B de la pregunta 613,1
2451,613,C,Opción C de la pregunta 613,0
2452,613,D,Opción D de la pregunta 613,0
2453,614,A,Opción A de la pregunta 614,1
2454,614,B,Opción B de la pregunta 614,0
2455,614,C,Opción C de la pregunta 614,0
2456,614,D,Opción D de la pregunta 614,0
2457,615,A,Opción A de la pregunta 615,0
2458,615,B,Opción B de la pregunta 615,0
2459,615,C,Opción C de la pregunta 615,1
2460,615,D,Opción D de la pregunta 615,0
2461,616,A,Opción A de la pregunta 616,0
2462,616,B,Opción B de la pregunta 616,0
2463,616,C,Opción C de la pregunta 616,0
2464,616,D,Opción D de la pregunta 616,1
2465,617,A,Opción A de la pregunta 617,1
2466,617,B,Opción B de la pregunta 617,0
2467,617,C,Opción C de la pregunta 617,0
2468,617,D,Opción D de la pregunta 617,0
2469,618,A,Opción A de la pregunta 618,0
2470,618,B,Opción B de la pregunta 618,0
2471,618,C,Opción C de la pregunta 618,1
2472,618,D,Opción D de la pregunta 618,0
2473,619,A,Opción A de la pregunta 619,0
2474,619,B,Opción B de la pregunta 619,1
2475,619,C,Opción C de la pregunta 619,0
2476,619,D,Opción D de la pregunta 619,0
2477,620,A,Opción A de la pregunta 620,1
2478,620,B,Opción B de la pregunta 620,0
2479,620,C,Opción C de la pregunta 620,0
2480,620,D,Opción D de la pregunta 620,0
2481,621,A,Opción A de la pregunta 621,0
2482,621,B,Opción B de la pregunta 621,1
2483,621,C,Opción C de la pregunta 621,0
2484,621,D,Opción D de la pregunta 621,0
2485,622,A,Opción A de la pregunta 622,0
2486,622,B,Opción B de la pregunta 622,0
2487,622,C,Opción C de la pregunta 622,0
2488,622,D,Opción D de la pregunta 622,1
2489,623,A,Opción A de la pregunta 623,0
2490,623,B,Opción B de la pregunta 623,1
2491,623,C,Opción C de la pregunta 623,0
2492,623,D,Opción D de la pregunta 623,0
2493,624,A,Opción A de la pregunta 624,0
2494,624,B,Opción B de la pregunta 624,1
2495,624,C,Opción C de la pregunta 624,0
2496,624,D,Opción D de la pregunta 624,0
2497,625,A,Opción A de la pregunta 625,0
2498,625,B,Opción B de la pregunta 625,0
2499,625,C,Opción C de la pregunta 625,1
2500,625,D,Opción D de la pregunta 625,0
2501,626,A,Opción A de la pregunta 626,0
2502,626,B,Opción B de la pregunta 626,0
2503,626,C,Opción C de la pregunta 626,0
2504,626,D,Opción D de la pregunta 626,1
2505,627,A,Opción A de la pregunta 627,1
2506,627,B,Opción B de la pregunta 627,0
2507,627,C,Opción C de la pregunta 627,0
2508,627,D,Opción D de la pregunta 627,0
2509,628,A,Opción A de la pregunta 628,1
2510,628,B,Opción B de la pregunta 628,0
2511,628,C,Opción C de la pregunta 628,0
2512,628,D,Opción D de la pregunta 628,0
2513,629,A,Opción A de la pregunta 629,1
2514,629,B,Opción B de la pregunta 629,0
2515,629,C,Opción C de la pregunta 629,0
2516,629,D,Opción D de la pregunta 629,0
2517,630,A,Opción A de la pregunta 630,0
2518,630,B,Opción B de la pregunta 630,0
2519,630,C,Opción C de la pregunta 630,0
2520,630,D,Opción D de la pregunta 630,1
2521,631,A,Opción A de la pregunta 631,0
2522,631,B,Opción B de la pregunta 631,0
2523,631,C,Opción C de la pregunta 631,1
2524,631,D,Opción D de la pregunta 631,0
2525,632,A,Opción A de la pregunta 632,0
2526,632,B,Opción B de la pregunta 632,1
2527,632,C,Opción C de la pregunta 632,0
2528,632,D,Opción D de la pregunta 632,0
2529,633,A,Opción A de la pregunta 633,0
2530,633,B,Opción B de la pregunta 633,0
2531,633,C,Opción C de la pregunta 633,1
2532,633,D,Opción D de la pregunta 633,0
2533,634,A,Opción A de la pregunta 634,1
2534,634,B,Opción B de la pregunta 634,0
2535,634,C,Opción C de la pregunta 634,0
2536,634,D,Opción D de la pregunta 634,0
2537,635,A,Opción A de la pregunta 635,0
2538,635,B,Opción B de la pregunta 635,0
2539,635,C,Opción C de la pregunta 635,0
2540,635,D,Opción D de la pregunta 635,1
2541,636,A,Opción A de la pregunta 636,0
2542,636,B,Opción B de la pregunta 636,1
2543,636,C,Opción C de la pregunta 636,0
2544,636,D,Opción D de la pregunta 636,0
2545,637,A,Opción A de la pregunta 637,0
2546,637,B,Opción B de la pregunta 637,0
2547,637,C,Opción C de la pregunta 637,1
2548,637,D,Opción D de la pregunta 637,0
2549,638,A,Opción A de la pregunta 638,0
2550,638,B,Opción B de la pregunta 638,0
2551,638,C,Opción C de la pregunta 638,0
2552,638,D,Opción D de la pregunta 638,1
2553,639,A,Opción A de la pregunta 639,0
2554,639,B,Opción B de la pregunta 639,0
2555,639,C,Opción C de la pregunta 639,0
2556,639,D,Opción D de la pregunta 639,1
2557,640,A,Opción A de la pregunta 640,0
2558,640,B,Opción B de la pregunta 640,1
2559,640,C,Opción C de la pregunta 640,0
2560,640,D,Opción D de la pregunta 640,0
2561,641,A,Opción A de la pregunta 641,0
2562,641,B,Opción B de la pregunta 641,0
2563,641,C,Opción C de la pregunta 641,1
2564,641,D,Opción D de la pregunta 641,0
2565,642,A,Opción A de la pregunta 642,0
2566,642,B,Opción B de la pregunta 642,1
2567,642,C,Opción C de la pregunta 642,0
2568,642,D,Opción D de la pregunta 642,0
2569,643,A,Opción A de la pregunta 643,1
2570,643,B,Opción B de la pregunta 643,0
2571,643,C,Opción C de la pregunta 643,0
2572,643,D,Opción D de la pregunta 643,0
2573,644,A,Opción A de la pregunta 644,0
2574,644,B,Opción B de la pregunta 644,0
2575,644,C,Opción C de la pregunta 644,0
2576,644,D,Opción D de la pregunta 644,1
2577,645,A,Opción A de la pregunta 645,1
2578,645,B,Opción B de la pregunta 645,0
2579,645,C,Opción C de la pregunta 645,0
2580,645,D,Opción D de la pregunta 645,0
2581,646,A,Opción A de la pregunta 646,0
2582,646,B,Opción B de la pregunta 646,1
2583,646,C,Opción C de la pregunta 646,0
2584,646,D,Opción D de la pregunta 646,0
2585,647,A,Opción A de la pregunta 647,0
2586,647,B,Opción B de la pregunta 647,0
2587,647,C,Opción C de la pregunta 647,0
2588,647,D,Opción D de la pregunta 647,1
2589,648,A,Opción A de la pregunta 648,0
2590,648,B,Opción B de la pregunta 648,0
2591,648,C,Opción C de la pregunta 648,0
2592,648,D,Opción D de la pregunta 648,1
2593,649,A,Opción A de la pregunta 649,0
2594,649,B,Opción B de la pregunta 649,1
2595,649,C,Opción C de la pregunta 649,0
2596,649,D,Opción D de la pregunta 649,0
2597,650,A,Opción A de la pregunta 650,0
2598,650,B,Opción B de la pregunta 650,0
2599,650,C,Opción C de la pregunta 650,0
2600,650,D,Opción D de la pregunta 650,1
2601,651,A,Opción A de la pregunta 651,0
2602,651,B,Opción B de la pregunta 651,0
2603,651,C,Opción C de la pregunta 651,0
2604,651,D,Opción D de la pregunta 651,1
2605,652,A,Opción A de la pregunta 652,0
2606,652,B,Opción B de la pregunta 652,1
2607,652,C,Opción C de la pregunta 652,0
2608,652,D,Opción D de la pregunta 652,0
2609,653,A,Opción A de la pregunta 653,1
2610,653,B,Opción B de la pregunta 653,0
2611,653,C,Opción C de la pregunta 653,0
2612,653,D,Opción D de la pregunta 653,0
2613,654,A,Opción A de la pregunta 654,0
2614,654,B,Opción B de la pregunta 654,1
2615,654,C,Opción C de la pregunta 654,0
2616,654,D,Opción D de la pregunta 654,0
2617,655,A,Opción A de la pregunta 655,1
2618,655,B,Opción B de la pregunta 655,0
2619,655,C,Opción C de la pregunta 655,0
2620,655,D,Opción D de la pregunta 655,0
2621,656,A,Opción A de la pregunta 656,1
2622,656,B,Opción B de la pregunta 656,0
2623,656,C,Opción C de la pregunta 656,0
2624,656,D,Opción D de la pregunta 656,0
2625,657,A,Opción A de la pregunta 657,1
2626,657,B,Opción B de la pregunta 657,0
2627,657,C,Opción C de la pregunta 657,0
2628,657,D,Opción D de la pregunta 657,0
2629,658,A,Opción A de la pregunta 658,0
2630,658,B,Opción B de la pregunta 658,0
2631,658,C,Opción C de la pregunta 658,0
2632,658,D,Opción D de la pregunta 658,1
2633,659,A,Opción A de la pregunta 659,0
2634,659,B,Opción B de la pregunta 659,0
2635,659,C,Opción C de la pregunta 659,1
2636,659,D,Opción D de la pregunta 659,0
2637,660,A,Opción A de la pregunta 660,0
2638,660,B,Opción B de la pregunta 660,0
2639,660,C,Opción C de la pregunta 660,1
2640,660,D,Opción D de la pregunta 660,0
2641,661,A,Opción A de la pregunta 661,1
2642,661,B,Opción B de la pregunta 661,0
2643,661,C,Opción C de la pregunta 661,0
2644,661,D,Opción D de la pregunta 661,0
2645,662,A,Opción A de la pregunta 662,0
2646,662,B,Opción B de la pregunta 662,1
2647,662,C,Opción C de la pregunta 662,0
2648,662,D,Opción D de la pregunta 662,0
2649,663,A,Opción A de la pregunta 663,1
2650,663,B,Opción B de la pregunta 663,0
2651,663,C,Opción C de la pregunta 663,0
2652,663,D,Opción D de la pregunta 663,0
2653,664,A,Opción A de la pregunta 664,1
2654,664,B,Opción B de la pregunta 664,0
2655,664,C,Opción C de la pregunta 664,0
2656,664,D,Opción D de la pregunta 664,0
2657,665,A,Opción A de la pregunta 665,0
2658,665,B,Opción B de la pregunta 665,0
2659,665,C,Opción C de la pregunta 665,0
2660,665,D,Opción D de la pregunta 665,1
2661,666,A,Opción A de la pregunta 666,0
2662,666,B,Opción B de la pregunta 666,0
2663,666,C,Opción C de la pregunta 666,0
2664,666,D,Opción D de la pregunta 666,1
2665,667,A,Opción A de la pregunta 667,1
2666,667,B,Opción B de la pregunta 667,0
2667,667,C,Opción C de la pregunta 667,0
2668,667,D,Opción D de la pregunta 667,0
2669,668,A,Opción A de la pregunta 668,0
2670,668,B,Opción B de la pregunta 668,0
2671,668,C,Opción C de la pregunta 668,0
2672,668,D,Opción D de la pregunta 668,1
2673,669,A,Opción A de la pregunta 669,0
2674,669,B,Opción B de la pregunta 669,0
2675,669,C,Opción C de la pregunta 669,0
2676,669,D,Opción D de la pregunta 669,1
2677,670,A,Opción A de la pregunta 670,0
2678,670,B,Opción B de la pregunta 670,0
2679,670,C,Opción C de la pregunta 670,0
2680,670,D,Opción D de la pregunta 670,1
2681,671,A,Opción A de la pregunta 671,0
2682,671,B,Opción B de la pregunta 671,1
2683,671,C,Opción C de la pregunta 671,0
2684,671,D,Opción D de la pregunta 671,0
2685,672,A,Opción A de la pregunta 672,0
2686,672,B,Opción B de la pregunta 672,1
2687,672,C,Opción C de la pregunta 672,0
2688,672,D,Opción D de la pregunta 672,0
2689,673,A,Opción A de la pregunta 673,1
2690,673,B,Opción B de la pregunta 673,0
2691,673,C,Opción C de la pregunta 673,0
2692,673,D,Opción D de la pregunta 673,0
2693,674,A,Opción A de la pregunta 674,0
2694,674,B,Opción B de la pregunta 674,1
2695,674,C,Opción C de la pregunta 674,0
2696,674,D,Opción D de la pregunta 674,0
2697,675,A,Opción A de la pregunta 675,0
2698,675,B,Opción B de la pregunta 675,1
2699,675,C,Opción C de la pregunta 675,0
2700,675,D,Opción D de la pregunta 675,0
2701,676,A,Opción A de la pregunta 676,0
2702,676,B,Opción B de la pregunta 676,0
2703,676,C,Opción C de la pregunta 676,0
2704,676,D,Opción D de la pregunta 676,1
2705,677,A,Opción A de la pregunta 677,0
2706,677,B,Opción B de la pregunta 677,0
2707,677,C,Opción C de la pregunta 677,0
2708,677,D,Opción D de la pregunta 677,1
2709,678,A,Opción A de la pregunta 678,0
2710,678,B,Opción B de la pregunta 678,1
2711,678,C,Opción C de la pregunta 678,0
2712,678,D,Opción D de la pregunta 678,0
2713,679,A,Opción A de la pregunta 679,0
2714,679,B,Opción B de la pregunta 679,0
2715,679,C,Opción C de la pregunta 679,0
2716,679,D,Opción D de la pregunta 679,1
2717,680,A,Opción A de la pregunta 680,1
2718,680,B,Opción B de la pregunta 680,0
2719,680,C,Opción C de la pregunta 680,0
2720,680,D,Opción D de la pregunta 680,0
2721,681,A,Opción A de la pregunta 681,0
2722,681,B,Opción B de la pregunta 681,1
2723,681,C,Opción C de la pregunta 681,0
2724,681,D,Opción D de la pregunta 681,0
2725,682,A,Opción A de la pregunta 682,0
2726,682,B,Opción B de la pregunta 682,0
2727,682,C,Opción C de la pregunta 682,0
2728,682,D,Opción D de la pregunta 682,1
2729,683,A,Opción A de la pregunta 683,0
2730,683,B,Opción B de la pregunta 683,1
2731,683,C,Opción C de la pregunta 683,0
2732,683,D,Opción D de la pregunta 683,0
2733,684,A,Opción A de la pregunta 684,0
2734,684,B,Opción B de la pregunta 684,0
2735,684,C,Opción C de la pregunta 684,0
2736,684,D,Opción D de la pregunta 684,1
2737,685,A,Opción A de la pregunta 685,0
2738,685,B,Opción B de la pregunta 685,1
2739,685,C,Opción C de la pregunta 685,0
2740,685,D,Opción D de la pregunta 685,0
2741,686,A,Opción A de la pregunta 686,0
2742,686,B,Opción B de la pregunta 686,1
2743,686,C,Opción C de la pregunta 686,0
2744,686,D,Opción D de la pregunta 686,0
2745,687,A,Opción A de la pregunta 687,0
2746,687,B,Opción B de la pregunta 687,1
2747,687,C,Opción C de la pregunta 687,0
2748,687,D,Opción D de la pregunta 687,0
2749,688,A,Opción A de la pregunta 688,0
2750,688,B,Opción B de la pregunta 688,1
2751,688,C,Opción C de la pregunta 688,0
2752,688,D,Opción D de la pregunta 688,0
2753,689,A,Opción A de la pregunta 689,0
2754,689,B,Opción B de la pregunta 689,1
2755,689,C,Opción C de la pregunta 689,0
2756,689,D,Opción D de la pregunta 689,0
2757,690,A,Opción A de la pregunta 690,1
2758,690,B,Opción B de la pregunta 690,0
2759,690,C,Opción C de la pregunta 690,0
2760,690,D,Opción D de la pregunta 690,0
2761,691,A,Opción A de la pregunta 691,0
2762,691,B,Opción B de la pregunta 691,1
2763,691,C,Opción C de la pregunta 691,0
2764,691,D,Opción D de la pregunta 691,0
2765,692,A,Opción A de la pregunta 692,0
2766,692,B,Opción B de la pregunta 692,0
2767,692,C,Opción C de la pregunta 692,1
2768,692,D,Opción D de la pregunta 692,0
2769,693,A,Opción A de la pregunta 693,0
2770,693,B,Opción B de la pregunta 693,0
2771,693,C,Opción C de la pregunta 693,1
2772,693,D,Opción D de la pregunta 693,0
2773,694,A,Opción A de la pregunta 694,1
2774,694,B,Opción B de la pregunta 694,0
2775,694,C,Opción C de la pregunta 694,0
2776,694,D,Opción D de la pregunta 694,0
2777,695,A,Opción A de la pregunta 695,1
2778,695,B,Opción B de la pregunta 695,0
2779,695,C,Opción C de la pregunta 695,0
2780,695,D,Opción D de la pregunta 695,0
2781,696,A,Opción A de la pregunta 696,0
2782,696,B,Opción B de la pregunta 696,0
2783,696,C,Opción C de la pregunta 696,1
2784,696,D,Opción D de la pregunta 696,0
2785,697,A,Opción A de la pregunta 697,0
2786,697,B,Opción B de la pregunta 697,1
2787,697,C,Opción C de la pregunta 697,0
2788,697,D,Opción D de la pregunta 697,0
2789,698,A,Opción A de la pregunta 698,1
2790,698,B,Opción B de la pregunta 698,0
2791,698,C,Opción C de la pregunta 698,0
2792,698,D,Opción D de la pregunta 698,0
2793,699,A,Opción A de la pregunta 699,0
2794,699,B,Opción B de la pregunta 699,0
2795,699,C,Opción C de la pregunta 699,0
2796,699,D,Opción D de la pregunta 699,1
2797,700,A,Opción A de la pregunta 700,0
2798,700,B,Opción B de la pregunta 700,0
2799,700,C,Opción C de la pregunta 700,0
2800,700,D,Opción D de la pregunta 700,1
2801,701,A,Opción A de la pregunta 701,1
2802,701,B,Opción B de la pregunta 701,0
2803,701,C,Opción C de la pregunta 701,0
2804,701,D,Opción D de la pregunta 701,0
2805,702,A,Opción A de la pregunta 702,0
2806,702,B,Opción B de la pregunta 702,1
2807,702,C,Opción C de la pregunta 702,0
2808,702,D,Opción D de la pregunta 702,0
2809,703,A,Opción A de la pregunta 703,0
2810,703,B,Opción B de la pregunta 703,0
2811,703,C,Opción C de la pregunta 703,0
2812,703,D,Opción D de la pregunta 703,1
2813,704,A,Opción A de la pregunta 704,0
2814,704,B,Opción B de la pregunta 704,0
2815,704,C,Opción C de la pregunta 704,1
2816,704,D,Opción D de la pregunta 704,0
2817,705,A,Opción A de la pregunta 705,0
2818,705,B,Opción B de la pregunta 705,1
2819,705,C,Opción C de la pregunta 705,0
2820,705,D,Opción D de la pregunta 705,0
2821,706,A,Opción A de la pregunta 706,0
2822,706,B,Opción B de la pregunta 706,1
2823,706,C,Opción C de la pregunta 706,0
2824,706,D,Opción D de la pregunta 706,0
2825,707,A,Opción A de la pregunta 707,0
2826,707,B,Opción B de la pregunta 707,1
2827,707,C,Opción C de la pregunta 707,0
2828,707,D,Opción D de la pregunta 707,0
2829,708,A,Opción A de la pregunta 708,0
2830,708,B,Opción B de la pregunta 708,0
2831,708,C,Opción C de la pregunta 708,1
2832,708,D,Opción D de la pregunta 708,0
2833,709,A,Opción A de la pregunta 709,0
2834,709,B,Opción B de la pregunta 709,0
2835,709,C,Opción C de la pregunta 709,0
2836,709,D,Opción D de la pregunta 709,1
2837,710,A,Opción A de la pregunta 710,0
2838,710,B,Opción B de la pregunta 710,0
2839,710,C,Opción C de la pregunta 710,0
2840,710,D,Opción D de la pregunta 710,1
2841,711,A,Opción A de la pregunta 711,1
2842,711,B,Opción B de la pregunta 711,0
2843,711,C,Opción C de la pregunta 711,0
2844,711,D,Opción D de la pregunta 711,0
2845,712,A,Opción A de la pregunta 712,0
2846,712,B,Opción B de la pregunta 712,0
2847,712,C,Opción C de la pregunta 712,1
2848,712,D,Opción D de la pregunta 712,0
2849,713,A,Opción A de la pregunta 713,0
2850,713,B,Opción B de la pregunta 713,0
2851,713,C,Opción C de la pregunta 713,0
2852,713,D,Opción D de la pregunta 713,1
2853,714,A,Opción A de la pregunta 714,1
2854,714,B,Opción B de la pregunta 714,0
2855,714,C,Opción C de la pregunta 714,0
2856,714,D,Opción D de la pregunta 714,0
2857,715,A,Opción A de la pregunta 715,0
2858,715,B,Opción B de la pregunta 715,0
2859,715,C,Opción C de la pregunta 715,0
2860,715,D,Opción D de la pregunta 715,1
2861,716,A,Opción A de la pregunta 716,0
2862,716,B,Opción B de la pregunta 716,0
2863,716,C,Opción C de la pregunta 716,1
2864,716,D,Opción D de la pregunta 716,0
2865,717,A,Opción A de la pregunta 717,0
2866,717,B,Opción B de la pregunta 717,1
2867,717,C,Opción C de la pregunta 717,0
2868,717,D,Opción D de la pregunta 717,0
2869,718,A,Opción A de la pregunta 718,1
2870,718,B,Opción B de la pregunta 718,0
2871,718,C,Opción C de la pregunta 718,0
2872,718,D,Opción D de la pregunta 718,0
2873,719,A,Opción A de la pregunta 719,0
2874,719,B,Opción B de la pregunta 719,0
2875,719,C,Opción C de la pregunta 719,0
2876,719,D,Opción D de la pregunta 719,1
2877,720,A,Opción A de la pregunta 720,0
2878,720,B,Opción B de la pregunta 720,0
2879,720,C,Opción C de la pregunta 720,0
2880,720,D,Opción D de la pregunta 720,1
2881,721,A,Opción A de la pregunta 721,1
2882,721,B,Opción B de la pregunta 721,0
2883,721,C,Opción C de la pregunta 721,0
2884,721,D,Opción D de la pregunta 721,0
2885,722,A,Opción A de la pregunta 722,1
2886,722,B,Opción B de la pregunta 722,0
2887,722,C,Opción C de la pregunta 722,0
2888,722,D,Opción D de la pregunta 722,0
2889,723,A,Opción A de la pregunta 723,1
2890,723,B,Opción B de la pregunta 723,0
2891,723,C,Opción C de la pregunta 723,0
2892,723,D,Opción D de la pregunta 723,0
2893,724,A,Opción A de la pregunta 724,0
2894,724,B,Opción B de la pregunta 724,1
2895,724,C,Opción C de la pregunta 724,0
2896,724,D,Opción D de la pregunta 724,0
2897,725,A,Opción A de la pregunta 725,1
2898,725,B,Opción B de la pregunta 725,0
2899,725,C,Opción C de la pregunta 725,0
2900,725,D,Opción D de la pregunta 725,0
2901,726,A,Opción A de la pregunta 726,0
2902,726,B,Opción B de la pregunta 726,0
2903,726,C,Opción C de la pregunta 726,0
2904,726,D,Opción D de la pregunta 726,1
2905,727,A,Opción A de la pregunta 727,1
2906,727,B,Opción B de la pregunta 727,0
2907,727,C,Opción C de la pregunta 727,0
2908,727,D,Opción D de la pregunta 727,0
2909,728,A,Opción A de la pregunta 728,1
2910,728,B,Opción B de la pregunta 728,0
2911,728,C,Opción C de la pregunta 728,0
2912,728,D,Opción D de la pregunta 728,0
2913,729,A,Opción A de la pregunta 729,0
2914,729,B,Opción B de la pregunta 729,0
2915,729,C,Opción C de la pregunta 729,1
2916,729,D,Opción D de la pregunta 729,0
2917,730,A,Opción A de la pregunta 730,1
2918,730,B,Opción B de la pregunta 730,0
2919,730,C,Opción C de la pregunta 730,0
2920,730,D,Opción D de la pregunta 730,0
2921,731,A,Opción A de la pregunta 731,0
2922,731,B,Opción B de la pregunta 731,0
2923,731,C,Opción C de la pregunta 731,1
2924,731,D,Opción D de la pregunta 731,0
2925,732,A,Opción A de la pregunta 732,1
2926,732,B,Opción B de la pregunta 732,0
2927,732,C,Opción C de la pregunta 732,0
2928,732,D,Opción D de la pregunta 732,0
2929,733,A,Opción A de la pregunta 733,0
2930,733,B,Opción B de la pregunta 733,0
2931,733,C,Opción C de la pregunta 733,0
2932,733,D,Opción D de la pregunta 733,1
2933,734,A,Opción A de la pregunta 734,1
2934,734,B,Opción B de la pregunta 734,0
2935,734,C,Opción C de la pregunta 734,0
2936,734,D,Opción D de la pregunta 734,0
2937,735,A,Opción A de la pregunta 735,0
2938,735,B,Opción B de la pregunta 735,0
2939,735,C,Opción C de la pregunta 735,0
2940,735,D,Opción D de la pregunta 735,1
2941,736,A,Opción A de la pregunta 736,0
2942,736,B,Opción B de la pregunta 736,0
2943,736,C,Opción C de la pregunta 736,0
2944,736,D,Opción D de la pregunta 736,1
2945,737,A,Opción A de la pregunta 737,0
2946,737,B,Opción B de la pregunta 737,0
2947,737,C,Opción C de la pregunta 737,1
2948,737,D,Opción D de la pregunta 737,0
2949,738,A,Opción A de la pregunta 738,0
2950,738,B,Opción B de la pregunta 738,1
2951,738,C,Opción C de la pregunta 738,0
2952,738,D,Opción D de la pregunta 738,0
2953,739,A,Opción A de la pregunta 739,1
2954,739,B,Opción B de la pregunta 739,0
2955,739,C,Opción C de la pregunta 739,0
2956,739,D,Opción D de la pregunta 739,0
2957,740,A,Opción A de la pregunta 740,0
2958,740,B,Opción B de la pregunta 740,0
2959,740,C,Opción C de la pregunta 740,1
2960,740,D,Opción D de la pregunta 740,0
2961,741,A,Opción A de la pregunta 741,0
2962,741,B,Opción B de la pregunta 741,0
2963,741,C,Opción C de la pregunta 741,1
2964,741,D,Opción D de la pregunta 741,0
2965,742,A,Opción A de la pregunta 742,1
2966,742,B,Opción B de la pregunta 742,0
2967,742,C,Opción C de la pregunta 742,0
2968,742,D,Opción D de la pregunta 742,0
2969,743,A,Opción A de la pregunta 743,0
2970,743,B,Opción B de la pregunta 743,1
2971,743,C,Opción C de la pregunta 743,0
2972,743,D,Opción D de la pregunta 743,0
2973,744,A,Opción A de la pregunta 744,0
2974,744,B,Opción B de la pregunta 744,1
2975,744,C,Opción C de la pregunta 744,0
2976,744,D,Opción D de la pregunta 744,0
2977,745,A,Opción A de la pregunta 745,0
2978,745,B,Opción B de la pregunta 745,1
2979,745,C,Opción C de la pregunta 745,0
2980,745,D,Opción D de la pregunta 745,0
2981,746,A,Opción A de la pregunta 746,1
2982,746,B,Opción B de la pregunta 746,0
2983,746,C,Opción C de la pregunta 746,0
2984,746,D,Opción D de la pregunta 746,0
2985,747,A,Opción A de la pregunta 747,0
2986,747,B,Opción B de la pregunta 747,0
2987,747,C,Opción C de la pregunta 747,0
2988,747,D,Opción D de la pregunta 747,1
2989,748,A,Opción A de la pregunta 748,1
2990,748,B,Opción B de la pregunta 748,0
2991,748,C,Opción C de la pregunta 748,0
2992,748,D,Opción D de la pregunta 748,0
2993,749,A,Opción A de la pregunta 749,1
2994,749,B,Opción B de la pregunta 749,0
2995,749,C,Opción C de la pregunta 749,0
2996,749,D,Opción D de la pregunta 749,0
2997,750,A,Opción A de la pregunta 750,0
2998,750,B,Opción B de la pregunta 750,1
2999,750,C,Opción C de la pregunta 750,0
3000,750,D,Opción D de la pregunta 750,0
3001,751,A,Opción A de la pregunta 751,0
3002,751,B,Opción B de la pregunta 751,0
3003,751,C,Opción C de la pregunta 751,1
3004,751,D,Opción D de la pregunta 751,0
3005,752,A,Opción A de la pregunta 752,0
3006,752,B,Opción B de la pregunta 752,1
3007,752,C,Opción C de la pregunta 752,0
3008,752,D,Opción D de la pregunta 752,0
3009,753,A,Opción A de la pregunta 753,1
3010,753,B,Opción B de la pregunta 753,0
3011,753,C,Opción C de la pregunta 753,0
3012,753,D,Opción D de la pregunta 753,0
3013,754,A,Opción A de la pregunta 754,0
3014,754,B,Opción B de la pregunta 754,0
3015,754,C,Opción C de la pregunta 754,0
3016,754,D,Opción D de la pregunta 754,1
3017,755,A,Opción A de la pregunta 755,1
3018,755,B,Opción B de la pregunta 755,0
3019,755,C,Opción C de la pregunta 755,0
3020,755,D,Opción D de la pregunta 755,0
3021,756,A,Opción A de la pregunta 756,0
3022,756,B,Opción B de la pregunta 756,0
3023,756,C,Opción C de la pregunta 756,0
3024,756,D,Opción D de la pregunta 756,1
3025,757,A,Opción A de la pregunta 757,0
3026,757,B,Opción B de la pregunta 757,1
3027,757,C,Opción C de la pregunta 757,0
3028,757,D,Opción D de la pregunta 757,0
3029,758,A,Opción A de la pregunta 758,1
3030,758,B,Opción B de la pregunta 758,0
3031,758,C,Opción C de la pregunta 758,0
3032,758,D,Opción D de la pregunta 758,0
3033,759,A,Opción A de la pregunta 759,0
3034,759,B,Opción B de la pregunta 759,0
3035,759,C,Opción C de la pregunta 759,0
3036,759,D,Opción D de la pregunta 759,1
3037,760,A,Opción A de la pregunta 760,0
3038,760,B,Opción B de la pregunta 760,1
3039,760,C,Opción C de la pregunta 760,0
3040,760,D,Opción D de la pregunta 760,0
3041,761,A,Opción A de la pregunta 761,0
3042,761,B,Opción B de la pregunta 761,1
3043,761,C,Opción C de la pregunta 761,0
3044,761,D,Opción D de la pregunta 761,0
3045,762,A,Opción A de la pregunta 762,0
3046,762,B,Opción B de la pregunta 762,1
3047,762,C,Opción C de la pregunta 762,0
3048,762,D,Opción D de la pregunta 762,0
3049,763,A,Opción A de la pregunta 763,0
3050,763,B,Opción B de la pregunta 763,0
3051,763,C,Opción C de la pregunta 763,1
3052,763,D,Opción D de la pregunta 763,0
3053,764,A,Opción A de la pregunta 764,0
3054,764,B,Opción B de la pregunta 764,1
3055,764,C,Opción C de la pregunta 764,0
3056,764,D,Opción D de la pregunta 764,0
3057,765,A,Opción A de la pregunta 765,0
3058,765,B,Opción B de la pregunta 765,0
3059,765,C,Opción C de la pregunta 765,1
3060,765,D,Opción D de la pregunta 765,0
3061,766,A,Opción A de la pregunta 766,1
3062,766,B,Opción B de la pregunta 766,0
3063,766,C,Opción C de la pregunta 766,0
3064,766,D,Opción D de la pregunta 766,0
3065,767,A,Opción A de la pregunta 767,0
3066,767,B,Opción B de la pregunta 767,0
3067,767,C,Opción C de la pregunta 767,0
3068,767,D,Opción D de la pregunta 767,1
3069,768,A,Opción A de la pregunta 768,0
3070,768,B,Opción B de la pregunta 768,1
3071,768,C,Opción C de la pregunta 768,0
3072,768,D,Opción D de la pregunta 768,0
3073,769,A,Opción A de la pregunta 769,0
3074,769,B,Opción B de la pregunta 769,1
3075,769,C,Opción C de la pregunta 769,0
3076,769,D,Opción D de la pregunta 769,0
3077,770,A,Opción A de la pregunta 770,0
3078,770,B,Opción B de la pregunta 770,0
3079,770,C,Opción C de la pregunta 770,1
3080,770,D,Opción D de la pregunta 770,0
3081,771,A,Opción A de la pregunta 771,0
3082,771,B,Opción B de la pregunta 771,0
3083,771,C,Opción C de la pregunta 771,0
3084,771,D,Opción D de la pregunta 771,1
3085,772,A,Opción A de la pregunta 772,1
3086,772,B,Opción B de la pregunta 772,0
3087,772,C,Opción C de la pregunta 772,0
3088,772,D,Opción D de la pregunta 772,0
3089,773,A,Opción A de la pregunta 773,1
3090,773,B,Opción B de la pregunta 773,0
3091,773,C,Opción C de la pregunta 773,0
3092,773,D,Opción D de la pregunta 773,0
3093,774,A,Opción A de la pregunta 774,0
3094,774,B,Opción B de la pregunta 774,0
3095,774,C,Opción C de la pregunta 774,1
3096,774,D,Opción D de la pregunta 774,0
3097,775,A,Opción A de la pregunta 775,0
3098,775,B,Opción B de la pregunta 775,0
3099,775,C,Opción C de la pregunta 775,1
3100,775,D,Opción D de la pregunta 775,0
3101,776,A,Opción A de la pregunta 776,1
3102,776,B,Opción B de la pregunta 776,0
3103,776,C,Opción C de la pregunta 776,0
3104,776,D,Opción D de la pregunta 776,0
3105,777,A,Opción A de la pregunta 777,0
3106,777,B,Opción B de la pregunta 777,0
3107,777,C,Opción C de la pregunta 777,1
3108,777,D,Opción D de la pregunta 777,0
3109,778,A,Opción A de la pregunta 778,0
3110,778,B,Opción B de la pregunta 778,0
3111,778,C,Opción C de la pregunta 778,0
3112,778,D,Opción D de la pregunta 778,1
3113,779,A,Opción A de la pregunta 779,0
3114,779,B,Opción B de la pregunta 779,0
3115,779,C,Opción C de la pregunta 779,1
3116,779,D,Opción D de la pregunta 779,0
3117,780,A,Opción A de la pregunta 780,0
3118,780,B,Opción B de la pregunta 780,0
3119,780,C,Opción C de la pregunta 780,0
3120,780,D,Opción D de la pregunta 780,1
3121,781,A,Opción A de la pregunta 781,0
3122,781,B,Opción B de la pregunta 781,0
3123,781,C,Opción C de la pregunta 781,0
3124,781,D,Opción D de la pregunta 781,1
3125,782,A,Opción A de la pregunta 782,0
3126,782,B,Opción B de la pregunta 782,0
3127,782,C,Opción C de la pregunta 782,1
3128,782,D,Opción D de la pregunta 782,0
3129,783,A,Opción A de la pregunta 783,0
3130,783,B,Opción B de la pregunta 783,1
3131,783,C,Opción C de la pregunta 783,0
3132,783,D,Opción D de la pregunta 783,0
3133,784,A,Opción A de la pregunta 784,0
3134,784,B,Opción B de la pregunta 784,0
3135,784,C,Opción C de la pregunta 784,0
3136,784,D,Opción D de la pregunta 784,1
3137,785,A,Opción A de la pregunta 785,0
3138,785,B,Opción B de la pregunta 785,0
3139,785,C,Opción C de la pregunta 785,1
3140,785,D,Opción D de la pregunta 785,0
3141,786,A,Opción A de la pregunta 786,1
3142,786,B,Opción B de la pregunta 786,0
3143,786,C,Opción C de la pregunta 786,0
3144,786,D,Opción D de la pregunta 786,0
3145,787,A,Opción A de la pregunta 787,1
3146,787,B,Opción B de la pregunta 787,0
3147,787,C,Opción C de la pregunta 787,0
3148,787,D,Opción D de la pregunta 787,0
3149,788,A,Opción A de la pregunta 788,0
3150,788,B,Opción B de la pregunta 788,0
3151,788,C,Opción C de la pregunta 788,1
3152,788,D,Opción D de la pregunta 788,0
3153,789,A,Opción A de la pregunta 789,0
3154,789,B,Opción B de la pregunta 789,0
3155,789,C,Opción C de la pregunta 789,1
3156,789,D,Opción D de la pregunta 789,0
3157,790,A,Opción A de la pregunta 790,0
3158,790,B,Opción B de la pregunta 790,0
3159,790,C,Opción C de la pregunta 790,1
3160,790,D,Opción D de la pregunta 790,0
3161,791,A,Opción A de la pregunta 791,0
3162,791,B,Opción B de la pregunta 791,1
3163,791,C,Opción C de la pregunta 791,0
3164,791,D,Opción D de la pregunta 791,0
3165,792,A,Opción A de la pregunta 792,0
3166,792,B,Opción B de la pregunta 792,0
3167,792,C,Opción C de la pregunta 792,0
3168,792,D,Opción D de la pregunta 792,1
3169,793,A,Opción A de la pregunta 793,0
3170,793,B,Opción B de la pregunta 793,1
3171,793,C,Opción C de la pregunta 793,0
3172,793,D,Opción D de la pregunta 793,0
3173,794,A,Opción A de la pregunta 794,0
3174,794,B,Opción B de la pregunta 794,0
3175,794,C,Opción C de la pregunta 794,1
3176,794,D,Opción D de la pregunta 794,0
3177,795,A,Opción A de la pregunta 795,1
3178,795,B,Opción B de la pregunta 795,0
3179,795,C,Opción C de la pregunta 795,0
3180,795,D,Opción D de la pregunta 795,0
3181,796,A,Opción A de la pregunta 796,1
3182,796,B,Opción B de la pregunta 796,0
3183,796,C,Opción C de la pregunta 796,0
3184,796,D,Opción D de la pregunta 796,0
3185,797,A,Opción A de la pregunta 797,0
3186,797,B,Opción B de la pregunta 797,0
3187,797,C,Opción C de la pregunta 797,1
3188,797,D,Opción D de la pregunta 797,0
3189,798,A,Opción A de la pregunta 798,0
3190,798,B,Opción B de la pregunta 798,0
3191,798,C,Opción C de la pregunta 798,1
3192,798,D,Opción D de la pregunta 798,0
3193,799,A,Opción A de la pregunta 799,1
3194,799,B,Opción B de la pregunta 799,0
3195,799,C,Opción C de la pregunta 799,0
3196,799,D,Opción D de la pregunta 799,0
3197,800,A,Opción A de la pregunta 800,1
3198,800,B,Opción B de la pregunta 800,0
3199,800,C,Opción C de la pregunta 800,0
3200,800,D,Opción D de la pregunta 800,0
3201,801,A,Opción A de la pregunta 801,0
3202,801,B,Opción B de la pregunta 801,1
3203,801,C,Opción C de la pregunta 801,0
3204,801,D,Opción D de la pregunta 801,0
3205,802,A,Opción A de la pregunta 802,1
3206,802,B,Opción B de la pregunta 802,0
3207,802,C,Opción C de la pregunta 802,0
3208,802,D,Opción D de la pregunta 802,0
3209,803,A,Opción A de la pregunta 803,1
3210,803,B,Opción B de la pregunta 803,0
3211,803,C,Opción C de la pregunta 803,0
3212,803,D,Opción D de la pregunta 803,0
3213,804,A,Opción A de la pregunta 804,0
3214,804,B,Opción B de la pregunta 804,0
3215,804,C,Opción C de la pregunta 804,1
3216,804,D,Opción D de la pregunta 804,0
3217,805,A,Opción A de la pregunta 805,0
3218,805,B,Opción B de la pregunta 805,0
3219,805,C,Opción C de la pregunta 805,0
3220,805,D,Opción D de la pregunta 805,1
3221,806,A,Opción A de la pregunta 806,0
3222,806,B,Opción B de la pregunta 806,0
3223,806,C,Opción C de la pregunta 806,1
3224,806,D,Opción D de la pregunta 806,0
3225,807,A,Opción A de la pregunta 807,0
3226,807,B,Opción B de la pregunta 807,0
3227,807,C,Opción C de la pregunta 807,0
3228,807,D,Opción D de la pregunta 807,1
3229,808,A,Opción A de la pregunta 808,1
3230,808,B,Opción B de la pregunta 808,0
3231,808,C,Opción C de la pregunta 808,0
3232,808,D,Opción D de la pregunta 808,0
3233,809,A,Opción A de la pregunta 809,0
3234,809,B,Opción B de la pregunta 809,0
3235,809,C,Opción C de la pregunta 809,0
3236,809,D,Opción D de la pregunta 809,1
3237,810,A,Opción A de la pregunta 810,0
3238,810,B,Opción B de la pregunta 810,0
3239,810,C,Opción C de la pregunta 810,0
3240,810,D,Opción D de la pregunta 810,1
3241,811,A,Opción A de la pregunta 811,0
3242,811,B,Opción B de la pregunta 811,0
3243,811,C,Opción C de la pregunta 811,0
3244,811,D,Opción D de la pregunta 811,1
3245,812,A,Opción A de la pregunta 812,0
3246,812,B,Opción B de la pregunta 812,1
3247,812,C,Opción C de la pregunta 812,0
3248,812,D,Opción D de la pregunta 812,0
3249,813,A,Opción A de la pregunta 813,0
3250,813,B,Opción B de la pregunta 813,0
3251,813,C,Opción C de la pregunta 813,0
3252,813,D,Opción D de la pregunta 813,1
3253,814,A,Opción A de la pregunta 814,0
3254,814,B,Opción B de la pregunta 814,1
3255,814,C,Opción C de la pregunta 814,0
3256,814,D,Opción D de la pregunta 814,0
3257,815,A,Opción A de la pregunta 815,0
3258,815,B,Opción B de la pregunta 815,0
3259,815,C,Opción C de la pregunta 815,0
3260,815,D,Opción D de la pregunta 815,1
3261,816,A,Opción A de la pregunta 816,0
3262,816,B,Opción B de la pregunta 816,1
3263,816,C,Opción C de la pregunta 816,0
3264,816,D,Opción D de la pregunta 816,0
3265,817,A,Opción A de la pregunta 817,0
3266,817,B,Opción B de la pregunta 817,1
3267,817,C,Opción C de la pregunta 817,0
3268,817,D,Opción D de la pregunta 817,0
3269,818,A,Opción A de la pregunta 818,1
3270,818,B,Opción B de la pregunta 818,0
3271,818,C,Opción C de la pregunta 818,0
3272,818,D,Opción D de la pregunta 818,0
3273,819,A,Opción A de la pregunta 819,1
3274,819,B,Opción B de la pregunta 819,0
3275,819,C,Opción C de la pregunta 819,0
3276,819,D,Opción D de la pregunta 819,0
3277,820,A,Opción A de la pregunta 820,0
3278,820,B,Opción B de la pregunta 820,0
3279,820,C,Opción C de la pregunta 820,1
3280,820,D,Opción D de la pregunta 820,0
3281,821,A,Opción A de la pregunta 821,0
3282,821,B,Opción B de la pregunta 821,1
3283,821,C,Opción C de la pregunta 821,0
3284,821,D,Opción D de la pregunta 821,0
3285,822,A,Opción A de la pregunta 822,0
3286,822,B,Opción B de la pregunta 822,1
3287,822,C,Opción C de la pregunta 822,0
3288,822,D,Opción D de la pregunta 822,0
3289,823,A,Opción A de la pregunta 823,1
3290,823,B,Opción B de la pregunta 823,0
3291,823,C,Opción C de la pregunta 823,0
3292,823,D,Opción D de la pregunta 823,0
3293,824,A,Opción A de la pregunta 824,0
3294,824,B,Opción B de la pregunta 824,1
3295,824,C,Opción C de la pregunta 824,0
3296,824,D,Opción D de la pregunta 824,0
3297,825,A,Opción A de la pregunta 825,0
3298,825,B,Opción B de la pregunta 825,1
3299,825,C,Opción C de la pregunta 825,0
3300,825,D,Opción D de la pregunta 825,0
3301,826,A,Opción A de la pregunta 826,0
3302,826,B,Opción B de la pregunta 826,0
3303,826,C,Opción C de la pregunta 826,0
3304,826,D,Opción D de la pregunta 826,1
3305,827,A,Opción A de la pregunta 827,0
3306,827,B,Opción B de la pregunta 827,0
3307,827,C,Opción C de la pregunta 827,1
3308,827,D,Opción D de la pregunta 827,0
3309,828,A,Opción A de la pregunta 828,0
3310,828,B,Opción B de la pregunta 828,1
3311,828,C,Opción C de la pregunta 828,0
3312,828,D,Opción D de la pregunta 828,0
3313,829,A,Opción A de la pregunta 829,0
3314,829,B,Opción B de la pregunta 829,1
3315,829,C,Opción C de la pregunta 829,0
3316,829,D,Opción D de la pregunta 829,0
3317,830,A,Opción A de la pregunta 830,1
3318,830,B,Opción B de la pregunta 830,0
3319,830,C,Opción C de la pregunta 830,0
3320,830,D,Opción D de la pregunta 830,0
3321,831,A,Opción A de la pregunta 831,0
3322,831,B,Opción B de la pregunta 831,1
3323,831,C,Opción C de la pregunta 831,0
3324,831,D,Opción D de la pregunta 831,0
3325,832,A,Opción A de la pregunta 832,0
3326,832,B,Opción B de la pregunta 832,0
3327,832,C,Opción C de la pregunta 832,0
3328,832,D,Opción D de la pregunta 832,1
3329,833,A,Opción A de la pregunta 833,0
3330,833,B,Opción B de la pregunta 833,1
3331,833,C,Opción C de la pregunta 833,0
3332,833,D,Opción D de la pregunta 833,0
3333,834,A,Opción A de la pregunta 834,0
3334,834,B,Opción B de la pregunta 834,1
3335,834,C,Opción C de la pregunta 834,0
3336,834,D,Opción D de la pregunta 834,0
3337,835,A,Opción A de la pregunta 835,0
3338,835,B,Opción B de la pregunta 835,1
3339,835,C,Opción C de la pregunta 835,0
3340,835,D,Opción D de la pregunta 835,0
3341,836,A,Opción A de la pregunta 836,1
3342,836,B,Opción B de la pregunta 836,0
3343,836,C,Opción C de la pregunta 836,0
3344,836,D,Opción D de la pregunta 836,0
3345,837,A,Opción A de la pregunta 837,0
3346,837,B,Opción B de la pregunta 837,0
3347,837,C,Opción C de la pregunta 837,0
3348,837,D,Opción D de la pregunta 837,1
3349,838,A,Opción A de la pregunta 838,0
3350,838,B,Opción B de la pregunta 838,1
3351,838,C,Opción C de la pregunta 838,0
3352,838,D,Opción D de la pregunta 838,0
3353,839,A,Opción A de la pregunta 839,1
3354,839,B,Opción B de la pregunta 839,0
3355,839,C,Opción C de la pregunta 839,0
3356,839,D,Opción D de la pregunta 839,0
3357,840,A,Opción A de la pregunta 840,1
3358,840,B,Opción B de la pregunta 840,0
3359,840,C,Opción C de la pregunta 840,0
3360,840,D,Opción D de la pregunta 840,0
3361,841,A,Opción A de la pregunta 841,1
3362,841,B,Opción B de la pregunta 841,0
3363,841,C,Opción C de la pregunta 841,0
3364,841,D,Opción D de la pregunta 841,0
3365,842,A,Opción A de la pregunta 842,0
3366,842,B,Opción B de la pregunta 842,0
3367,842,C,Opción C de la pregunta 842,0
3368,842,D,Opción D de la pregunta 842,1
3369,843,A,Opción A de la pregunta 843,0
3370,843,B,Opción B de la pregunta 843,0
3371,843,C,Opción C de la pregunta 843,0
3372,843,D,Opción D de la pregunta 843,1
3373,844,A,Opción A de la pregunta 844,0
3374,844,B,Opción B de la pregunta 844,0
3375,844,C,Opción C de la pregunta 844,1
3376,844,D,Opción D de la pregunta 844,0
3377,845,A,Opción A de la pregunta 845,0
3378,845,B,Opción B de la pregunta 845,0
3379,845,C,Opción C de la pregunta 845,0
3380,845,D,Opción D de la pregunta 845,1
3381,846,A,Opción A de la pregunta 846,0
3382,846,B,Opción B de la pregunta 846,1
3383,846,C,Opción C de la pregunta 846,0
3384,846,D,Opción D de la pregunta 846,0
3385,847,A,Opción A de la pregunta 847,1
3386,847,B,Opción B de la pregunta 847,0
3387,847,C,Opción C de la pregunta 847,0
3388,847,D,Opción D de la pregunta 847,0
3389,848,A,Opción A de la pregunta 848,0
3390,848,B,Opción B de la pregunta 848,0
3391,848,C,Opción C de la pregunta 848,1
3392,848,D,Opción D de la pregunta 848,0
3393,849,A,Opción A de la pregunta 849,1
3394,849,B,Opción B de la pregunta 849,0
3395,849,C,Opción C de la pregunta 849,0
3396,849,D,Opción D de la pregunta 849,0
3397,850,A,Opción A de la pregunta 850,0
3398,850,B,Opción B de la pregunta 850,0
3399,850,C,Opción C de la pregunta 850,0
3400,850,D,Opción D de la pregunta 850,1
3401,851,A,Opción A de la pregunta 851,0
3402,851,B,Opción B de la pregunta 851,0
3403,851,C,Opción C de la pregunta 851,1
3404,851,D,Opción D de la pregunta 851,0
3405,852,A,Opción A de la pregunta 852,0
3406,852,B,Opción B de la pregunta 852,0
3407,852,C,Opción C de la pregunta 852,0
3408,852,D,Opción D de la pregunta 852,1
3409,853,A,Opción A de la pregunta 853,0
3410,853,B,Opción B de la pregunta 853,0
3411,853,C,Opción C de la pregunta 853,1
3412,853,D,Opción D de la pregunta 853,0
3413,854,A,Opción A de la pregunta 854,0
3414,854,B,Opción B de la pregunta 854,0
3415,854,C,Opción C de la pregunta 854,1
3416,854,D,Opción D de la pregunta 854,0
3417,855,A,Opción A de la pregunta 855,1
3418,855,B,Opción B de la pregunta 855,0
3419,855,C,Opción C de la pregunta 855,0
3420,855,D,Opción D de la pregunta 855,0
3421,856,A,Opción A de la pregunta 856,0
3422,856,B,Opción B de la pregunta 856,1
3423,856,C,Opción C de la pregunta 856,0
3424,856,D,Opción D de la pregunta 856,0
3425,857,A,Opción A de la pregunta 857,0
3426,857,B,Opción B de la pregunta 857,0
3427,857,C,Opción C de la pregunta 857,0
3428,857,D,Opción D de la pregunta 857,1
3429,858,A,Opción A de la pregunta 858,1
3430,858,B,Opción B de la pregunta 858,0
3431,858,C,Opción C de la pregunta 858,0
3432,858,D,Opción D de la pregunta 858,0
3433,859,A,Opción A de la pregunta 859,0
3434,859,B,Opción B de la pregunta 859,0
3435,859,C,Opción C de la pregunta 859,1
3436,859,D,Opción D de la pregunta 859,0
3437,860,A,Opción A de la pregunta 860,0
3438,860,B,Opción B de la pregunta 860,1
3439,860,C,Opción C de la pregunta 860,0
3440,860,D,Opción D de la pregunta 860,0
3441,861,A,Opción A de la pregunta 861,0
3442,861,B,Opción B de la pregunta 861,0
3443,861,C,Opción C de la pregunta 861,1
3444,861,D,Opción D de la pregunta 861,0
3445,862,A,Opción A de la pregunta 862,0
3446,862,B,Opción B de la pregunta 862,1
3447,862,C,Opción C de la pregunta 862,0
3448,862,D,Opción D de la pregunta 862,0
3449,863,A,Opción A de la pregunta 863,0
3450,863,B,Opción B de la pregunta 863,0
3451,863,C,Opción C de la pregunta 863,0
3452,863,D,Opción D de la pregunta 863,1
3453,864,A,Opción A de la pregunta 864,1
3454,864,B,Opción B de la pregunta 864,0
3455,864,C,Opción C de la pregunta 864,0
3456,864,D,Opción D de la pregunta 864,0
3457,865,A,Opción A de la pregunta 865,0
3458,865,B,Opción B de la pregunta 865,0
3459,865,C,Opción C de la pregunta 865,1
3460,865,D,Opción D de la pregunta 865,0
3461,866,A,Opción A de la pregunta 866,0
3462,866,B,Opción B de la pregunta 866,0
3463,866,C,Opción C de la pregunta 866,0
3464,866,D,Opción D de la pregunta 866,1
3465,867,A,Opción A de la pregunta 867,1
3466,867,B,Opción B de la pregunta 867,0
3467,867,C,Opción C de la pregunta 867,0
3468,867,D,Opción D de la pregunta 867,0
3469,868,A,Opción A de la pregunta 868,0
3470,868,B,Opción B de la pregunta 868,0
3471,868,C,Opción C de la pregunta 868,0
3472,868,D,Opción D de la pregunta 868,1
3473,869,A,Opción A de la pregunta 869,0
3474,869,B,Opción B de la pregunta 869,0
3475,869,C,Opción C de la pregunta 869,0
3476,869,D,Opción D de la pregunta 869,1
3477,870,A,Opción A de la pregunta 870,0
3478,870,B,Opción B de la pregunta 870,0
3479,870,C,Opción C de la pregunta 870,0
3480,870,D,Opción D de la pregunta 870,1
3481,871,A,Opción A de la pregunta 871,0
3482,871,B,Opción B de la pregunta 871,1
3483,871,C,Opción C de la pregunta 871,0
3484,871,D,Opción D de la pregunta 871,0
3485,872,A,Opción A de la pregunta 872,1
3486,872,B,Opción B de la pregunta 872,0
3487,872,C,Opción C de la pregunta 872,0
3488,872,D,Opción D de la pregunta 872,0
3489,873,A,Opción A de la pregunta 873,0
3490,873,B,Opción B de la pregunta 873,0
3491,873,C,Opción C de la pregunta 873,1
3492,873,D,Opción D de la pregunta 873,0
3493,874,A,Opción A de la pregunta 874,0
3494,874,B,Opción B de la pregunta 874,0
3495,874,C,Opción C de la pregunta 874,0
3496,874,D,Opción D de la pregunta 874,1
3497,875,A,Opción A de la pregunta 875,1
3498,875,B,Opción B de la pregunta 875,0
3499,875,C,Opción C de la pregunta 875,0
3500,875,D,Opción D de la pregunta 875,0
3501,876,A,Opción A de la pregunta 876,1
3502,876,B,Opción B de la pregunta 876,0
3503,876,C,Opción C de la pregunta 876,0
3504,876,D,Opción D de la pregunta 876,0
3505,877,A,Opción A de la pregunta 877,0
3506,877,B,Opción B de la pregunta 877,0
3507,877,C,Opción C de la pregunta 877,0
3508,877,D,Opción D de la pregunta 877,1
3509,878,A,Opción A de la pregunta 878,1
3510,878,B,Opción B de la pregunta 878,0
3511,878,C,Opción C de la pregunta 878,0
3512,878,D,Opción D de la pregunta 878,0
3513,879,A,Opción A de la pregunta 879,0
3514,879,B,Opción B de la pregunta 879,1
3515,879,C,Opción C de la pregunta 879,0
3516,879,D,Opción D de la pregunta 879,0
3517,880,A,Opción A de la pregunta 880,0
3518,880,B,Opción B de la pregunta 880,0
3519,880,C,Opción C de la pregunta 880,0
3520,880,D,Opción D de la pregunta 880,1
3521,881,A,Opción A de la pregunta 881,1
3522,881,B,Opción B de la pregunta 881,0
3523,881,C,Opción C de la pregunta 881,0
3524,881,D,Opción D de la pregunta 881,0
3525,882,A,Opción A de la pregunta 882,1
3526,882,B,Opción B de la pregunta 882,0
3527,882,C,Opción C de la pregunta 882,0
3528,882,D,Opción D de la pregunta 882,0
3529,883,A,Opción A de la pregunta 883,1
3530,883,B,Opción B de la pregunta 883,0
3531,883,C,Opción C de la pregunta 883,0
3532,883,D,Opción D de la pregunta 883,0
3533,884,A,Opción A de la pregunta 884,0
3534,884,B,Opción B de la pregunta 884,0
3535,884,C,Opción C de la pregunta 884,0
3536,884,D,Opción D de la pregunta 884,1
3537,885,A,Opción A de la pregunta 885,0
3538,885,B,Opción B de la pregunta 885,0
3539,885,C,Opción C de la pregunta 885,0
3540,885,D,Opción D de la pregunta 885,1
3541,886,A,Opción A de la pregunta 886,1
3542,886,B,Opción B de la pregunta 886,0
3543,886,C,Opción C de la pregunta 886,0
3544,886,D,Opción D de la pregunta 886,0
3545,887,A,Opción A de la pregunta 887,0
3546,887,B,Opción B de la pregunta 887,0
3547,887,C,Opción C de la pregunta 887,0
3548,887,D,Opción D de la pregunta 887,1
3549,888,A,Opción A de la pregunta 888,0
3550,888,B,Opción B de la pregunta 888,1
3551,888,C,Opción C de la pregunta 888,0
3552,888,D,Opción D de la pregunta 888,0
3553,889,A,Opción A de la pregunta 889,0
3554,889,B,Opción B de la pregunta 889,0
3555,889,C,Opción C de la pregunta 889,0
3556,889,D,Opción D de la pregunta 889,1
3557,890,A,Opción A de la pregunta 890,0
3558,890,B,Opción B de la pregunta 890,0
3559,890,C,Opción C de la pregunta 890,1
3560,890,D,Opción D de la pregunta 890,0
3561,891,A,Opción A de la pregunta 891,0
3562,891,B,Opción B de la pregunta 891,1
3563,891,C,Opción C de la pregunta 891,0
3564,891,D,Opción D de la pregunta 891,0
3565,892,A,Opción A de la pregunta 892,0
3566,892,B,Opción B de la pregunta 892,1
3567,892,C,Opción C de la pregunta 892,0
3568,892,D,Opción D de la pregunta 892,0
3569,893,A,Opción A de la pregunta 893,1
3570,893,B,Opción B de la pregunta 893,0
3571,893,C,Opción C de la pregunta 893,0
3572,893,D,Opción D de la pregunta 893,0
3573,894,A,Opción A de la pregunta 894,0
3574,894,B,Opción B de la pregunta 894,0
3575,894,C,Opción C de la pregunta 894,0
3576,894,D,Opción D de la pregunta 894,1
3577,895,A,Opción A de la pregunta 895,0
3578,895,B,Opción B de la pregunta 895,0
3579,895,C,Opción C de la pregunta 895,1
3580,895,D,Opción D de la pregunta 895,0
3581,896,A,Opción A de la pregunta 896,1
3582,896,B,Opción B de la pregunta 896,0
3583,896,C,Opción C de la pregunta 896,0
3584,896,D,Opción D de la pregunta 896,0
3585,897,A,Opción A de la pregunta 897,0
3586,897,B,Opción B de la pregunta 897,0
3587,897,C,Opción C de la pregunta 897,1
3588,897,D,Opción D de la pregunta 897,0
3589,898,A,Opción A de la pregunta 898,0
3590,898,B,Opción B de la pregunta 898,1
3591,898,C,Opción C de la pregunta 898,0
3592,898,D,Opción D de la pregunta 898,0
3593,899,A,Opción A de la pregunta 899,0
3594,899,B,Opción B de la pregunta 899,0
3595,899,C,Opción C de la pregunta 899,0
3596,899,D,Opción D de la pregunta 899,1
3597,900,A,Opción A de la pregunta 900,0
3598,900,B,Opción B de la pregunta 900,0
3599,900,C,Opción C de la pregunta 900,0
3600,900,D,Opción D de la pregunta 900,1
3601,901,A,Opción A de la pregunta 901,0
3602,901,B,Opción B de la pregunta 901,1
3603,901,C,Opción C de la pregunta 901,0
3604,901,D,Opción D de la pregunta 901,0
3605,902,A,Opción A de la pregunta 902,0
3606,902,B,Opción B de la pregunta 902,0
3607,902,C,Opción C de la pregunta 902,0
3608,902,D,Opción D de la pregunta 902,1
3609,903,A,Opción A de la pregunta 903,0
3610,903,B,Opción B de la pregunta 903,0
3611,903,C,Opción C de la pregunta 903,0
3612,903,D,Opción D de la pregunta 903,1
3613,904,A,Opción A de la pregunta 904,1
3614,904,B,Opción B de la pregunta 904,0
3615,904,C,Opción C de la pregunta 904,0
3616,904,D,Opción D de la pregunta 904,0
3617,905,A,Opción A de la pregunta 905,1
3618,905,B,Opción B de la pregunta 905,0
3619,905,C,Opción C de la pregunta 905,0
3620,905,D,Opción D de la pregunta 905,0
3621,906,A,Opción A de la pregunta 906,0
3622,906,B,Opción B de la pregunta 906,0
3623,906,C,Opción C de la pregunta 906,1
3624,906,D,Opción D de la pregunta 906,0
3625,907,A,Opción A de la pregunta 907,1
3626,907,B,Opción B de la pregunta 907,0
3627,907,C,Opción C de la pregunta 907,0
3628,907,D,Opción D de la pregunta 907,0
3629,908,A,Opción A de la pregunta 908,0
3630,908,B,Opción B de la pregunta 908,1
3631,908,C,Opción C de la pregunta 908,0
3632,908,D,Opción D de la pregunta 908,0
3633,909,A,Opción A de la pregunta 909,0
3634,909,B,Opción B de la pregunta 909,0
3635,909,C,Opción C de la pregunta 909,0
3636,909,D,Opción D de la pregunta 909,1
3637,910,A,Opción A de la pregunta 910,0
3638,910,B,Opción B de la pregunta 910,0
3639,910,C,Opción C de la pregunta 910,0
3640,910,D,Opción D de la pregunta 910,1
3641,911,A,Opción A de la pregunta 911,0
3642,911,B,Opción B de la pregunta 911,0
3643,911,C,Opción C de la pregunta 911,0
3644,911,D,Opción D de la pregunta 911,1
3645,912,A,Opción A de la pregunta 912,1
3646,912,B,Opción B de la pregunta 912,0
3647,912,C,Opción C de la pregunta 912,0
3648,912,D,Opción D de la pregunta 912,0
3649,913,A,Opción A de la pregunta 913,1
3650,913,B,Opción B de la pregunta 913,0
3651,913,C,Opción C de la pregunta 913,0
3652,913,D,Opción D de la pregunta 913,0
3653,914,A,Opción A de la pregunta 914,1
3654,914,B,Opción B de la pregunta 914,0
3655,914,C,Opción C de la pregunta 914,0
3656,914,D,Opción D de la pregunta 914,0
3657,915,A,Opción A de la pregunta 915,0
3658,915,B,Opción B de la pregunta 915,0
3659,915,C,Opción C de la pregunta 915,0
3660,915,D,Opción D de la pregunta 915,1
3661,916,A,Opción A de la pregunta 916,0
3662,916,B,Opción B de la pregunta 916,1
3663,916,C,Opción C de la pregunta 916,0
3664,916,D,Opción D de la pregunta 916,0
3665,917,A,Opción A de la pregunta 917,0
3666,917,B,Opción B de la pregunta 917,0
3667,917,C,Opción C de la pregunta 917,1
3668,917,D,Opción D de la pregunta 917,0
3669,918,A,Opción A de la pregunta 918,1
3670,918,B,Opción B de la pregunta 918,0
3671,918,C,Opción C de la pregunta 918,0
3672,918,D,Opción D de la pregunta 918,0
3673,919,A,Opción A de la pregunta 919,0
3674,919,B,Opción B de la pregunta 919,0
3675,919,C,Opción C de la pregunta 919,0
3676,919,D,Opción D de la pregunta 919,1
3677,920,A,Opción A de la pregunta 920,0
3678,920,B,Opción B de la pregunta 920,1
3679,920,C,Opción C de la pregunta 920,0
3680,920,D,Opción D de la pregunta 920,0
3681,921,A,Opción A de la pregunta 921,0
3682,921,B,Opción B de la pregunta 921,0
3683,921,C,Opción C de la pregunta 921,1
3684,921,D,Opción D de la pregunta 921,0
3685,922,A,Opción A de la pregunta 922,0
3686,922,B,Opción B de la pregunta 922,0
3687,922,C,Opción C de la pregunta 922,0
3688,922,D,Opción D de la pregunta 922,1
3689,923,A,Opción A de la pregunta 923,0
3690,923,B,Opción B de la pregunta 923,1
3691,923,C,Opción C de la pregunta 923,0
3692,923,D,Opción D de la pregunta 923,0
3693,924,A,Opción A de la pregunta 924,0
3694,924,B,Opción B de la pregunta 924,0
3695,924,C,Opción C de la pregunta 924,0
3696,924,D,Opción D de la pregunta 924,1
3697,925,A,Opción A de la pregunta 925,0
3698,925,B,Opción B de la pregunta 925,0
3699,925,C,Opción C de la pregunta 925,1
3700,925,D,Opción D de la pregunta 925,0
3701,926,A,Opción A de la pregunta 926,0
3702,926,B,Opción B de la pregunta 926,0
3703,926,C,Opción C de la pregunta 926,1
3704,926,D,Opción D de la pregunta 926,0
3705,927,A,Opción A de la pregunta 927,0
3706,927,B,Opción B de la pregunta 927,0
3707,927,C,Opción C de la pregunta 927,0
3708,927,D,Opción D de la pregunta 927,1
3709,928,A,Opción A de la pregunta 928,0
3710,928,B,Opción B de la pregunta 928,0
3711,928,C,Opción C de la pregunta 928,0
3712,928,D,Opción D de la pregunta 928,1
3713,929,A,Opción A de la pregunta 929,0
3714,929,B,Opción B de la pregunta 929,0
3715,929,C,Opción C de la pregunta 929,0
3716,929,D,Opción D de la pregunta 929,1
3717,930,A,Opción A de la pregunta 930,0
3718,930,B,Opción B de la pregunta 930,0
3719,930,C,Opción C de la pregunta 930,0
3720,930,D,Opción D de la pregunta 930,1
3721,931,A,Opción A de la pregunta 931,0
3722,931,B,Opción B de la pregunta 931,1
3723,931,C,Opción C de la pregunta 931,0
3724,931,D,Opción D de la pregunta 931,0
3725,932,A,Opción A de la pregunta 932,0
3726,932,B,Opción B de la pregunta 932,0
3727,932,C,Opción C de la pregunta 932,0
3728,932,D,Opción D de la pregunta 932,1
3729,933,A,Opción A de la pregunta 933,0
3730,933,B,Opción B de la pregunta 933,0
3731,933,C,Opción C de la pregunta 933,0
3732,933,D,Opción D de la pregunta 933,1
3733,934,A,Opción A de la pregunta 934,0
3734,934,B,Opción B de la pregunta 934,1
3735,934,C,Opción C de la pregunta 934,0
3736,934,D,Opción D de la pregunta 934,0
3737,935,A,Opción A de la pregunta 935,1
3738,935,B,Opción B de la pregunta 935,0
3739,935,C,Opción C de la pregunta 935,0
3740,935,D,Opción D de la pregunta 935,0
3741,936,A,Opción A de la pregunta 936,0
3742,936,B,Opción B de la pregunta 936,0
3743,936,C,Opción C de la pregunta 936,0
3744,936,D,Opción D de la pregunta 936,1
3745,937,A,Opción A de la pregunta 937,0
3746,937,B,Opción B de la pregunta 937,0
3747,937,C,Opción C de la pregunta 937,0
3748,937,D,Opción D de la pregunta 937,1
3749,938,A,Opción A de la pregunta 938,0
3750,938,B,Opción B de la pregunta 938,0
3751,938,C,Opción C de la pregunta 938,0
3752,938,D,Opción D de la pregunta 938,1
3753,939,A,Opción A de la pregunta 939,0
3754,939,B,Opción B de la pregunta 939,1
3755,939,C,Opción C de la pregunta 939,0
3756,939,D,Opción D de la pregunta 939,0
3757,940,A,Opción A de la pregunta 940,0
3758,940,B,Opción B de la pregunta 940,0
3759,940,C,Opción C de la pregunta 940,1
3760,940,D,Opción D de la pregunta 940,0
3761,941,A,Opción A de la pregunta 941,0
3762,941,B,Opción B de la pregunta 941,0
3763,941,C,Opción C de la pregunta 941,1
3764,941,D,Opción D de la pregunta 941,0
3765,942,A,Opción A de la pregunta 942,0
3766,942,B,Opción B de la pregunta 942,0
3767,942,C,Opción C de la pregunta 942,1
3768,942,D,Opción D de la pregunta 942,0
3769,943,A,Opción A de la pregunta 943,0
3770,943,B,Opción B de la pregunta 943,1
3771,943,C,Opción C de la pregunta 943,0
3772,943,D,Opción D de la pregunta 943,0
3773,944,A,Opción A de la pregunta 944,1
3774,944,B,Opción B de la pregunta 944,0
3775,944,C,Opción C de la pregunta 944,0
3776,944,D,Opción D de la pregunta 944,0
3777,945,A,Opción A de la pregunta 945,0
3778,945,B,Opción B de la pregunta 945,0
3779,945,C,Opción C de la pregunta 945,0
3780,945,D,Opción D de la pregunta 945,1
3781,946,A,Opción A de la pregunta 946,0
3782,946,B,Opción B de la pregunta 946,1
3783,946,C,Opción C de la pregunta 946,0
3784,946,D,Opción D de la pregunta 946,0
3785,947,A,Opción A de la pregunta 947,1
3786,947,B,Opción B de la pregunta 947,0
3787,947,C,Opción C de la pregunta 947,0
3788,947,D,Opción D de la pregunta 947,0
3789,948,A,Opción A de la pregunta 948,0
3790,948,B,Opción B de la pregunta 948,0
3791,948,C,Opción C de la pregunta 948,0
3792,948,D,Opción D de la pregunta 948,1
3793,949,A,Opción A de la pregunta 949,0
3794,949,B,Opción B de la pregunta 949,1
3795,949,C,Opción C de la pregunta 949,0
3796,949,D,Opción D de la pregunta 949,0
3797,950,A,Opción A de la pregunta 950,1
3798,950,B,Opción B de la pregunta 950,0
3799,950,C,Opción C de la pregunta 950,0
3800,950,D,Opción D de la pregunta 950,0
3801,951,A,Opción A de la pregunta 951,0
3802,951,B,Opción B de la pregunta 951,0
3803,951,C,Opción C de la pregunta 951,0
3804,951,D,Opción D de la pregunta 951,1
3805,952,A,Opción A de la pregunta 952,0
3806,952,B,Opción B de la pregunta 952,0
3807,952,C,Opción C de la pregunta 952,1
3808,952,D,Opción D de la pregunta 952,0
3809,953,A,Opción A de la pregunta 953,1
3810,953,B,Opción B de la pregunta 953,0
3811,953,C,Opción C de la pregunta 953,0
3812,953,D,Opción D de la pregunta 953,0
3813,954,A,Opción A de la pregunta 954,0
3814,954,B,Opción B de la pregunta 954,1
3815,954,C,Opción C de la pregunta 954,0
3816,954,D,Opción D de la pregunta 954,0
3817,955,A,Opción A de la pregunta 955,0
3818,955,B,Opción B de la pregunta 955,0
3819,955,C,Opción C de la pregunta 955,0
3820,955,D,Opción D de la pregunta 955,1
3821,956,A,Opción A de la pregunta 956,1
3822,956,B,Opción B de la pregunta 956,0
3823,956,C,Opción C de la pregunta 956,0
3824,956,D,Opción D de la pregunta 956,0
3825,957,A,Opción A de la pregunta 957,0
3826,957,B,Opción B de la pregunta 957,1
3827,957,C,Opción C de la pregunta 957,0
3828,957,D,Opción D de la pregunta 957,0
3829,958,A,Opción A de la pregunta 958,0
3830,958,B,Opción B de la pregunta 958,1
3831,958,C,Opción C de la pregunta 958,0
3832,958,D,Opción D de la pregunta 958,0
3833,959,A,Opción A de la pregunta 959,0
3834,959,B,Opción B de la pregunta 959,0
3835,959,C,Opción C de la pregunta 959,0
3836,959,D,Opción D de la pregunta 959,1
3837,960,A,Opción A de la pregunta 960,0
3838,960,B,Opción B de la pregunta 960,0
3839,960,C,Opción C de la pregunta 960,0
3840,960,D,Opción D de la pregunta 960,1
3841,961,A,Opción A de la pregunta 961,0
3842,961,B,Opción B de la pregunta 961,0
3843,961,C,Opción C de la pregunta 961,0
3844,961,D,Opción D de la pregunta 961,1
3845,962,A,Opción A de la pregunta 962,0
3846,962,B,Opción B de la pregunta 962,0
3847,962,C,Opción C de la pregunta 962,1
3848,962,D,Opción D de la pregunta 962,0
3849,963,A,Opción A de la pregunta 963,1
3850,963,B,Opción B de la pregunta 963,0
3851,963,C,Opción C de la pregunta 963,0
3852,963,D,Opción D de la pregunta 963,0
3853,964,A,Opción A de la pregunta 964,0
3854,964,B,Opción B de la pregunta 964,0
3855,964,C,Opción C de la pregunta 964,0
3856,964,D,Opción D de la pregunta 964,1
3857,965,A,Opción A de la pregunta 965,0
3858,965,B,Opción B de la pregunta 965,0
3859,965,C,Opción C de la pregunta 965,1
3860,965,D,Opción D de la pregunta 965,0
3861,966,A,Opción A de la pregunta 966,0
3862,966,B,Opción B de la pregunta 966,0
3863,966,C,Opción C de la pregunta 966,1
3864,966,D,Opción D de la pregunta 966,0
3865,967,A,Opción A de la pregunta 967,0
3866,967,B,Opción B de la pregunta 967,1
3867,967,C,Opción C de la pregunta 967,0
3868,967,D,Opción D de la pregunta 967,0
3869,968,A,Opción A de la pregunta 968,0
3870,968,B,Opción B de la pregunta 968,0
3871,968,C,Opción C de la pregunta 968,0
3872,968,D,Opción D de la pregunta 968,1
3873,969,A,Opción A de la pregunta 969,0
3874,969,B,Opción B de la pregunta 969,0
3875,969,C,Opción C de la pregunta 969,0
3876,969,D,Opción D de la pregunta 969,1
3877,970,A,Opción A de la pregunta 970,0
3878,970,B,Opción B de la pregunta 970,0
3879,970,C,Opción C de la pregunta 970,0
3880,970,D,Opción D de la pregunta 970,1
3881,971,A,Opción A de la pregunta 971,0
3882,971,B,Opción B de la pregunta 971,0
3883,971,C,Opción C de la pregunta 971,0
3884,971,D,Opción D de la pregunta 971,1
3885,972,A,Opción A de la pregunta 972,1
3886,972,B,Opción B de la pregunta 972,0
3887,972,C,Opción C de la pregunta 972,0
3888,972,D,Opción D de la pregunta 972,0
3889,973,A,Opción A de la pregunta 973,0
3890,973,B,Opción B de la pregunta 973,1
3891,973,C,Opción C de la pregunta 973,0
3892,973,D,Opción D de la pregunta 973,0
3893,974,A,Opción A de la pregunta 974,0
3894,974,B,Opción B de la pregunta 974,0
3895,974,C,Opción C de la pregunta 974,0
3896,974,D,Opción D de la pregunta 974,1
3897,975,A,Opción A de la pregunta 975,0
3898,975,B,Opción B de la pregunta 975,1
3899,975,C,Opción C de la pregunta 975,0
3900,975,D,Opción D de la pregunta 975,0
3901,976,A,Opción A de la pregunta 976,0
3902,976,B,Opción B de la pregunta 976,0
3903,976,C,Opción C de la pregunta 976,1
3904,976,D,Opción D de la pregunta 976,0
3905,977,A,Opción A de la pregunta 977,0
3906,977,B,Opción B de la pregunta 977,0
3907,977,C,Opción C de la pregunta 977,0
3908,977,D,Opción D de la pregunta 977,1
3909,978,A,Opción A de la pregunta 978,0
3910,978,B,Opción B de la pregunta 978,0
3911,978,C,Opción C de la pregunta 978,0
3912,978,D,Opción D de la pregunta 978,1
3913,979,A,Opción A de la pregunta 979,1
3914,979,B,Opción B de la pregunta 979,0
3915,979,C,Opción C de la pregunta 979,0
3916,979,D,Opción D de la pregunta 979,0
3917,980,A,Opción A de la pregunta 980,1
3918,980,B,Opción B de la pregunta 980,0
3919,980,C,Opción C de la pregunta 980,0
3920,980,D,Opción D de la pregunta 980,0
3921,981,A,Opción A de la pregunta 981,0
3922,981,B,Opción B de la pregunta 981,1
3923,981,C,Opción C de la pregunta 981,0
3924,981,D,Opción D de la pregunta 981,0
3925,982,A,Opción A de la pregunta 982,0
3926,982,B,Opción B de la pregunta 982,1
3927,982,C,Opción C de la pregunta 982,0
3928,982,D,Opción D de la pregunta 982,0
3929,983,A,Opción A de la pregunta 983,0
3930,983,B,Opción B de la pregunta 983,0
3931,983,C,Opción C de la pregunta 983,0
3932,983,D,Opción D de la pregunta 983,1
3933,984,A,Opción A de la pregunta 984,0
3934,984,B,Opción B de la pregunta 984,0
3935,984,C,Opción C de la pregunta 984,1
3936,984,D,Opción D de la pregunta 984,0
3937,985,A,Opción A de la pregunta 985,0
3938,985,B,Opción B de la pregunta 985,0
3939,985,C,Opción C de la pregunta 985,0
3940,985,D,Opción D de la pregunta 985,1
3941,986,A,Opción A de la pregunta 986,1
3942,986,B,Opción B de la pregunta 986,0
3943,986,C,Opción C de la pregunta 986,0
3944,986,D,Opción D de la pregunta 986,0
3945,987,A,Opción A de la pregunta 987,0
3946,987,B,Opción B de la pregunta 987,1
3947,987,C,Opción C de la pregunta 987,0
3948,987,D,Opción D de la pregunta 987,0
3949,988,A,Opción A de la pregunta 988,0
3950,988,B,Opción B de la pregunta 988,1
3951,988,C,Opción C de la pregunta 988,0
3952,988,D,Opción D de la pregunta 988,0
3953,989,A,Opción A de la pregunta 989,0
3954,989,B,Opción B de la pregunta 989,1
3955,989,C,Opción C de la pregunta 989,0
3956,989,D,Opción D de la pregunta 989,0
3957,990,A,Opción A de la pregunta 990,0
3958,990,B,Opción B de la pregunta 990,0
3959,990,C,Opción C de la pregunta 990,0
3960,990,D,Opción D de la pregunta 990,1
3961,991,A,Opción A de la pregunta 991,0
3962,991,B,Opción B de la pregunta 991,0
3963,991,C,Opción C de la pregunta 991,0
3964,991,D,Opción D de la pregunta 991,1
3965,992,A,Opción A de la pregunta 992,0
3966,992,B,Opción B de la pregunta 992,0
3967,992,C,Opción C de la pregunta 992,0
3968,992,D,Opción D de la pregunta 992,1
3969,993,A,Opción A de la pregunta 993,1
3970,993,B,Opción B de la pregunta 993,0
3971,993,C,Opción C de la pregunta 993,0
3972,993,D,Opción D de la pregunta 993,0
3973,994,A,Opción A de la pregunta 994,1
3974,994,B,Opción B de la pregunta 994,0
3975,994,C,Opción C de la pregunta 994,0
3976,994,D,Opción D de la pregunta 994,0
3977,995,A,Opción A de la pregunta 995,1
3978,995,B,Opción B de la pregunta 995,0
3979,995,C,Opción C de la pregunta 995,0
3980,995,D,Opción D de la pregunta 995,0
3981,996,A,Opción A de la pregunta 996,0
3982,996,B,Opción B de la pregunta 996,1
3983,996,C,Opción C de la pregunta 996,0
3984,996,D,Opción D de la pregunta 996,0
3985,997,A,Opción A de la pregunta 997,0
3986,997,B,Opción B de la pregunta 997,1
3987,997,C,Opción C de la pregunta 997,0
3988,997,D,Opción D de la pregunta 997,0
3989,998,A,Opción A de la pregunta 998,0
3990,998,B,Opción B de la pregunta 998,0
3991,998,C,Opción C de la pregunta 998,1
3992,998,D,Opción D de la pregunta 998,0
3993,999,A,Opción A de la pregunta 999,0
3994,999,B,Opción B de la pregunta 999,1
3995,999,C,Opción C de la pregunta 999,0
3996,999,D,Opción D de la pregunta 999,0
3997,1000,A,Opción A de la pregunta 1000,0
3998,1000,B,Opción B de la pregunta 1000,1
3999,1000,C,Opción C de la pregunta 1000,0
4000,1000,D,Opción D de la pregunta 1000,0
