pregunta,opcion_a,opcion_b,opcion_c,opcion_d,respuesta_correcta,grupo_referencia,modulo,tipo_prueba
"Pregunta 1: En el contexto de razonamiento cuantitativo, seleccione la opción correcta.",Opción A para pregunta 1,Opción B para pregunta 1,Opción C para pregunta 1,Opción D para pregunta 1,B,Razonamiento cuantitativo,Administración,Específica
"Pregunta 2: En el contexto de inglés, seleccione la opción correcta.",Opción A para pregunta 2,Opción B para pregunta 2,Opción C para pregunta 2,Opción D para pregunta 2,B,Inglés,Ingeniería,Específica
"Pregunta 3: En el contexto de comunicación escrita, seleccione la opción correcta.",Opción A para pregunta 3,Opción B para pregunta 3,Opción C para pregunta 3,Opción D para pregunta 3,A,Comunicación escrita,Genérico,Genérica
"Pregunta 4: En el contexto de lectura crítica, seleccione la opción correcta.",Opción A para pregunta 4,Opción B para pregunta 4,Opción C para pregunta 4,Opción D para pregunta 4,D,Lectura crítica,Genérico,Genérica
"Pregunta 5: En el contexto de competencias ciudadanas, seleccione la opción correcta.",Opción A para pregunta 5,Opción B para pregunta 5,Opción C para pregunta 5,Opción D para pregunta 5,C,Competencias ciudadanas,Genérico,Genérica
"Pregunta 6: En el contexto de comunicación escrita, seleccione la opción correcta.",Opción A para pregunta 6,Opción B para pregunta 6,Opción C para pregunta 6,Opción D para pregunta 6,C,Comunicación escrita,Genérico,Genérica
"Pregunta 7: En el contexto de lectura crítica, seleccione la opción correcta.",Opción A para pregunta 7,Opción B para pregunta 7,Opción C para pregunta 7,Opción D para pregunta 7,D,Lectura crítica,Genérico,Genérica
"Pregunta 8: En el contexto de inglés, seleccione la opción correcta.",Opción A para pregunta 8,Opción B para pregunta 8,Opción C para pregunta 8,Opción D para pregunta 8,B,Inglés,Genérico,Genérica
"Pregunta 9: En el contexto de inglés, seleccione la opción correcta.",Opción A para pregunta 9,Opción B para pregunta 9,Opción C para pregunta 9,Opción D para pregunta 9,D,Inglés,Genérico,Genérica
"Pregunta 10: En el contexto de razonamiento cuantitativo, seleccione la opción correcta.",Opción A para pregunta 10,Opción B para pregunta 10,Opción C para pregunta 10,Opción D para pregunta 10,C,Razonamiento cuantitativo,Educación,Específica
"Pregunta 11: En el contexto de razonamiento cuantitativo, seleccione la opción correcta.",Opción A para pregunta 11,Opción B para pregunta 11,Opción C para pregunta 11,Opción D para pregunta 11,B,Razonamiento cuantitativo,Genérico,Genérica
"Pregunta 12: En el contexto de competencias ciudadanas, seleccione la opción correcta.",Opción A para pregunta 12,Opción B para pregunta 12,Opción C para pregunta 12,Opción D para pregunta 12,B,Competencias ciudadanas,Educación,Específica
"Pregunta 13: En el contexto de lectura crítica, seleccione la opción correcta.",Opción A para pregunta 13,Opción B para pregunta 13,Opción C para pregunta 13,Opción D para pregunta 13,B,Lectura crítica,Genérico,Genérica
"Pregunta 14: En el contexto de inglés, seleccione la opción correcta.",Opción A para pregunta 14,Opción B para pregunta 14,Opción C para pregunta 14,Opción D para pregunta 14,B,Inglés,Ciencias sociales,Específica
"Pregunta 15: En el contexto de competencias ciudadanas, seleccione la opción correcta.",Opción A para pregunta 15,Opción B para pregunta 15,Opción C para pregunta 15,Opción D para pregunta 15,B,Competencias ciudadanas,Genérico,Genérica
"Pregunta 16: En el contexto de lectura crítica, seleccione la opción correcta.",Opción A para pregunta 16,Opción B para pregunta 16,Opción C para pregunta 16,Opción D para pregunta 16,B,Lectura crítica,Genérico,Genérica
"Pregunta 17: En el contexto de comunicación escrita, seleccione la opción correcta.",Opción A para pregunta 17,Opción B para pregunta 17,Opción C para pregunta 17,Opción D para pregunta 17,B,Comunicación escrita,Genérico,Genérica
"Pregunta 18: En el contexto de competencias ciudadanas, seleccione la opción correcta.",Opción A para pregunta 18,Opción B para pregunta 18,Opción C para pregunta 18,Opción D para pregunta 18,D,Competencias ciudadanas,Ciencias sociales,Específica
"Pregunta 19: En el contexto de razonamiento cuantitativo, seleccione la opción correcta.",Opción A para pregunta 19,Opción B para pregunta 19,Opción C para pregunta 19,Opción D para pregunta 19,C,Razonamiento cuantitativo,Genérico,Genérica
"Pregunta 20: En el contexto de comunicación escrita, seleccione la opción correcta.",Opción A para pregunta 20,Opción B para pregunta 20,Opción C para pregunta 20,Opción D para pregunta 20,B,Comunicación escrita,Educación,Específica
"Pregunta 21: En el contexto de razonamiento cuantitativo, seleccione la opción correcta.",Opción A para pregunta 21,Opción B para pregunta 21,Opción C para pregunta 21,Opción D para pregunta 21,A,Razonamiento cuantitativo,Genérico,Genérica
"Pregunta 22: En el contexto de razonamiento cuantitativo, seleccione la opción correcta.",Opción A para pregunta 22,Opción B para pregunta 22,Opción C para pregunta 22,Opción D para pregunta 22,C,Razonamiento cuantitativo,Genérico,Genérica
"Pregunta 23: En el contexto de razonamiento cuantitativo, seleccione la opción correcta.",Opción A para pregunta 23,Opción B para pregunta 23,Opción C para pregunta 23,Opción D para pregunta 23,C,Razonamiento cuantitativo,Educación,Específica
"Pregunta 24: En el contexto de comunicación escrita, seleccione la opción correcta.",Opción A para pregunta 24,Opción B para pregunta 24,Opción C para pregunta 24,Opción D para pregunta 24,D,Comunicación escrita,Genérico,Genérica
"Pregunta 25: En el contexto de razonamiento cuantitativo, seleccione la opción correcta.",Opción A para pregunta 25,Opción B para pregunta 25,Opción C para pregunta 25,Opción D para pregunta 25,A,Razonamiento cuantitativo,Genérico,Genérica
"Pregunta 26: En el contexto de inglés, seleccione la opción correcta.",Opción A para pregunta 26,Opción B para pregunta 26,Opción C para pregunta 26,Opción D para pregunta 26,B,Inglés,Administración,Específica
"Pregunta 27: En el contexto de comunicación escrita, seleccione la opción correcta.",Opción A para pregunta 27,Opción B para pregunta 27,Opción C para pregunta 27,Opción D para pregunta 27,B,Comunicación escrita,Genérico,Genérica
"Pregunta 28: En el contexto de inglés, seleccione la opción correcta.",Opción A para pregunta 28,Opción B para pregunta 28,Opción C para pregunta 28,Opción D para pregunta 28,C,Inglés,Genérico,Genérica
"Pregunta 29: En el contexto de inglés, seleccione la opción correcta.",Opción A para pregunta 29,Opción B para pregunta 29,Opción C para pregunta 29,Opción D para pregunta 29,D,Inglés,Administración,Específica
"Pregunta 30: En el contexto de razonamiento cuantitativo, seleccione la opción correcta.",Opción A para pregunta 30,Opción B para pregunta 30,Opción C para pregunta 30,Opción D para pregunta 30,A,Razonamiento cuantitativo,Administración,Específica
"Pregunta 31: En el contexto de razonamiento cuantitativo, seleccione la opción correcta.",Opción A para pregunta 31,Opción B para pregunta 31,Opción C para pregunta 31,Opción D para pregunta 31,B,Razonamiento cuantitativo,Genérico,Genérica
"Pregunta 32: En el contexto de competencias ciudadanas, seleccione la opción correcta.",Opción A para pregunta 32,Opción B para pregunta 32,Opción C para pregunta 32,Opción D para pregunta 32,B,Competencias ciudadanas,Genérico,Genérica
"Pregunta 33: En el contexto de razonamiento cuantitativo, seleccione la opción correcta.",Opción A para pregunta 33,Opción B para pregunta 33,Opción C para pregunta 33,Opción D para pregunta 33,D,Razonamiento cuantitativo,Genérico,Genérica
"Pregunta 34: En el contexto de lectura crítica, seleccione la opción correcta.",Opción A para pregunta 34,Opción B para pregunta 34,Opción C para pregunta 34,Opción D para pregunta 34,D,Lectura crítica,Ingeniería,Específica
"Pregunta 35: En el contexto de inglés, seleccione la opción correcta.",Opción A para pregunta 35,Opción B para pregunta 35,Opción C para pregunta 35,Opción D para pregunta 35,B,Inglés,Genérico,Genérica
"Pregunta 36: En el contexto de competencias ciudadanas, seleccione la opción correcta.",Opción A para pregunta 36,Opción B para pregunta 36,Opción C para pregunta 36,Opción D para pregunta 36,A,Competencias ciudadanas,Genérico,Genérica
"Pregunta 37: En el contexto de inglés, seleccione la opción correcta.",Opción A para pregunta 37,Opción B para pregunta 37,Opción C para pregunta 37,Opción D para pregunta 37,B,Inglés,Genérico,Genérica
"Pregunta 38: En el contexto de lectura crítica, seleccione la opción correcta.",Opción A para pregunta 38,Opción B para pregunta 38,Opción C para pregunta 38,Opción D para pregunta 38,C,Lectura crítica,Genérico,Genérica
"Pregunta 39: En el contexto de razonamiento cuantitativo, seleccione la opción correcta.",Opción A para pregunta 39,Opción B para pregunta 39,Opción C para pregunta 39,Opción D para pregunta 39,C,Razonamiento cuantitativo,Ciencias sociales,Específica
"Pregunta 40: En el contexto de comunicación escrita, seleccione la opción correcta.",Opción A para pregunta 40,Opción B para pregunta 40,Opción C para pregunta 40,Opción D para pregunta 40,B,Comunicación escrita,Educación,Específica
"Pregunta 41: En el contexto de lectura crítica, seleccione la opción correcta.",Opción A para pregunta 41,Opción B para pregunta 41,Opción C para pregunta 41,Opción D para pregunta 41,C,Lectura crítica,Genérico,Genérica
"Pregunta 42: En el contexto de inglés, seleccione la opción correcta.",Opción A para pregunta 42,Opción B para pregunta 42,Opción C para pregunta 42,Opción D para pregunta 42,D,Inglés,Ciencias sociales,Específica
"Pregunta 43: En el contexto de lectura crítica, seleccione la opción correcta.",Opción A para pregunta 43,Opción B para pregunta 43,Opción C para pregunta 43,Opción D para pregunta 43,C,Lectura crítica,Salud,Específica
"Pregunta 44: En el contexto de comunicación escrita, seleccione la opción correcta.",Opción A para pregunta 44,Opción B para pregunta 44,Opción C para pregunta 44,Opción D para pregunta 44,D,Comunicación escrita,Ciencias sociales,Específica
"Pregunta 45: En el contexto de comunicación escrita, seleccione la opción correcta.",Opción A para pregunta 45,Opción B para pregunta 45,Opción C para pregunta 45,Opción D para pregunta 45,B,Comunicación escrita,Educación,Específica
"Pregunta 46: En el contexto de inglés, seleccione la opción correcta.",Opción A para pregunta 46,Opción B para pregunta 46,Opción C para pregunta 46,Opción D para pregunta 46,D,Inglés,Genérico,Genérica
"Pregunta 47: En el contexto de comunicación escrita, seleccione la opción correcta.",Opción A para pregunta 47,Opción B para pregunta 47,Opción C para pregunta 47,Opción D para pregunta 47,B,Comunicación escrita,Administración,Específica
"Pregunta 48: En el contexto de comunicación escrita, seleccione la opción correcta.",Opción A para pregunta 48,Opción B para pregunta 48,Opción C para pregunta 48,Opción D para pregunta 48,B,Comunicación escrita,Genérico,Genérica
"Pregunta 49: En el contexto de lectura crítica, seleccione la opción correcta.",Opción A para pregunta 49,Opción B para pregunta 49,Opción C para pregunta 49,Opción D para pregunta 49,D,Lectura crítica,Genérico,Genérica
"Pregunta 50: En el contexto de inglés, seleccione la opción correcta.",Opción A para pregunta 50,Opción B para pregunta 50,Opción C para pregunta 50,Opción D para pregunta 50,C,Inglés,Salud,Específica
"Pregunta 51: En el contexto de inglés, seleccione la opción correcta.",Opción A para pregunta 51,Opción B para pregunta 51,Opción C para pregunta 51,Opción D para pregunta 51,B,Inglés,Salud,Específica
"Pregunta 52: En el contexto de lectura crítica, seleccione la opción correcta.",Opción A para pregunta 52,Opción B para pregunta 52,Opción C para pregunta 52,Opción D para pregunta 52,B,Lectura crítica,Genérico,Genérica
"Pregunta 53: En el contexto de lectura crítica, seleccione la opción correcta.",Opción A para pregunta 53,Opción B para pregunta 53,Opción C para pregunta 53,Opción D para pregunta 53,B,Lectura crítica,Administración,Específica
"Pregunta 54: En el contexto de lectura crítica, seleccione la opción correcta.",Opción A para pregunta 54,Opción B para pregunta 54,Opción C para pregunta 54,Opción D para pregunta 54,A,Lectura crítica,Genérico,Genérica
"Pregunta 55: En el contexto de inglés, seleccione la opción correcta.",Opción A para pregunta 55,Opción B para pregunta 55,Opción C para pregunta 55,Opción D para pregunta 55,B,Inglés,Genérico,Genérica
"Pregunta 56: En el contexto de comunicación escrita, seleccione la opción correcta.",Opción A para pregunta 56,Opción B para pregunta 56,Opción C para pregunta 56,Opción D para pregunta 56,C,Comunicación escrita,Genérico,Genérica
"Pregunta 57: En el contexto de inglés, seleccione la opción correcta.",Opción A para pregunta 57,Opción B para pregunta 57,Opción C para pregunta 57,Opción D para pregunta 57,D,Inglés,Genérico,Genérica
"Pregunta 58: En el contexto de lectura crítica, seleccione la opción correcta.",Opción A para pregunta 58,Opción B para pregunta 58,Opción C para pregunta 58,Opción D para pregunta 58,A,Lectura crítica,Genérico,Genérica
"Pregunta 59: En el contexto de inglés, seleccione la opción correcta.",Opción A para pregunta 59,Opción B para pregunta 59,Opción C para pregunta 59,Opción D para pregunta 59,D,Inglés,Genérico,Genérica
"Pregunta 60: En el contexto de inglés, seleccione la opción correcta.",Opción A para pregunta 60,Opción B para pregunta 60,Opción C para pregunta 60,Opción D para pregunta 60,D,Inglés,Genérico,Genérica
"Pregunta 61: En el contexto de comunicación escrita, seleccione la opción correcta.",Opción A para pregunta 61,Opción B para pregunta 61,Opción C para pregunta 61,Opción D para pregunta 61,C,Comunicación escrita,Salud,Específica
"Pregunta 62: En el contexto de comunicación escrita, seleccione la opción correcta.",Opción A para pregunta 62,Opción B para pregunta 62,Opción C para pregunta 62,Opción D para pregunta 62,C,Comunicación escrita,Salud,Específica
"Pregunta 63: En el contexto de inglés, seleccione la opción correcta.",Opción A para pregunta 63,Opción B para pregunta 63,Opción C para pregunta 63,Opción D para pregunta 63,D,Inglés,Ciencias sociales,Específica
"Pregunta 64: En el contexto de razonamiento cuantitativo, seleccione la opción correcta.",Opción A para pregunta 64,Opción B para pregunta 64,Opción C para pregunta 64,Opción D para pregunta 64,C,Razonamiento cuantitativo,Genérico,Genérica
"Pregunta 65: En el contexto de competencias ciudadanas, seleccione la opción correcta.",Opción A para pregunta 65,Opción B para pregunta 65,Opción C para pregunta 65,Opción D para pregunta 65,B,Competencias ciudadanas,Educación,Específica
"Pregunta 66: En el contexto de razonamiento cuantitativo, seleccione la opción correcta.",Opción A para pregunta 66,Opción B para pregunta 66,Opción C para pregunta 66,Opción D para pregunta 66,D,Razonamiento cuantitativo,Administración,Específica
"Pregunta 67: En el contexto de lectura crítica, seleccione la opción correcta.",Opción A para pregunta 67,Opción B para pregunta 67,Opción C para pregunta 67,Opción D para pregunta 67,D,Lectura crítica,Ingeniería,Específica
"Pregunta 68: En el contexto de lectura crítica, seleccione la opción correcta.",Opción A para pregunta 68,Opción B para pregunta 68,Opción C para pregunta 68,Opción D para pregunta 68,D,Lectura crítica,Genérico,Genérica
"Pregunta 69: En el contexto de lectura crítica, seleccione la opción correcta.",Opción A para pregunta 69,Opción B para pregunta 69,Opción C para pregunta 69,Opción D para pregunta 69,C,Lectura crítica,Administración,Específica
"Pregunta 70: En el contexto de inglés, seleccione la opción correcta.",Opción A para pregunta 70,Opción B para pregunta 70,Opción C para pregunta 70,Opción D para pregunta 70,D,Inglés,Genérico,Genérica
"Pregunta 71: En el contexto de razonamiento cuantitativo, seleccione la opción correcta.",Opción A para pregunta 71,Opción B para pregunta 71,Opción C para pregunta 71,Opción D para pregunta 71,A,Razonamiento cuantitativo,Genérico,Genérica
"Pregunta 72: En el contexto de inglés, seleccione la opción correcta.",Opción A para pregunta 72,Opción B para pregunta 72,Opción C para pregunta 72,Opción D para pregunta 72,A,Inglés,Salud,Específica
"Pregunta 73: En el contexto de inglés, seleccione la opción correcta.",Opción A para pregunta 73,Opción B para pregunta 73,Opción C para pregunta 73,Opción D para pregunta 73,C,Inglés,Salud,Específica
"Pregunta 74: En el contexto de inglés, seleccione la opción correcta.",Opción A para pregunta 74,Opción B para pregunta 74,Opción C para pregunta 74,Opción D para pregunta 74,B,Inglés,Ciencias sociales,Específica
"Pregunta 75: En el contexto de lectura crítica, seleccione la opción correcta.",Opción A para pregunta 75,Opción B para pregunta 75,Opción C para pregunta 75,Opción D para pregunta 75,C,Lectura crítica,Genérico,Genérica
"Pregunta 76: En el contexto de lectura crítica, seleccione la opción correcta.",Opción A para pregunta 76,Opción B para pregunta 76,Opción C para pregunta 76,Opción D para pregunta 76,C,Lectura crítica,Ingeniería,Específica
"Pregunta 77: En el contexto de comunicación escrita, seleccione la opción correcta.",Opción A para pregunta 77,Opción B para pregunta 77,Opción C para pregunta 77,Opción D para pregunta 77,A,Comunicación escrita,Genérico,Genérica
"Pregunta 78: En el contexto de inglés, seleccione la opción correcta.",Opción A para pregunta 78,Opción B para pregunta 78,Opción C para pregunta 78,Opción D para pregunta 78,A,Inglés,Genérico,Genérica
"Pregunta 79: En el contexto de lectura crítica, seleccione la opción correcta.",Opción A para pregunta 79,Opción B para pregunta 79,Opción C para pregunta 79,Opción D para pregunta 79,A,Lectura crítica,Genérico,Genérica
"Pregunta 80: En el contexto de razonamiento cuantitativo, seleccione la opción correcta.",Opción A para pregunta 80,Opción B para pregunta 80,Opción C para pregunta 80,Opción D para pregunta 80,D,Razonamiento cuantitativo,Genérico,Genérica
"Pregunta 81: En el contexto de inglés, seleccione la opción correcta.",Opción A para pregunta 81,Opción B para pregunta 81,Opción C para pregunta 81,Opción D para pregunta 81,A,Inglés,Salud,Específica
"Pregunta 82: En el contexto de razonamiento cuantitativo, seleccione la opción correcta.",Opción A para pregunta 82,Opción B para pregunta 82,Opción C para pregunta 82,Opción D para pregunta 82,A,Razonamiento cuantitativo,Genérico,Genérica
"Pregunta 83: En el contexto de competencias ciudadanas, seleccione la opción correcta.",Opción A para pregunta 83,Opción B para pregunta 83,Opción C para pregunta 83,Opción D para pregunta 83,A,Competencias ciudadanas,Ciencias sociales,Específica
"Pregunta 84: En el contexto de comunicación escrita, seleccione la opción correcta.",Opción A para pregunta 84,Opción B para pregunta 84,Opción C para pregunta 84,Opción D para pregunta 84,D,Comunicación escrita,Educación,Específica
"Pregunta 85: En el contexto de razonamiento cuantitativo, seleccione la opción correcta.",Opción A para pregunta 85,Opción B para pregunta 85,Opción C para pregunta 85,Opción D para pregunta 85,B,Razonamiento cuantitativo,Genérico,Genérica
"Pregunta 86: En el contexto de comunicación escrita, seleccione la opción correcta.",Opción A para pregunta 86,Opción B para pregunta 86,Opción C para pregunta 86,Opción D para pregunta 86,C,Comunicación escrita,Genérico,Genérica
"Pregunta 87: En el contexto de competencias ciudadanas, seleccione la opción correcta.",Opción A para pregunta 87,Opción B para pregunta 87,Opción C para pregunta 87,Opción D para pregunta 87,C,Competencias ciudadanas,Genérico,Genérica
"Pregunta 88: En el contexto de inglés, seleccione la opción correcta.",Opción A para pregunta 88,Opción B para pregunta 88,Opción C para pregunta 88,Opción D para pregunta 88,C,Inglés,Ciencias sociales,Específica
"Pregunta 89: En el contexto de razonamiento cuantitativo, seleccione la opción correcta.",Opción A para pregunta 89,Opción B para pregunta 89,Opción C para pregunta 89,Opción D para pregunta 89,A,Razonamiento cuantitativo,Genérico,Genérica
"Pregunta 90: En el contexto de razonamiento cuantitativo, seleccione la opción correcta.",Opción A para pregunta 90,Opción B para pregunta 90,Opción C para pregunta 90,Opción D para pregunta 90,B,Razonamiento cuantitativo,Ingeniería,Específica
"Pregunta 91: En el contexto de comunicación escrita, seleccione la opción correcta.",Opción A para pregunta 91,Opción B para pregunta 91,Opción C para pregunta 91,Opción D para pregunta 91,D,Comunicación escrita,Ciencias sociales,Específica
"Pregunta 92: En el contexto de competencias ciudadanas, seleccione la opción correcta.",Opción A para pregunta 92,Opción B para pregunta 92,Opción C para pregunta 92,Opción D para pregunta 92,D,Competencias ciudadanas,Genérico,Genérica
"Pregunta 93: En el contexto de razonamiento cuantitativo, seleccione la opción correcta.",Opción A para pregunta 93,Opción B para pregunta 93,Opción C para pregunta 93,Opción D para pregunta 93,D,Razonamiento cuantitativo,Genérico,Genérica
"Pregunta 94: En el contexto de inglés, seleccione la opción correcta.",Opción A para pregunta 94,Opción B para pregunta 94,Opción C para pregunta 94,Opción D para pregunta 94,A,Inglés,Salud,Específica
"Pregunta 95: En el contexto de lectura crítica, seleccione la opción correcta.",Opción A para pregunta 95,Opción B para pregunta 95,Opción C para pregunta 95,Opción D para pregunta 95,D,Lectura crítica,Educación,Específica
"Pregunta 96: En el contexto de inglés, seleccione la opción correcta.",Opción A para pregunta 96,Opción B para pregunta 96,Opción C para pregunta 96,Opción D para pregunta 96,C,Inglés,Genérico,Genérica
"Pregunta 97: En el contexto de razonamiento cuantitativo, seleccione la opción correcta.",Opción A para pregunta 97,Opción B para pregunta 97,Opción C para pregunta 97,Opción D para pregunta 97,A,Razonamiento cuantitativo,Administración,Específica
"Pregunta 98: En el contexto de competencias ciudadanas, seleccione la opción correcta.",Opción A para pregunta 98,Opción B para pregunta 98,Opción C para pregunta 98,Opción D para pregunta 98,C,Competencias ciudadanas,Educación,Específica
"Pregunta 99: En el contexto de inglés, seleccione la opción correcta.",Opción A para pregunta 99,Opción B para pregunta 99,Opción C para pregunta 99,Opción D para pregunta 99,B,Inglés,Genérico,Genérica
"Pregunta 100: En el contexto de comunicación escrita, seleccione la opción correcta.",Opción A para pregunta 100,Opción B para pregunta 100,Opción C para pregunta 100,Opción D para pregunta 100,D,Comunicación escrita,Genérico,Genérica
"Pregunta 101: En el contexto de comunicación escrita, seleccione la opción correcta.",Opción A para pregunta 101,Opción B para pregunta 101,Opción C para pregunta 101,Opción D para pregunta 101,C,Comunicación escrita,Genérico,Genérica
"Pregunta 102: En el contexto de competencias ciudadanas, seleccione la opción correcta.",Opción A para pregunta 102,Opción B para pregunta 102,Opción C para pregunta 102,Opción D para pregunta 102,C,Competencias ciudadanas,Educación,Específica
"Pregunta 103: En el contexto de comunicación escrita, seleccione la opción correcta.",Opción A para pregunta 103,Opción B para pregunta 103,Opción C para pregunta 103,Opción D para pregunta 103,D,Comunicación escrita,Salud,Específica
"Pregunta 104: En el contexto de lectura crítica, seleccione la opción correcta.",Opción A para pregunta 104,Opción B para pregunta 104,Opción C para pregunta 104,Opción D para pregunta 104,A,Lectura crítica,Genérico,Genérica
"Pregunta 105: En el contexto de inglés, seleccione la opción correcta.",Opción A para pregunta 105,Opción B para pregunta 105,Opción C para pregunta 105,Opción D para pregunta 105,C,Inglés,Administración,Específica
"Pregunta 106: En el contexto de comunicación escrita, seleccione la opción correcta.",Opción A para pregunta 106,Opción B para pregunta 106,Opción C para pregunta 106,Opción D para pregunta 106,C,Comunicación escrita,Genérico,Genérica
"Pregunta 107: En el contexto de lectura crítica, seleccione la opción correcta.",Opción A para pregunta 107,Opción B para pregunta 107,Opción C para pregunta 107,Opción D para pregunta 107,A,Lectura crítica,Genérico,Genérica
"Pregunta 108: En el contexto de competencias ciudadanas, seleccione la opción correcta.",Opción A para pregunta 108,Opción B para pregunta 108,Opción C para pregunta 108,Opción D para pregunta 108,D,Competencias ciudadanas,Educación,Específica
"Pregunta 109: En el contexto de competencias ciudadanas, seleccione la opción correcta.",Opción A para pregunta 109,Opción B para pregunta 109,Opción C para pregunta 109,Opción D para pregunta 109,A,Competencias ciudadanas,Genérico,Genérica
"Pregunta 110: En el contexto de inglés, seleccione la opción correcta.",Opción A para pregunta 110,Opción B para pregunta 110,Opción C para pregunta 110,Opción D para pregunta 110,A,Inglés,Salud,Específica
"Pregunta 111: En el contexto de inglés, seleccione la opción correcta.",Opción A para pregunta 111,Opción B para pregunta 111,Opción C para pregunta 111,Opción D para pregunta 111,D,Inglés,Genérico,Genérica
"Pregunta 112: En el contexto de comunicación escrita, seleccione la opción correcta.",Opción A para pregunta 112,Opción B para pregunta 112,Opción C para pregunta 112,Opción D para pregunta 112,A,Comunicación escrita,Ingeniería,Específica
"Pregunta 113: En el contexto de razonamiento cuantitativo, seleccione la opción correcta.",Opción A para pregunta 113,Opción B para pregunta 113,Opción C para pregunta 113,Opción D para pregunta 113,A,Razonamiento cuantitativo,Genérico,Genérica
"Pregunta 114: En el contexto de lectura crítica, seleccione la opción correcta.",Opción A para pregunta 114,Opción B para pregunta 114,Opción C para pregunta 114,Opción D para pregunta 114,D,Lectura crítica,Educación,Específica
"Pregunta 115: En el contexto de inglés, seleccione la opción correcta.",Opción A para pregunta 115,Opción B para pregunta 115,Opción C para pregunta 115,Opción D para pregunta 115,B,Inglés,Administración,Específica
"Pregunta 116: En el contexto de competencias ciudadanas, seleccione la opción correcta.",Opción A para pregunta 116,Opción B para pregunta 116,Opción C para pregunta 116,Opción D para pregunta 116,D,Competencias ciudadanas,Salud,Específica
"Pregunta 117: En el contexto de inglés, seleccione la opción correcta.",Opción A para pregunta 117,Opción B para pregunta 117,Opción C para pregunta 117,Opción D para pregunta 117,A,Inglés,Genérico,Genérica
"Pregunta 118: En el contexto de inglés, seleccione la opción correcta.",Opción A para pregunta 118,Opción B para pregunta 118,Opción C para pregunta 118,Opción D para pregunta 118,B,Inglés,Genérico,Genérica
"Pregunta 119: En el contexto de lectura crítica, seleccione la opción correcta.",Opción A para pregunta 119,Opción B para pregunta 119,Opción C para pregunta 119,Opción D para pregunta 119,D,Lectura crítica,Genérico,Genérica
"Pregunta 120: En el contexto de lectura crítica, seleccione la opción correcta.",Opción A para pregunta 120,Opción B para pregunta 120,Opción C para pregunta 120,Opción D para pregunta 120,B,Lectura crítica,Genérico,Genérica
"Pregunta 121: En el contexto de inglés, seleccione la opción correcta.",Opción A para pregunta 121,Opción B para pregunta 121,Opción C para pregunta 121,Opción D para pregunta 121,B,Inglés,Educación,Específica
"Pregunta 122: En el contexto de razonamiento cuantitativo, seleccione la opción correcta.",Opción A para pregunta 122,Opción B para pregunta 122,Opción C para pregunta 122,Opción D para pregunta 122,A,Razonamiento cuantitativo,Genérico,Genérica
"Pregunta 123: En el contexto de comunicación escrita, seleccione la opción correcta.",Opción A para pregunta 123,Opción B para pregunta 123,Opción C para pregunta 123,Opción D para pregunta 123,D,Comunicación escrita,Ciencias sociales,Específica
"Pregunta 124: En el contexto de lectura crítica, seleccione la opción correcta.",Opción A para pregunta 124,Opción B para pregunta 124,Opción C para pregunta 124,Opción D para pregunta 124,C,Lectura crítica,Genérico,Genérica
"Pregunta 125: En el contexto de comunicación escrita, seleccione la opción correcta.",Opción A para pregunta 125,Opción B para pregunta 125,Opción C para pregunta 125,Opción D para pregunta 125,A,Comunicación escrita,Ingeniería,Específica
"Pregunta 126: En el contexto de comunicación escrita, seleccione la opción correcta.",Opción A para pregunta 126,Opción B para pregunta 126,Opción C para pregunta 126,Opción D para pregunta 126,B,Comunicación escrita,Genérico,Genérica
"Pregunta 127: En el contexto de lectura crítica, seleccione la opción correcta.",Opción A para pregunta 127,Opción B para pregunta 127,Opción C para pregunta 127,Opción D para pregunta 127,D,Lectura crítica,Genérico,Genérica
"Pregunta 128: En el contexto de comunicación escrita, seleccione la opción correcta.",Opción A para pregunta 128,Opción B para pregunta 128,Opción C para pregunta 128,Opción D para pregunta 128,B,Comunicación escrita,Genérico,Genérica
"Pregunta 129: En el contexto de competencias ciudadanas, seleccione la opción correcta.",Opción A para pregunta 129,Opción B para pregunta 129,Opción C para pregunta 129,Opción D para pregunta 129,C,Competencias ciudadanas,Genérico,Genérica
"Pregunta 130: En el contexto de inglés, seleccione la opción correcta.",Opción A para pregunta 130,Opción B para pregunta 130,Opción C para pregunta 130,Opción D para pregunta 130,D,Inglés,Ingeniería,Específica
"Pregunta 131: En el contexto de competencias ciudadanas, seleccione la opción correcta.",Opción A para pregunta 131,Opción B para pregunta 131,Opción C para pregunta 131,Opción D para pregunta 131,D,Competencias ciudadanas,Genérico,Genérica
"Pregunta 132: En el contexto de inglés, seleccione la opción correcta.",Opción A para pregunta 132,Opción B para pregunta 132,Opción C para pregunta 132,Opción D para pregunta 132,B,Inglés,Ingeniería,Específica
"Pregunta 133: En el contexto de inglés, seleccione la opción correcta.",Opción A para pregunta 133,Opción B para pregunta 133,Opción C para pregunta 133,Opción D para pregunta 133,A,Inglés,Genérico,Genérica
"Pregunta 134: En el contexto de inglés, seleccione la opción correcta.",Opción A para pregunta 134,Opción B para pregunta 134,Opción C para pregunta 134,Opción D para pregunta 134,A,Inglés,Salud,Específica
"Pregunta 135: En el contexto de razonamiento cuantitativo, seleccione la opción correcta.",Opción A para pregunta 135,Opción B para pregunta 135,Opción C para pregunta 135,Opción D para pregunta 135,C,Razonamiento cuantitativo,Genérico,Genérica
"Pregunta 136: En el contexto de lectura crítica, seleccione la opción correcta.",Opción A para pregunta 136,Opción B para pregunta 136,Opción C para pregunta 136,Opción D para pregunta 136,B,Lectura crítica,Genérico,Genérica
"Pregunta 137: En el contexto de lectura crítica, seleccione la opción correcta.",Opción A para pregunta 137,Opción B para pregunta 137,Opción C para pregunta 137,Opción D para pregunta 137,A,Lectura crítica,Genérico,Genérica
"Pregunta 138: En el contexto de inglés, seleccione la opción correcta.",Opción A para pregunta 138,Opción B para pregunta 138,Opción C para pregunta 138,Opción D para pregunta 138,D,Inglés,Genérico,Genérica
"Pregunta 139: En el contexto de lectura crítica, seleccione la opción correcta.",Opción A para pregunta 139,Opción B para pregunta 139,Opción C para pregunta 139,Opción D para pregunta 139,C,Lectura crítica,Genérico,Genérica
"Pregunta 140: En el contexto de lectura crítica, seleccione la opción correcta.",Opción A para pregunta 140,Opción B para pregunta 140,Opción C para pregunta 140,Opción D para pregunta 140,B,Lectura crítica,Genérico,Genérica
"Pregunta 141: En el contexto de lectura crítica, seleccione la opción correcta.",Opción A para pregunta 141,Opción B para pregunta 141,Opción C para pregunta 141,Opción D para pregunta 141,A,Lectura crítica,Genérico,Genérica
"Pregunta 142: En el contexto de lectura crítica, seleccione la opción correcta.",Opción A para pregunta 142,Opción B para pregunta 142,Opción C para pregunta 142,Opción D para pregunta 142,A,Lectura crítica,Genérico,Genérica
"Pregunta 143: En el contexto de competencias ciudadanas, seleccione la opción correcta.",Opción A para pregunta 143,Opción B para pregunta 143,Opción C para pregunta 143,Opción D para pregunta 143,C,Competencias ciudadanas,Genérico,Genérica
"Pregunta 144: En el contexto de comunicación escrita, seleccione la opción correcta.",Opción A para pregunta 144,Opción B para pregunta 144,Opción C para pregunta 144,Opción D para pregunta 144,B,Comunicación escrita,Genérico,Genérica
"Pregunta 145: En el contexto de inglés, seleccione la opción correcta.",Opción A para pregunta 145,Opción B para pregunta 145,Opción C para pregunta 145,Opción D para pregunta 145,A,Inglés,Ingeniería,Específica
"Pregunta 146: En el contexto de inglés, seleccione la opción correcta.",Opción A para pregunta 146,Opción B para pregunta 146,Opción C para pregunta 146,Opción D para pregunta 146,A,Inglés,Genérico,Genérica
"Pregunta 147: En el contexto de lectura crítica, seleccione la opción correcta.",Opción A para pregunta 147,Opción B para pregunta 147,Opción C para pregunta 147,Opción D para pregunta 147,A,Lectura crítica,Educación,Específica
"Pregunta 148: En el contexto de competencias ciudadanas, seleccione la opción correcta.",Opción A para pregunta 148,Opción B para pregunta 148,Opción C para pregunta 148,Opción D para pregunta 148,C,Competencias ciudadanas,Genérico,Genérica
"Pregunta 149: En el contexto de lectura crítica, seleccione la opción correcta.",Opción A para pregunta 149,Opción B para pregunta 149,Opción C para pregunta 149,Opción D para pregunta 149,A,Lectura crítica,Genérico,Genérica
"Pregunta 150: En el contexto de lectura crítica, seleccione la opción correcta.",Opción A para pregunta 150,Opción B para pregunta 150,Opción C para pregunta 150,Opción D para pregunta 150,B,Lectura crítica,Ciencias sociales,Específica
"Pregunta 151: En el contexto de lectura crítica, seleccione la opción correcta.",Opción A para pregunta 151,Opción B para pregunta 151,Opción C para pregunta 151,Opción D para pregunta 151,C,Lectura crítica,Educación,Específica
"Pregunta 152: En el contexto de inglés, seleccione la opción correcta.",Opción A para pregunta 152,Opción B para pregunta 152,Opción C para pregunta 152,Opción D para pregunta 152,A,Inglés,Administración,Específica
"Pregunta 153: En el contexto de competencias ciudadanas, seleccione la opción correcta.",Opción A para pregunta 153,Opción B para pregunta 153,Opción C para pregunta 153,Opción D para pregunta 153,B,Competencias ciudadanas,Genérico,Genérica
"Pregunta 154: En el contexto de inglés, seleccione la opción correcta.",Opción A para pregunta 154,Opción B para pregunta 154,Opción C para pregunta 154,Opción D para pregunta 154,C,Inglés,Genérico,Genérica
"Pregunta 155: En el contexto de inglés, seleccione la opción correcta.",Opción A para pregunta 155,Opción B para pregunta 155,Opción C para pregunta 155,Opción D para pregunta 155,B,Inglés,Ciencias sociales,Específica
"Pregunta 156: En el contexto de comunicación escrita, seleccione la opción correcta.",Opción A para pregunta 156,Opción B para pregunta 156,Opción C para pregunta 156,Opción D para pregunta 156,C,Comunicación escrita,Salud,Específica
"Pregunta 157: En el contexto de lectura crítica, seleccione la opción correcta.",Opción A para pregunta 157,Opción B para pregunta 157,Opción C para pregunta 157,Opción D para pregunta 157,A,Lectura crítica,Administración,Específica
"Pregunta 158: En el contexto de lectura crítica, seleccione la opción correcta.",Opción A para pregunta 158,Opción B para pregunta 158,Opción C para pregunta 158,Opción D para pregunta 158,A,Lectura crítica,Genérico,Genérica
"Pregunta 159: En el contexto de comunicación escrita, seleccione la opción correcta.",Opción A para pregunta 159,Opción B para pregunta 159,Opción C para pregunta 159,Opción D para pregunta 159,D,Comunicación escrita,Genérico,Genérica
"Pregunta 160: En el contexto de inglés, seleccione la opción correcta.",Opción A para pregunta 160,Opción B para pregunta 160,Opción C para pregunta 160,Opción D para pregunta 160,B,Inglés,Educación,Específica
"Pregunta 161: En el contexto de inglés, seleccione la opción correcta.",Opción A para pregunta 161,Opción B para pregunta 161,Opción C para pregunta 161,Opción D para pregunta 161,A,Inglés,Genérico,Genérica
"Pregunta 162: En el contexto de lectura crítica, seleccione la opción correcta.",Opción A para pregunta 162,Opción B para pregunta 162,Opción C para pregunta 162,Opción D para pregunta 162,A,Lectura crítica,Genérico,Genérica
"Pregunta 163: En el contexto de competencias ciudadanas, seleccione la opción correcta.",Opción A para pregunta 163,Opción B para pregunta 163,Opción C para pregunta 163,Opción D para pregunta 163,D,Competencias ciudadanas,Genérico,Genérica
"Pregunta 164: En el contexto de competencias ciudadanas, seleccione la opción correcta.",Opción A para pregunta 164,Opción B para pregunta 164,Opción C para pregunta 164,Opción D para pregunta 164,B,Competencias ciudadanas,Educación,Específica
"Pregunta 165: En el contexto de competencias ciudadanas, seleccione la opción correcta.",Opción A para pregunta 165,Opción B para pregunta 165,Opción C para pregunta 165,Opción D para pregunta 165,A,Competencias ciudadanas,Genérico,Genérica
"Pregunta 166: En el contexto de lectura crítica, seleccione la opción correcta.",Opción A para pregunta 166,Opción B para pregunta 166,Opción C para pregunta 166,Opción D para pregunta 166,A,Lectura crítica,Genérico,Genérica
"Pregunta 167: En el contexto de lectura crítica, seleccione la opción correcta.",Opción A para pregunta 167,Opción B para pregunta 167,Opción C para pregunta 167,Opción D para pregunta 167,C,Lectura crítica,Ingeniería,Específica
"Pregunta 168: En el contexto de lectura crítica, seleccione la opción correcta.",Opción A para pregunta 168,Opción B para pregunta 168,Opción C para pregunta 168,Opción D para pregunta 168,B,Lectura crítica,Genérico,Genérica
"Pregunta 169: En el contexto de lectura crítica, seleccione la opción correcta.",Opción A para pregunta 169,Opción B para pregunta 169,Opción C para pregunta 169,Opción D para pregunta 169,D,Lectura crítica,Administración,Específica
"Pregunta 170: En el contexto de comunicación escrita, seleccione la opción correcta.",Opción A para pregunta 170,Opción B para pregunta 170,Opción C para pregunta 170,Opción D para pregunta 170,B,Comunicación escrita,Ingeniería,Específica
"Pregunta 171: En el contexto de comunicación escrita, seleccione la opción correcta.",Opción A para pregunta 171,Opción B para pregunta 171,Opción C para pregunta 171,Opción D para pregunta 171,B,Comunicación escrita,Genérico,Genérica
"Pregunta 172: En el contexto de razonamiento cuantitativo, seleccione la opción correcta.",Opción A para pregunta 172,Opción B para pregunta 172,Opción C para pregunta 172,Opción D para pregunta 172,B,Razonamiento cuantitativo,Ciencias sociales,Específica
"Pregunta 173: En el contexto de lectura crítica, seleccione la opción correcta.",Opción A para pregunta 173,Opción B para pregunta 173,Opción C para pregunta 173,Opción D para pregunta 173,A,Lectura crítica,Genérico,Genérica
"Pregunta 174: En el contexto de comunicación escrita, seleccione la opción correcta.",Opción A para pregunta 174,Opción B para pregunta 174,Opción C para pregunta 174,Opción D para pregunta 174,D,Comunicación escrita,Genérico,Genérica
"Pregunta 175: En el contexto de inglés, seleccione la opción correcta.",Opción A para pregunta 175,Opción B para pregunta 175,Opción C para pregunta 175,Opción D para pregunta 175,C,Inglés,Genérico,Genérica
"Pregunta 176: En el contexto de inglés, seleccione la opción correcta.",Opción A para pregunta 176,Opción B para pregunta 176,Opción C para pregunta 176,Opción D para pregunta 176,D,Inglés,Genérico,Genérica
"Pregunta 177: En el contexto de comunicación escrita, seleccione la opción correcta.",Opción A para pregunta 177,Opción B para pregunta 177,Opción C para pregunta 177,Opción D para pregunta 177,A,Comunicación escrita,Genérico,Genérica
"Pregunta 178: En el contexto de competencias ciudadanas, seleccione la opción correcta.",Opción A para pregunta 178,Opción B para pregunta 178,Opción C para pregunta 178,Opción D para pregunta 178,B,Competencias ciudadanas,Ingeniería,Específica
"Pregunta 179: En el contexto de razonamiento cuantitativo, seleccione la opción correcta.",Opción A para pregunta 179,Opción B para pregunta 179,Opción C para pregunta 179,Opción D para pregunta 179,C,Razonamiento cuantitativo,Ciencias sociales,Específica
"Pregunta 180: En el contexto de inglés, seleccione la opción correcta.",Opción A para pregunta 180,Opción B para pregunta 180,Opción C para pregunta 180,Opción D para pregunta 180,D,Inglés,Genérico,Genérica
"Pregunta 181: En el contexto de inglés, seleccione la opción correcta.",Opción A para pregunta 181,Opción B para pregunta 181,Opción C para pregunta 181,Opción D para pregunta 181,A,Inglés,Genérico,Genérica
"Pregunta 182: En el contexto de lectura crítica, seleccione la opción correcta.",Opción A para pregunta 182,Opción B para pregunta 182,Opción C para pregunta 182,Opción D para pregunta 182,C,Lectura crítica,Genérico,Genérica
"Pregunta 183: En el contexto de competencias ciudadanas, seleccione la opción correcta.",Opción A para pregunta 183,Opción B para pregunta 183,Opción C para pregunta 183,Opción D para pregunta 183,D,Competencias ciudadanas,Genérico,Genérica
"Pregunta 184: En el contexto de inglés, seleccione la opción correcta.",Opción A para pregunta 184,Opción B para pregunta 184,Opción C para pregunta 184,Opción D para pregunta 184,B,Inglés,Genérico,Genérica
"Pregunta 185: En el contexto de lectura crítica, seleccione la opción correcta.",Opción A para pregunta 185,Opción B para pregunta 185,Opción C para pregunta 185,Opción D para pregunta 185,A,Lectura crítica,Genérico,Genérica
"Pregunta 186: En el contexto de comunicación escrita, seleccione la opción correcta.",Opción A para pregunta 186,Opción B para pregunta 186,Opción C para pregunta 186,Opción D para pregunta 186,A,Comunicación escrita,Salud,Específica
"Pregunta 187: En el contexto de lectura crítica, seleccione la opción correcta.",Opción A para pregunta 187,Opción B para pregunta 187,Opción C para pregunta 187,Opción D para pregunta 187,B,Lectura crítica,Genérico,Genérica
"Pregunta 188: En el contexto de comunicación escrita, seleccione la opción correcta.",Opción A para pregunta 188,Opción B para pregunta 188,Opción C para pregunta 188,Opción D para pregunta 188,B,Comunicación escrita,Ciencias sociales,Específica
"Pregunta 189: En el contexto de competencias ciudadanas, seleccione la opción correcta.",Opción A para pregunta 189,Opción B para pregunta 189,Opción C para pregunta 189,Opción D para pregunta 189,D,Competencias ciudadanas,Genérico,Genérica
"Pregunta 190: En el contexto de comunicación escrita, seleccione la opción correcta.",Opción A para pregunta 190,Opción B para pregunta 190,Opción C para pregunta 190,Opción D para pregunta 190,D,Comunicación escrita,Genérico,Genérica
"Pregunta 191: En el contexto de razonamiento cuantitativo, seleccione la opción correcta.",Opción A para pregunta 191,Opción B para pregunta 191,Opción C para pregunta 191,Opción D para pregunta 191,C,Razonamiento cuantitativo,Educación,Específica
"Pregunta 192: En el contexto de inglés, seleccione la opción correcta.",Opción A para pregunta 192,Opción B para pregunta 192,Opción C para pregunta 192,Opción D para pregunta 192,A,Inglés,Genérico,Genérica
"Pregunta 193: En el contexto de inglés, seleccione la opción correcta.",Opción A para pregunta 193,Opción B para pregunta 193,Opción C para pregunta 193,Opción D para pregunta 193,D,Inglés,Genérico,Genérica
"Pregunta 194: En el contexto de competencias ciudadanas, seleccione la opción correcta.",Opción A para pregunta 194,Opción B para pregunta 194,Opción C para pregunta 194,Opción D para pregunta 194,C,Competencias ciudadanas,Genérico,Genérica
"Pregunta 195: En el contexto de inglés, seleccione la opción correcta.",Opción A para pregunta 195,Opción B para pregunta 195,Opción C para pregunta 195,Opción D para pregunta 195,A,Inglés,Genérico,Genérica
"Pregunta 196: En el contexto de competencias ciudadanas, seleccione la opción correcta.",Opción A para pregunta 196,Opción B para pregunta 196,Opción C para pregunta 196,Opción D para pregunta 196,C,Competencias ciudadanas,Administración,Específica
"Pregunta 197: En el contexto de razonamiento cuantitativo, seleccione la opción correcta.",Opción A para pregunta 197,Opción B para pregunta 197,Opción C para pregunta 197,Opción D para pregunta 197,C,Razonamiento cuantitativo,Administración,Específica
"Pregunta 198: En el contexto de lectura crítica, seleccione la opción correcta.",Opción A para pregunta 198,Opción B para pregunta 198,Opción C para pregunta 198,Opción D para pregunta 198,C,Lectura crítica,Educación,Específica
"Pregunta 199: En el contexto de lectura crítica, seleccione la opción correcta.",Opción A para pregunta 199,Opción B para pregunta 199,Opción C para pregunta 199,Opción D para pregunta 199,A,Lectura crítica,Genérico,Genérica
"Pregunta 200: En el contexto de competencias ciudadanas, seleccione la opción correcta.",Opción A para pregunta 200,Opción B para pregunta 200,Opción C para pregunta 200,Opción D para pregunta 200,D,Competencias ciudadanas,Salud,Específica
"Pregunta 201: En el contexto de comunicación escrita, seleccione la opción correcta.",Opción A para pregunta 201,Opción B para pregunta 201,Opción C para pregunta 201,Opción D para pregunta 201,B,Comunicación escrita,Ciencias sociales,Específica
"Pregunta 202: En el contexto de lectura crítica, seleccione la opción correcta.",Opción A para pregunta 202,Opción B para pregunta 202,Opción C para pregunta 202,Opción D para pregunta 202,C,Lectura crítica,Genérico,Genérica
"Pregunta 203: En el contexto de competencias ciudadanas, seleccione la opción correcta.",Opción A para pregunta 203,Opción B para pregunta 203,Opción C para pregunta 203,Opción D para pregunta 203,B,Competencias ciudadanas,Administración,Específica
"Pregunta 204: En el contexto de inglés, seleccione la opción correcta.",Opción A para pregunta 204,Opción B para pregunta 204,Opción C para pregunta 204,Opción D para pregunta 204,C,Inglés,Salud,Específica
"Pregunta 205: En el contexto de competencias ciudadanas, seleccione la opción correcta.",Opción A para pregunta 205,Opción B para pregunta 205,Opción C para pregunta 205,Opción D para pregunta 205,D,Competencias ciudadanas,Administración,Específica
"Pregunta 206: En el contexto de comunicación escrita, seleccione la opción correcta.",Opción A para pregunta 206,Opción B para pregunta 206,Opción C para pregunta 206,Opción D para pregunta 206,B,Comunicación escrita,Genérico,Genérica
"Pregunta 207: En el contexto de razonamiento cuantitativo, seleccione la opción correcta.",Opción A para pregunta 207,Opción B para pregunta 207,Opción C para pregunta 207,Opción D para pregunta 207,D,Razonamiento cuantitativo,Administración,Específica
"Pregunta 208: En el contexto de competencias ciudadanas, seleccione la opción correcta.",Opción A para pregunta 208,Opción B para pregunta 208,Opción C para pregunta 208,Opción D para pregunta 208,C,Competencias ciudadanas,Genérico,Genérica
"Pregunta 209: En el contexto de comunicación escrita, seleccione la opción correcta.",Opción A para pregunta 209,Opción B para pregunta 209,Opción C para pregunta 209,Opción D para pregunta 209,C,Comunicación escrita,Educación,Específica
"Pregunta 210: En el contexto de razonamiento cuantitativo, seleccione la opción correcta.",Opción A para pregunta 210,Opción B para pregunta 210,Opción C para pregunta 210,Opción D para pregunta 210,C,Razonamiento cuantitativo,Genérico,Genérica
"Pregunta 211: En el contexto de inglés, seleccione la opción correcta.",Opción A para pregunta 211,Opción B para pregunta 211,Opción C para pregunta 211,Opción D para pregunta 211,D,Inglés,Genérico,Genérica
"Pregunta 212: En el contexto de razonamiento cuantitativo, seleccione la opción correcta.",Opción A para pregunta 212,Opción B para pregunta 212,Opción C para pregunta 212,Opción D para pregunta 212,D,Razonamiento cuantitativo,Genérico,Genérica
"Pregunta 213: En el contexto de comunicación escrita, seleccione la opción correcta.",Opción A para pregunta 213,Opción B para pregunta 213,Opción C para pregunta 213,Opción D para pregunta 213,D,Comunicación escrita,Genérico,Genérica
"Pregunta 214: En el contexto de inglés, seleccione la opción correcta.",Opción A para pregunta 214,Opción B para pregunta 214,Opción C para pregunta 214,Opción D para pregunta 214,B,Inglés,Genérico,Genérica
"Pregunta 215: En el contexto de lectura crítica, seleccione la opción correcta.",Opción A para pregunta 215,Opción B para pregunta 215,Opción C para pregunta 215,Opción D para pregunta 215,D,Lectura crítica,Genérico,Genérica
"Pregunta 216: En el contexto de lectura crítica, seleccione la opción correcta.",Opción A para pregunta 216,Opción B para pregunta 216,Opción C para pregunta 216,Opción D para pregunta 216,B,Lectura crítica,Administración,Específica
"Pregunta 217: En el contexto de comunicación escrita, seleccione la opción correcta.",Opción A para pregunta 217,Opción B para pregunta 217,Opción C para pregunta 217,Opción D para pregunta 217,D,Comunicación escrita,Genérico,Genérica
"Pregunta 218: En el contexto de lectura crítica, seleccione la opción correcta.",Opción A para pregunta 218,Opción B para pregunta 218,Opción C para pregunta 218,Opción D para pregunta 218,B,Lectura crítica,Genérico,Genérica
"Pregunta 219: En el contexto de comunicación escrita, seleccione la opción correcta.",Opción A para pregunta 219,Opción B para pregunta 219,Opción C para pregunta 219,Opción D para pregunta 219,C,Comunicación escrita,Genérico,Genérica
"Pregunta 220: En el contexto de competencias ciudadanas, seleccione la opción correcta.",Opción A para pregunta 220,Opción B para pregunta 220,Opción C para pregunta 220,Opción D para pregunta 220,B,Competencias ciudadanas,Genérico,Genérica
"Pregunta 221: En el contexto de razonamiento cuantitativo, seleccione la opción correcta.",Opción A para pregunta 221,Opción B para pregunta 221,Opción C para pregunta 221,Opción D para pregunta 221,D,Razonamiento cuantitativo,Ciencias sociales,Específica
"Pregunta 222: En el contexto de razonamiento cuantitativo, seleccione la opción correcta.",Opción A para pregunta 222,Opción B para pregunta 222,Opción C para pregunta 222,Opción D para pregunta 222,C,Razonamiento cuantitativo,Administración,Específica
"Pregunta 223: En el contexto de razonamiento cuantitativo, seleccione la opción correcta.",Opción A para pregunta 223,Opción B para pregunta 223,Opción C para pregunta 223,Opción D para pregunta 223,D,Razonamiento cuantitativo,Genérico,Genérica
"Pregunta 224: En el contexto de razonamiento cuantitativo, seleccione la opción correcta.",Opción A para pregunta 224,Opción B para pregunta 224,Opción C para pregunta 224,Opción D para pregunta 224,A,Razonamiento cuantitativo,Salud,Específica
"Pregunta 225: En el contexto de comunicación escrita, seleccione la opción correcta.",Opción A para pregunta 225,Opción B para pregunta 225,Opción C para pregunta 225,Opción D para pregunta 225,D,Comunicación escrita,Administración,Específica
"Pregunta 226: En el contexto de comunicación escrita, seleccione la opción correcta.",Opción A para pregunta 226,Opción B para pregunta 226,Opción C para pregunta 226,Opción D para pregunta 226,C,Comunicación escrita,Genérico,Genérica
"Pregunta 227: En el contexto de lectura crítica, seleccione la opción correcta.",Opción A para pregunta 227,Opción B para pregunta 227,Opción C para pregunta 227,Opción D para pregunta 227,A,Lectura crítica,Genérico,Genérica
"Pregunta 228: En el contexto de inglés, seleccione la opción correcta.",Opción A para pregunta 228,Opción B para pregunta 228,Opción C para pregunta 228,Opción D para pregunta 228,B,Inglés,Genérico,Genérica
"Pregunta 229: En el contexto de inglés, seleccione la opción correcta.",Opción A para pregunta 229,Opción B para pregunta 229,Opción C para pregunta 229,Opción D para pregunta 229,A,Inglés,Genérico,Genérica
"Pregunta 230: En el contexto de comunicación escrita, seleccione la opción correcta.",Opción A para pregunta 230,Opción B para pregunta 230,Opción C para pregunta 230,Opción D para pregunta 230,B,Comunicación escrita,Genérico,Genérica
"Pregunta 231: En el contexto de comunicación escrita, seleccione la opción correcta.",Opción A para pregunta 231,Opción B para pregunta 231,Opción C para pregunta 231,Opción D para pregunta 231,C,Comunicación escrita,Genérico,Genérica
"Pregunta 232: En el contexto de inglés, seleccione la opción correcta.",Opción A para pregunta 232,Opción B para pregunta 232,Opción C para pregunta 232,Opción D para pregunta 232,A,Inglés,Genérico,Genérica
"Pregunta 233: En el contexto de competencias ciudadanas, seleccione la opción correcta.",Opción A para pregunta 233,Opción B para pregunta 233,Opción C para pregunta 233,Opción D para pregunta 233,A,Competencias ciudadanas,Genérico,Genérica
"Pregunta 234: En el contexto de inglés, seleccione la opción correcta.",Opción A para pregunta 234,Opción B para pregunta 234,Opción C para pregunta 234,Opción D para pregunta 234,D,Inglés,Ciencias sociales,Específica
"Pregunta 235: En el contexto de razonamiento cuantitativo, seleccione la opción correcta.",Opción A para pregunta 235,Opción B para pregunta 235,Opción C para pregunta 235,Opción D para pregunta 235,A,Razonamiento cuantitativo,Genérico,Genérica
"Pregunta 236: En el contexto de competencias ciudadanas, seleccione la opción correcta.",Opción A para pregunta 236,Opción B para pregunta 236,Opción C para pregunta 236,Opción D para pregunta 236,D,Competencias ciudadanas,Genérico,Genérica
"Pregunta 237: En el contexto de competencias ciudadanas, seleccione la opción correcta.",Opción A para pregunta 237,Opción B para pregunta 237,Opción C para pregunta 237,Opción D para pregunta 237,B,Competencias ciudadanas,Administración,Específica
"Pregunta 238: En el contexto de inglés, seleccione la opción correcta.",Opción A para pregunta 238,Opción B para pregunta 238,Opción C para pregunta 238,Opción D para pregunta 238,B,Inglés,Genérico,Genérica
"Pregunta 239: En el contexto de comunicación escrita, seleccione la opción correcta.",Opción A para pregunta 239,Opción B para pregunta 239,Opción C para pregunta 239,Opción D para pregunta 239,D,Comunicación escrita,Salud,Específica
"Pregunta 240: En el contexto de lectura crítica, seleccione la opción correcta.",Opción A para pregunta 240,Opción B para pregunta 240,Opción C para pregunta 240,Opción D para pregunta 240,D,Lectura crítica,Educación,Específica
"Pregunta 241: En el contexto de inglés, seleccione la opción correcta.",Opción A para pregunta 241,Opción B para pregunta 241,Opción C para pregunta 241,Opción D para pregunta 241,A,Inglés,Ciencias sociales,Específica
"Pregunta 242: En el contexto de comunicación escrita, seleccione la opción correcta.",Opción A para pregunta 242,Opción B para pregunta 242,Opción C para pregunta 242,Opción D para pregunta 242,A,Comunicación escrita,Educación,Específica
"Pregunta 243: En el contexto de razonamiento cuantitativo, seleccione la opción correcta.",Opción A para pregunta 243,Opción B para pregunta 243,Opción C para pregunta 243,Opción D para pregunta 243,D,Razonamiento cuantitativo,Genérico,Genérica
"Pregunta 244: En el contexto de lectura crítica, seleccione la opción correcta.",Opción A para pregunta 244,Opción B para pregunta 244,Opción C para pregunta 244,Opción D para pregunta 244,B,Lectura crítica,Ciencias sociales,Específica
"Pregunta 245: En el contexto de razonamiento cuantitativo, seleccione la opción correcta.",Opción A para pregunta 245,Opción B para pregunta 245,Opción C para pregunta 245,Opción D para pregunta 245,A,Razonamiento cuantitativo,Ciencias sociales,Específica
"Pregunta 246: En el contexto de razonamiento cuantitativo, seleccione la opción correcta.",Opción A para pregunta 246,Opción B para pregunta 246,Opción C para pregunta 246,Opción D para pregunta 246,B,Razonamiento cuantitativo,Genérico,Genérica
"Pregunta 247: En el contexto de competencias ciudadanas, seleccione la opción correcta.",Opción A para pregunta 247,Opción B para pregunta 247,Opción C para pregunta 247,Opción D para pregunta 247,D,Competencias ciudadanas,Genérico,Genérica
"Pregunta 248: En el contexto de razonamiento cuantitativo, seleccione la opción correcta.",Opción A para pregunta 248,Opción B para pregunta 248,Opción C para pregunta 248,Opción D para pregunta 248,D,Razonamiento cuantitativo,Ciencias sociales,Específica
"Pregunta 249: En el contexto de comunicación escrita, seleccione la opción correcta.",Opción A para pregunta 249,Opción B para pregunta 249,Opción C para pregunta 249,Opción D para pregunta 249,A,Comunicación escrita,Genérico,Genérica
"Pregunta 250: En el contexto de lectura crítica, seleccione la opción correcta.",Opción A para pregunta 250,Opción B para pregunta 250,Opción C para pregunta 250,Opción D para pregunta 250,A,Lectura crítica,Genérico,Genérica
"Pregunta 251: En el contexto de lectura crítica, seleccione la opción correcta.",Opción A para pregunta 251,Opción B para pregunta 251,Opción C para pregunta 251,Opción D para pregunta 251,A,Lectura crítica,Educación,Específica
"Pregunta 252: En el contexto de razonamiento cuantitativo, seleccione la opción correcta.",Opción A para pregunta 252,Opción B para pregunta 252,Opción C para pregunta 252,Opción D para pregunta 252,D,Razonamiento cuantitativo,Genérico,Genérica
"Pregunta 253: En el contexto de competencias ciudadanas, seleccione la opción correcta.",Opción A para pregunta 253,Opción B para pregunta 253,Opción C para pregunta 253,Opción D para pregunta 253,C,Competencias ciudadanas,Genérico,Genérica
"Pregunta 254: En el contexto de razonamiento cuantitativo, seleccione la opción correcta.",Opción A para pregunta 254,Opción B para pregunta 254,Opción C para pregunta 254,Opción D para pregunta 254,A,Razonamiento cuantitativo,Genérico,Genérica
"Pregunta 255: En el contexto de razonamiento cuantitativo, seleccione la opción correcta.",Opción A para pregunta 255,Opción B para pregunta 255,Opción C para pregunta 255,Opción D para pregunta 255,D,Razonamiento cuantitativo,Administración,Específica
"Pregunta 256: En el contexto de competencias ciudadanas, seleccione la opción correcta.",Opción A para pregunta 256,Opción B para pregunta 256,Opción C para pregunta 256,Opción D para pregunta 256,B,Competencias ciudadanas,Ciencias sociales,Específica
"Pregunta 257: En el contexto de comunicación escrita, seleccione la opción correcta.",Opción A para pregunta 257,Opción B para pregunta 257,Opción C para pregunta 257,Opción D para pregunta 257,C,Comunicación escrita,Genérico,Genérica
"Pregunta 258: En el contexto de comunicación escrita, seleccione la opción correcta.",Opción A para pregunta 258,Opción B para pregunta 258,Opción C para pregunta 258,Opción D para pregunta 258,C,Comunicación escrita,Genérico,Genérica
"Pregunta 259: En el contexto de razonamiento cuantitativo, seleccione la opción correcta.",Opción A para pregunta 259,Opción B para pregunta 259,Opción C para pregunta 259,Opción D para pregunta 259,C,Razonamiento cuantitativo,Ciencias sociales,Específica
"Pregunta 260: En el contexto de inglés, seleccione la opción correcta.",Opción A para pregunta 260,Opción B para pregunta 260,Opción C para pregunta 260,Opción D para pregunta 260,D,Inglés,Genérico,Genérica
"Pregunta 261: En el contexto de inglés, seleccione la opción correcta.",Opción A para pregunta 261,Opción B para pregunta 261,Opción C para pregunta 261,Opción D para pregunta 261,A,Inglés,Ingeniería,Específica
"Pregunta 262: En el contexto de razonamiento cuantitativo, seleccione la opción correcta.",Opción A para pregunta 262,Opción B para pregunta 262,Opción C para pregunta 262,Opción D para pregunta 262,B,Razonamiento cuantitativo,Genérico,Genérica
"Pregunta 263: En el contexto de lectura crítica, seleccione la opción correcta.",Opción A para pregunta 263,Opción B para pregunta 263,Opción C para pregunta 263,Opción D para pregunta 263,B,Lectura crítica,Ciencias sociales,Específica
"Pregunta 264: En el contexto de inglés, seleccione la opción correcta.",Opción A para pregunta 264,Opción B para pregunta 264,Opción C para pregunta 264,Opción D para pregunta 264,A,Inglés,Ciencias sociales,Específica
"Pregunta 265: En el contexto de lectura crítica, seleccione la opción correcta.",Opción A para pregunta 265,Opción B para pregunta 265,Opción C para pregunta 265,Opción D para pregunta 265,A,Lectura crítica,Salud,Específica
"Pregunta 266: En el contexto de inglés, seleccione la opción correcta.",Opción A para pregunta 266,Opción B para pregunta 266,Opción C para pregunta 266,Opción D para pregunta 266,C,Inglés,Genérico,Genérica
"Pregunta 267: En el contexto de razonamiento cuantitativo, seleccione la opción correcta.",Opción A para pregunta 267,Opción B para pregunta 267,Opción C para pregunta 267,Opción D para pregunta 267,B,Razonamiento cuantitativo,Genérico,Genérica
"Pregunta 268: En el contexto de razonamiento cuantitativo, seleccione la opción correcta.",Opción A para pregunta 268,Opción B para pregunta 268,Opción C para pregunta 268,Opción D para pregunta 268,A,Razonamiento cuantitativo,Ingeniería,Específica
"Pregunta 269: En el contexto de competencias ciudadanas, seleccione la opción correcta.",Opción A para pregunta 269,Opción B para pregunta 269,Opción C para pregunta 269,Opción D para pregunta 269,C,Competencias ciudadanas,Genérico,Genérica
"Pregunta 270: En el contexto de comunicación escrita, seleccione la opción correcta.",Opción A para pregunta 270,Opción B para pregunta 270,Opción C para pregunta 270,Opción D para pregunta 270,D,Comunicación escrita,Genérico,Genérica
"Pregunta 271: En el contexto de lectura crítica, seleccione la opción correcta.",Opción A para pregunta 271,Opción B para pregunta 271,Opción C para pregunta 271,Opción D para pregunta 271,B,Lectura crítica,Genérico,Genérica
"Pregunta 272: En el contexto de lectura crítica, seleccione la opción correcta.",Opción A para pregunta 272,Opción B para pregunta 272,Opción C para pregunta 272,Opción D para pregunta 272,B,Lectura crítica,Administración,Específica
"Pregunta 273: En el contexto de lectura crítica, seleccione la opción correcta.",Opción A para pregunta 273,Opción B para pregunta 273,Opción C para pregunta 273,Opción D para pregunta 273,A,Lectura crítica,Genérico,Genérica
"Pregunta 274: En el contexto de lectura crítica, seleccione la opción correcta.",Opción A para pregunta 274,Opción B para pregunta 274,Opción C para pregunta 274,Opción D para pregunta 274,B,Lectura crítica,Administración,Específica
"Pregunta 275: En el contexto de inglés, seleccione la opción correcta.",Opción A para pregunta 275,Opción B para pregunta 275,Opción C para pregunta 275,Opción D para pregunta 275,A,Inglés,Ingeniería,Específica
"Pregunta 276: En el contexto de inglés, seleccione la opción correcta.",Opción A para pregunta 276,Opción B para pregunta 276,Opción C para pregunta 276,Opción D para pregunta 276,B,Inglés,Ingeniería,Específica
"Pregunta 277: En el contexto de razonamiento cuantitativo, seleccione la opción correcta.",Opción A para pregunta 277,Opción B para pregunta 277,Opción C para pregunta 277,Opción D para pregunta 277,B,Razonamiento cuantitativo,Genérico,Genérica
"Pregunta 278: En el contexto de lectura crítica, seleccione la opción correcta.",Opción A para pregunta 278,Opción B para pregunta 278,Opción C para pregunta 278,Opción D para pregunta 278,A,Lectura crítica,Genérico,Genérica
"Pregunta 279: En el contexto de lectura crítica, seleccione la opción correcta.",Opción A para pregunta 279,Opción B para pregunta 279,Opción C para pregunta 279,Opción D para pregunta 279,D,Lectura crítica,Genérico,Genérica
"Pregunta 280: En el contexto de razonamiento cuantitativo, seleccione la opción correcta.",Opción A para pregunta 280,Opción B para pregunta 280,Opción C para pregunta 280,Opción D para pregunta 280,A,Razonamiento cuantitativo,Educación,Específica
"Pregunta 281: En el contexto de razonamiento cuantitativo, seleccione la opción correcta.",Opción A para pregunta 281,Opción B para pregunta 281,Opción C para pregunta 281,Opción D para pregunta 281,C,Razonamiento cuantitativo,Salud,Específica
"Pregunta 282: En el contexto de inglés, seleccione la opción correcta.",Opción A para pregunta 282,Opción B para pregunta 282,Opción C para pregunta 282,Opción D para pregunta 282,B,Inglés,Genérico,Genérica
"Pregunta 283: En el contexto de lectura crítica, seleccione la opción correcta.",Opción A para pregunta 283,Opción B para pregunta 283,Opción C para pregunta 283,Opción D para pregunta 283,A,Lectura crítica,Genérico,Genérica
"Pregunta 284: En el contexto de competencias ciudadanas, seleccione la opción correcta.",Opción A para pregunta 284,Opción B para pregunta 284,Opción C para pregunta 284,Opción D para pregunta 284,C,Competencias ciudadanas,Genérico,Genérica
"Pregunta 285: En el contexto de comunicación escrita, seleccione la opción correcta.",Opción A para pregunta 285,Opción B para pregunta 285,Opción C para pregunta 285,Opción D para pregunta 285,B,Comunicación escrita,Genérico,Genérica
"Pregunta 286: En el contexto de inglés, seleccione la opción correcta.",Opción A para pregunta 286,Opción B para pregunta 286,Opción C para pregunta 286,Opción D para pregunta 286,D,Inglés,Ciencias sociales,Específica
"Pregunta 287: En el contexto de lectura crítica, seleccione la opción correcta.",Opción A para pregunta 287,Opción B para pregunta 287,Opción C para pregunta 287,Opción D para pregunta 287,C,Lectura crítica,Ciencias sociales,Específica
"Pregunta 288: En el contexto de lectura crítica, seleccione la opción correcta.",Opción A para pregunta 288,Opción B para pregunta 288,Opción C para pregunta 288,Opción D para pregunta 288,D,Lectura crítica,Administración,Específica
"Pregunta 289: En el contexto de razonamiento cuantitativo, seleccione la opción correcta.",Opción A para pregunta 289,Opción B para pregunta 289,Opción C para pregunta 289,Opción D para pregunta 289,A,Razonamiento cuantitativo,Genérico,Genérica
"Pregunta 290: En el contexto de inglés, seleccione la opción correcta.",Opción A para pregunta 290,Opción B para pregunta 290,Opción C para pregunta 290,Opción D para pregunta 290,C,Inglés,Genérico,Genérica
"Pregunta 291: En el contexto de competencias ciudadanas, seleccione la opción correcta.",Opción A para pregunta 291,Opción B para pregunta 291,Opción C para pregunta 291,Opción D para pregunta 291,D,Competencias ciudadanas,Salud,Específica
"Pregunta 292: En el contexto de competencias ciudadanas, seleccione la opción correcta.",Opción A para pregunta 292,Opción B para pregunta 292,Opción C para pregunta 292,Opción D para pregunta 292,C,Competencias ciudadanas,Salud,Específica
"Pregunta 293: En el contexto de competencias ciudadanas, seleccione la opción correcta.",Opción A para pregunta 293,Opción B para pregunta 293,Opción C para pregunta 293,Opción D para pregunta 293,A,Competencias ciudadanas,Genérico,Genérica
"Pregunta 294: En el contexto de comunicación escrita, seleccione la opción correcta.",Opción A para pregunta 294,Opción B para pregunta 294,Opción C para pregunta 294,Opción D para pregunta 294,B,Comunicación escrita,Genérico,Genérica
"Pregunta 295: En el contexto de competencias ciudadanas, seleccione la opción correcta.",Opción A para pregunta 295,Opción B para pregunta 295,Opción C para pregunta 295,Opción D para pregunta 295,C,Competencias ciudadanas,Genérico,Genérica
"Pregunta 296: En el contexto de lectura crítica, seleccione la opción correcta.",Opción A para pregunta 296,Opción B para pregunta 296,Opción C para pregunta 296,Opción D para pregunta 296,B,Lectura crítica,Ingeniería,Específica
"Pregunta 297: En el contexto de comunicación escrita, seleccione la opción correcta.",Opción A para pregunta 297,Opción B para pregunta 297,Opción C para pregunta 297,Opción D para pregunta 297,A,Comunicación escrita,Genérico,Genérica
"Pregunta 298: En el contexto de comunicación escrita, seleccione la opción correcta.",Opción A para pregunta 298,Opción B para pregunta 298,Opción C para pregunta 298,Opción D para pregunta 298,C,Comunicación escrita,Ciencias sociales,Específica
"Pregunta 299: En el contexto de inglés, seleccione la opción correcta.",Opción A para pregunta 299,Opción B para pregunta 299,Opción C para pregunta 299,Opción D para pregunta 299,B,Inglés,Genérico,Genérica
"Pregunta 300: En el contexto de inglés, seleccione la opción correcta.",Opción A para pregunta 300,Opción B para pregunta 300,Opción C para pregunta 300,Opción D para pregunta 300,A,Inglés,Genérico,Genérica
"Pregunta 301: En el contexto de comunicación escrita, seleccione la opción correcta.",Opción A para pregunta 301,Opción B para pregunta 301,Opción C para pregunta 301,Opción D para pregunta 301,A,Comunicación escrita,Genérico,Genérica
"Pregunta 302: En el contexto de lectura crítica, seleccione la opción correcta.",Opción A para pregunta 302,Opción B para pregunta 302,Opción C para pregunta 302,Opción D para pregunta 302,D,Lectura crítica,Administración,Específica
"Pregunta 303: En el contexto de comunicación escrita, seleccione la opción correcta.",Opción A para pregunta 303,Opción B para pregunta 303,Opción C para pregunta 303,Opción D para pregunta 303,B,Comunicación escrita,Genérico,Genérica
"Pregunta 304: En el contexto de razonamiento cuantitativo, seleccione la opción correcta.",Opción A para pregunta 304,Opción B para pregunta 304,Opción C para pregunta 304,Opción D para pregunta 304,B,Razonamiento cuantitativo,Genérico,Genérica
"Pregunta 305: En el contexto de inglés, seleccione la opción correcta.",Opción A para pregunta 305,Opción B para pregunta 305,Opción C para pregunta 305,Opción D para pregunta 305,B,Inglés,Genérico,Genérica
"Pregunta 306: En el contexto de competencias ciudadanas, seleccione la opción correcta.",Opción A para pregunta 306,Opción B para pregunta 306,Opción C para pregunta 306,Opción D para pregunta 306,C,Competencias ciudadanas,Salud,Específica
"Pregunta 307: En el contexto de comunicación escrita, seleccione la opción correcta.",Opción A para pregunta 307,Opción B para pregunta 307,Opción C para pregunta 307,Opción D para pregunta 307,A,Comunicación escrita,Educación,Específica
"Pregunta 308: En el contexto de competencias ciudadanas, seleccione la opción correcta.",Opción A para pregunta 308,Opción B para pregunta 308,Opción C para pregunta 308,Opción D para pregunta 308,C,Competencias ciudadanas,Salud,Específica
"Pregunta 309: En el contexto de lectura crítica, seleccione la opción correcta.",Opción A para pregunta 309,Opción B para pregunta 309,Opción C para pregunta 309,Opción D para pregunta 309,D,Lectura crítica,Genérico,Genérica
"Pregunta 310: En el contexto de lectura crítica, seleccione la opción correcta.",Opción A para pregunta 310,Opción B para pregunta 310,Opción C para pregunta 310,Opción D para pregunta 310,D,Lectura crítica,Salud,Específica
"Pregunta 311: En el contexto de razonamiento cuantitativo, seleccione la opción correcta.",Opción A para pregunta 311,Opción B para pregunta 311,Opción C para pregunta 311,Opción D para pregunta 311,A,Razonamiento cuantitativo,Genérico,Genérica
"Pregunta 312: En el contexto de comunicación escrita, seleccione la opción correcta.",Opción A para pregunta 312,Opción B para pregunta 312,Opción C para pregunta 312,Opción D para pregunta 312,A,Comunicación escrita,Educación,Específica
"Pregunta 313: En el contexto de competencias ciudadanas, seleccione la opción correcta.",Opción A para pregunta 313,Opción B para pregunta 313,Opción C para pregunta 313,Opción D para pregunta 313,D,Competencias ciudadanas,Genérico,Genérica
"Pregunta 314: En el contexto de competencias ciudadanas, seleccione la opción correcta.",Opción A para pregunta 314,Opción B para pregunta 314,Opción C para pregunta 314,Opción D para pregunta 314,A,Competencias ciudadanas,Ingeniería,Específica
"Pregunta 315: En el contexto de razonamiento cuantitativo, seleccione la opción correcta.",Opción A para pregunta 315,Opción B para pregunta 315,Opción C para pregunta 315,Opción D para pregunta 315,B,Razonamiento cuantitativo,Genérico,Genérica
"Pregunta 316: En el contexto de inglés, seleccione la opción correcta.",Opción A para pregunta 316,Opción B para pregunta 316,Opción C para pregunta 316,Opción D para pregunta 316,C,Inglés,Genérico,Genérica
"Pregunta 317: En el contexto de comunicación escrita, seleccione la opción correcta.",Opción A para pregunta 317,Opción B para pregunta 317,Opción C para pregunta 317,Opción D para pregunta 317,C,Comunicación escrita,Genérico,Genérica
"Pregunta 318: En el contexto de comunicación escrita, seleccione la opción correcta.",Opción A para pregunta 318,Opción B para pregunta 318,Opción C para pregunta 318,Opción D para pregunta 318,B,Comunicación escrita,Genérico,Genérica
"Pregunta 319: En el contexto de razonamiento cuantitativo, seleccione la opción correcta.",Opción A para pregunta 319,Opción B para pregunta 319,Opción C para pregunta 319,Opción D para pregunta 319,D,Razonamiento cuantitativo,Ingeniería,Específica
"Pregunta 320: En el contexto de comunicación escrita, seleccione la opción correcta.",Opción A para pregunta 320,Opción B para pregunta 320,Opción C para pregunta 320,Opción D para pregunta 320,B,Comunicación escrita,Salud,Específica
"Pregunta 321: En el contexto de comunicación escrita, seleccione la opción correcta.",Opción A para pregunta 321,Opción B para pregunta 321,Opción C para pregunta 321,Opción D para pregunta 321,D,Comunicación escrita,Genérico,Genérica
"Pregunta 322: En el contexto de inglés, seleccione la opción correcta.",Opción A para pregunta 322,Opción B para pregunta 322,Opción C para pregunta 322,Opción D para pregunta 322,D,Inglés,Genérico,Genérica
"Pregunta 323: En el contexto de razonamiento cuantitativo, seleccione la opción correcta.",Opción A para pregunta 323,Opción B para pregunta 323,Opción C para pregunta 323,Opción D para pregunta 323,A,Razonamiento cuantitativo,Administración,Específica
"Pregunta 324: En el contexto de lectura crítica, seleccione la opción correcta.",Opción A para pregunta 324,Opción B para pregunta 324,Opción C para pregunta 324,Opción D para pregunta 324,B,Lectura crítica,Ingeniería,Específica
"Pregunta 325: En el contexto de comunicación escrita, seleccione la opción correcta.",Opción A para pregunta 325,Opción B para pregunta 325,Opción C para pregunta 325,Opción D para pregunta 325,D,Comunicación escrita,Ciencias sociales,Específica
"Pregunta 326: En el contexto de inglés, seleccione la opción correcta.",Opción A para pregunta 326,Opción B para pregunta 326,Opción C para pregunta 326,Opción D para pregunta 326,C,Inglés,Genérico,Genérica
"Pregunta 327: En el contexto de inglés, seleccione la opción correcta.",Opción A para pregunta 327,Opción B para pregunta 327,Opción C para pregunta 327,Opción D para pregunta 327,D,Inglés,Genérico,Genérica
"Pregunta 328: En el contexto de comunicación escrita, seleccione la opción correcta.",Opción A para pregunta 328,Opción B para pregunta 328,Opción C para pregunta 328,Opción D para pregunta 328,D,Comunicación escrita,Ingeniería,Específica
"Pregunta 329: En el contexto de razonamiento cuantitativo, seleccione la opción correcta.",Opción A para pregunta 329,Opción B para pregunta 329,Opción C para pregunta 329,Opción D para pregunta 329,D,Razonamiento cuantitativo,Ingeniería,Específica
"Pregunta 330: En el contexto de competencias ciudadanas, seleccione la opción correcta.",Opción A para pregunta 330,Opción B para pregunta 330,Opción C para pregunta 330,Opción D para pregunta 330,C,Competencias ciudadanas,Genérico,Genérica
"Pregunta 331: En el contexto de lectura crítica, seleccione la opción correcta.",Opción A para pregunta 331,Opción B para pregunta 331,Opción C para pregunta 331,Opción D para pregunta 331,D,Lectura crítica,Genérico,Genérica
"Pregunta 332: En el contexto de inglés, seleccione la opción correcta.",Opción A para pregunta 332,Opción B para pregunta 332,Opción C para pregunta 332,Opción D para pregunta 332,B,Inglés,Genérico,Genérica
"Pregunta 333: En el contexto de razonamiento cuantitativo, seleccione la opción correcta.",Opción A para pregunta 333,Opción B para pregunta 333,Opción C para pregunta 333,Opción D para pregunta 333,D,Razonamiento cuantitativo,Genérico,Genérica
"Pregunta 334: En el contexto de razonamiento cuantitativo, seleccione la opción correcta.",Opción A para pregunta 334,Opción B para pregunta 334,Opción C para pregunta 334,Opción D para pregunta 334,D,Razonamiento cuantitativo,Genérico,Genérica
"Pregunta 335: En el contexto de razonamiento cuantitativo, seleccione la opción correcta.",Opción A para pregunta 335,Opción B para pregunta 335,Opción C para pregunta 335,Opción D para pregunta 335,D,Razonamiento cuantitativo,Genérico,Genérica
"Pregunta 336: En el contexto de comunicación escrita, seleccione la opción correcta.",Opción A para pregunta 336,Opción B para pregunta 336,Opción C para pregunta 336,Opción D para pregunta 336,D,Comunicación escrita,Ciencias sociales,Específica
"Pregunta 337: En el contexto de lectura crítica, seleccione la opción correcta.",Opción A para pregunta 337,Opción B para pregunta 337,Opción C para pregunta 337,Opción D para pregunta 337,A,Lectura crítica,Genérico,Genérica
"Pregunta 338: En el contexto de inglés, seleccione la opción correcta.",Opción A para pregunta 338,Opción B para pregunta 338,Opción C para pregunta 338,Opción D para pregunta 338,B,Inglés,Salud,Específica
"Pregunta 339: En el contexto de competencias ciudadanas, seleccione la opción correcta.",Opción A para pregunta 339,Opción B para pregunta 339,Opción C para pregunta 339,Opción D para pregunta 339,B,Competencias ciudadanas,Ciencias sociales,Específica
"Pregunta 340: En el contexto de inglés, seleccione la opción correcta.",Opción A para pregunta 340,Opción B para pregunta 340,Opción C para pregunta 340,Opción D para pregunta 340,B,Inglés,Administración,Específica
"Pregunta 341: En el contexto de lectura crítica, seleccione la opción correcta.",Opción A para pregunta 341,Opción B para pregunta 341,Opción C para pregunta 341,Opción D para pregunta 341,C,Lectura crítica,Genérico,Genérica
"Pregunta 342: En el contexto de razonamiento cuantitativo, seleccione la opción correcta.",Opción A para pregunta 342,Opción B para pregunta 342,Opción C para pregunta 342,Opción D para pregunta 342,C,Razonamiento cuantitativo,Ingeniería,Específica
"Pregunta 343: En el contexto de competencias ciudadanas, seleccione la opción correcta.",Opción A para pregunta 343,Opción B para pregunta 343,Opción C para pregunta 343,Opción D para pregunta 343,C,Competencias ciudadanas,Genérico,Genérica
"Pregunta 344: En el contexto de comunicación escrita, seleccione la opción correcta.",Opción A para pregunta 344,Opción B para pregunta 344,Opción C para pregunta 344,Opción D para pregunta 344,D,Comunicación escrita,Genérico,Genérica
"Pregunta 345: En el contexto de lectura crítica, seleccione la opción correcta.",Opción A para pregunta 345,Opción B para pregunta 345,Opción C para pregunta 345,Opción D para pregunta 345,C,Lectura crítica,Genérico,Genérica
"Pregunta 346: En el contexto de lectura crítica, seleccione la opción correcta.",Opción A para pregunta 346,Opción B para pregunta 346,Opción C para pregunta 346,Opción D para pregunta 346,B,Lectura crítica,Genérico,Genérica
"Pregunta 347: En el contexto de razonamiento cuantitativo, seleccione la opción correcta.",Opción A para pregunta 347,Opción B para pregunta 347,Opción C para pregunta 347,Opción D para pregunta 347,A,Razonamiento cuantitativo,Genérico,Genérica
"Pregunta 348: En el contexto de competencias ciudadanas, seleccione la opción correcta.",Opción A para pregunta 348,Opción B para pregunta 348,Opción C para pregunta 348,Opción D para pregunta 348,C,Competencias ciudadanas,Genérico,Genérica
"Pregunta 349: En el contexto de competencias ciudadanas, seleccione la opción correcta.",Opción A para pregunta 349,Opción B para pregunta 349,Opción C para pregunta 349,Opción D para pregunta 349,B,Competencias ciudadanas,Ingeniería,Específica
"Pregunta 350: En el contexto de lectura crítica, seleccione la opción correcta.",Opción A para pregunta 350,Opción B para pregunta 350,Opción C para pregunta 350,Opción D para pregunta 350,C,Lectura crítica,Genérico,Genérica
"Pregunta 351: En el contexto de lectura crítica, seleccione la opción correcta.",Opción A para pregunta 351,Opción B para pregunta 351,Opción C para pregunta 351,Opción D para pregunta 351,D,Lectura crítica,Salud,Específica
"Pregunta 352: En el contexto de competencias ciudadanas, seleccione la opción correcta.",Opción A para pregunta 352,Opción B para pregunta 352,Opción C para pregunta 352,Opción D para pregunta 352,A,Competencias ciudadanas,Ingeniería,Específica
"Pregunta 353: En el contexto de razonamiento cuantitativo, seleccione la opción correcta.",Opción A para pregunta 353,Opción B para pregunta 353,Opción C para pregunta 353,Opción D para pregunta 353,D,Razonamiento cuantitativo,Ciencias sociales,Específica
"Pregunta 354: En el contexto de inglés, seleccione la opción correcta.",Opción A para pregunta 354,Opción B para pregunta 354,Opción C para pregunta 354,Opción D para pregunta 354,C,Inglés,Genérico,Genérica
"Pregunta 355: En el contexto de razonamiento cuantitativo, seleccione la opción correcta.",Opción A para pregunta 355,Opción B para pregunta 355,Opción C para pregunta 355,Opción D para pregunta 355,B,Razonamiento cuantitativo,Genérico,Genérica
"Pregunta 356: En el contexto de razonamiento cuantitativo, seleccione la opción correcta.",Opción A para pregunta 356,Opción B para pregunta 356,Opción C para pregunta 356,Opción D para pregunta 356,C,Razonamiento cuantitativo,Ciencias sociales,Específica
"Pregunta 357: En el contexto de razonamiento cuantitativo, seleccione la opción correcta.",Opción A para pregunta 357,Opción B para pregunta 357,Opción C para pregunta 357,Opción D para pregunta 357,A,Razonamiento cuantitativo,Genérico,Genérica
"Pregunta 358: En el contexto de comunicación escrita, seleccione la opción correcta.",Opción A para pregunta 358,Opción B para pregunta 358,Opción C para pregunta 358,Opción D para pregunta 358,D,Comunicación escrita,Genérico,Genérica
"Pregunta 359: En el contexto de razonamiento cuantitativo, seleccione la opción correcta.",Opción A para pregunta 359,Opción B para pregunta 359,Opción C para pregunta 359,Opción D para pregunta 359,C,Razonamiento cuantitativo,Genérico,Genérica
"Pregunta 360: En el contexto de razonamiento cuantitativo, seleccione la opción correcta.",Opción A para pregunta 360,Opción B para pregunta 360,Opción C para pregunta 360,Opción D para pregunta 360,D,Razonamiento cuantitativo,Genérico,Genérica
"Pregunta 361: En el contexto de razonamiento cuantitativo, seleccione la opción correcta.",Opción A para pregunta 361,Opción B para pregunta 361,Opción C para pregunta 361,Opción D para pregunta 361,B,Razonamiento cuantitativo,Genérico,Genérica
"Pregunta 362: En el contexto de competencias ciudadanas, seleccione la opción correcta.",Opción A para pregunta 362,Opción B para pregunta 362,Opción C para pregunta 362,Opción D para pregunta 362,D,Competencias ciudadanas,Genérico,Genérica
"Pregunta 363: En el contexto de lectura crítica, seleccione la opción correcta.",Opción A para pregunta 363,Opción B para pregunta 363,Opción C para pregunta 363,Opción D para pregunta 363,C,Lectura crítica,Educación,Específica
"Pregunta 364: En el contexto de competencias ciudadanas, seleccione la opción correcta.",Opción A para pregunta 364,Opción B para pregunta 364,Opción C para pregunta 364,Opción D para pregunta 364,A,Competencias ciudadanas,Ciencias sociales,Específica
"Pregunta 365: En el contexto de lectura crítica, seleccione la opción correcta.",Opción A para pregunta 365,Opción B para pregunta 365,Opción C para pregunta 365,Opción D para pregunta 365,D,Lectura crítica,Ciencias sociales,Específica
"Pregunta 366: En el contexto de razonamiento cuantitativo, seleccione la opción correcta.",Opción A para pregunta 366,Opción B para pregunta 366,Opción C para pregunta 366,Opción D para pregunta 366,B,Razonamiento cuantitativo,Ingeniería,Específica
"Pregunta 367: En el contexto de inglés, seleccione la opción correcta.",Opción A para pregunta 367,Opción B para pregunta 367,Opción C para pregunta 367,Opción D para pregunta 367,B,Inglés,Genérico,Genérica
"Pregunta 368: En el contexto de comunicación escrita, seleccione la opción correcta.",Opción A para pregunta 368,Opción B para pregunta 368,Opción C para pregunta 368,Opción D para pregunta 368,A,Comunicación escrita,Administración,Específica
"Pregunta 369: En el contexto de comunicación escrita, seleccione la opción correcta.",Opción A para pregunta 369,Opción B para pregunta 369,Opción C para pregunta 369,Opción D para pregunta 369,A,Comunicación escrita,Ingeniería,Específica
"Pregunta 370: En el contexto de competencias ciudadanas, seleccione la opción correcta.",Opción A para pregunta 370,Opción B para pregunta 370,Opción C para pregunta 370,Opción D para pregunta 370,B,Competencias ciudadanas,Genérico,Genérica
"Pregunta 371: En el contexto de lectura crítica, seleccione la opción correcta.",Opción A para pregunta 371,Opción B para pregunta 371,Opción C para pregunta 371,Opción D para pregunta 371,B,Lectura crítica,Salud,Específica
"Pregunta 372: En el contexto de inglés, seleccione la opción correcta.",Opción A para pregunta 372,Opción B para pregunta 372,Opción C para pregunta 372,Opción D para pregunta 372,A,Inglés,Genérico,Genérica
"Pregunta 373: En el contexto de inglés, seleccione la opción correcta.",Opción A para pregunta 373,Opción B para pregunta 373,Opción C para pregunta 373,Opción D para pregunta 373,D,Inglés,Administración,Específica
"Pregunta 374: En el contexto de comunicación escrita, seleccione la opción correcta.",Opción A para pregunta 374,Opción B para pregunta 374,Opción C para pregunta 374,Opción D para pregunta 374,C,Comunicación escrita,Genérico,Genérica
"Pregunta 375: En el contexto de competencias ciudadanas, seleccione la opción correcta.",Opción A para pregunta 375,Opción B para pregunta 375,Opción C para pregunta 375,Opción D para pregunta 375,A,Competencias ciudadanas,Genérico,Genérica
"Pregunta 376: En el contexto de competencias ciudadanas, seleccione la opción correcta.",Opción A para pregunta 376,Opción B para pregunta 376,Opción C para pregunta 376,Opción D para pregunta 376,A,Competencias ciudadanas,Ingeniería,Específica
"Pregunta 377: En el contexto de inglés, seleccione la opción correcta.",Opción A para pregunta 377,Opción B para pregunta 377,Opción C para pregunta 377,Opción D para pregunta 377,A,Inglés,Administración,Específica
"Pregunta 378: En el contexto de inglés, seleccione la opción correcta.",Opción A para pregunta 378,Opción B para pregunta 378,Opción C para pregunta 378,Opción D para pregunta 378,C,Inglés,Salud,Específica
"Pregunta 379: En el contexto de lectura crítica, seleccione la opción correcta.",Opción A para pregunta 379,Opción B para pregunta 379,Opción C para pregunta 379,Opción D para pregunta 379,A,Lectura crítica,Educación,Específica
"Pregunta 380: En el contexto de competencias ciudadanas, seleccione la opción correcta.",Opción A para pregunta 380,Opción B para pregunta 380,Opción C para pregunta 380,Opción D para pregunta 380,C,Competencias ciudadanas,Ciencias sociales,Específica
"Pregunta 381: En el contexto de competencias ciudadanas, seleccione la opción correcta.",Opción A para pregunta 381,Opción B para pregunta 381,Opción C para pregunta 381,Opción D para pregunta 381,C,Competencias ciudadanas,Ingeniería,Específica
"Pregunta 382: En el contexto de razonamiento cuantitativo, seleccione la opción correcta.",Opción A para pregunta 382,Opción B para pregunta 382,Opción C para pregunta 382,Opción D para pregunta 382,B,Razonamiento cuantitativo,Salud,Específica
"Pregunta 383: En el contexto de competencias ciudadanas, seleccione la opción correcta.",Opción A para pregunta 383,Opción B para pregunta 383,Opción C para pregunta 383,Opción D para pregunta 383,B,Competencias ciudadanas,Ingeniería,Específica
"Pregunta 384: En el contexto de competencias ciudadanas, seleccione la opción correcta.",Opción A para pregunta 384,Opción B para pregunta 384,Opción C para pregunta 384,Opción D para pregunta 384,C,Competencias ciudadanas,Genérico,Genérica
"Pregunta 385: En el contexto de inglés, seleccione la opción correcta.",Opción A para pregunta 385,Opción B para pregunta 385,Opción C para pregunta 385,Opción D para pregunta 385,B,Inglés,Educación,Específica
"Pregunta 386: En el contexto de inglés, seleccione la opción correcta.",Opción A para pregunta 386,Opción B para pregunta 386,Opción C para pregunta 386,Opción D para pregunta 386,C,Inglés,Genérico,Genérica
"Pregunta 387: En el contexto de razonamiento cuantitativo, seleccione la opción correcta.",Opción A para pregunta 387,Opción B para pregunta 387,Opción C para pregunta 387,Opción D para pregunta 387,A,Razonamiento cuantitativo,Genérico,Genérica
"Pregunta 388: En el contexto de comunicación escrita, seleccione la opción correcta.",Opción A para pregunta 388,Opción B para pregunta 388,Opción C para pregunta 388,Opción D para pregunta 388,C,Comunicación escrita,Genérico,Genérica
"Pregunta 389: En el contexto de inglés, seleccione la opción correcta.",Opción A para pregunta 389,Opción B para pregunta 389,Opción C para pregunta 389,Opción D para pregunta 389,D,Inglés,Educación,Específica
"Pregunta 390: En el contexto de comunicación escrita, seleccione la opción correcta.",Opción A para pregunta 390,Opción B para pregunta 390,Opción C para pregunta 390,Opción D para pregunta 390,B,Comunicación escrita,Genérico,Genérica
"Pregunta 391: En el contexto de razonamiento cuantitativo, seleccione la opción correcta.",Opción A para pregunta 391,Opción B para pregunta 391,Opción C para pregunta 391,Opción D para pregunta 391,A,Razonamiento cuantitativo,Genérico,Genérica
"Pregunta 392: En el contexto de razonamiento cuantitativo, seleccione la opción correcta.",Opción A para pregunta 392,Opción B para pregunta 392,Opción C para pregunta 392,Opción D para pregunta 392,A,Razonamiento cuantitativo,Genérico,Genérica
"Pregunta 393: En el contexto de lectura crítica, seleccione la opción correcta.",Opción A para pregunta 393,Opción B para pregunta 393,Opción C para pregunta 393,Opción D para pregunta 393,C,Lectura crítica,Ciencias sociales,Específica
"Pregunta 394: En el contexto de comunicación escrita, seleccione la opción correcta.",Opción A para pregunta 394,Opción B para pregunta 394,Opción C para pregunta 394,Opción D para pregunta 394,C,Comunicación escrita,Salud,Específica
"Pregunta 395: En el contexto de competencias ciudadanas, seleccione la opción correcta.",Opción A para pregunta 395,Opción B para pregunta 395,Opción C para pregunta 395,Opción D para pregunta 395,D,Competencias ciudadanas,Salud,Específica
"Pregunta 396: En el contexto de inglés, seleccione la opción correcta.",Opción A para pregunta 396,Opción B para pregunta 396,Opción C para pregunta 396,Opción D para pregunta 396,D,Inglés,Genérico,Genérica
"Pregunta 397: En el contexto de comunicación escrita, seleccione la opción correcta.",Opción A para pregunta 397,Opción B para pregunta 397,Opción C para pregunta 397,Opción D para pregunta 397,A,Comunicación escrita,Genérico,Genérica
"Pregunta 398: En el contexto de comunicación escrita, seleccione la opción correcta.",Opción A para pregunta 398,Opción B para pregunta 398,Opción C para pregunta 398,Opción D para pregunta 398,B,Comunicación escrita,Genérico,Genérica
"Pregunta 399: En el contexto de inglés, seleccione la opción correcta.",Opción A para pregunta 399,Opción B para pregunta 399,Opción C para pregunta 399,Opción D para pregunta 399,B,Inglés,Genérico,Genérica
"Pregunta 400: En el contexto de inglés, seleccione la opción correcta.",Opción A para pregunta 400,Opción B para pregunta 400,Opción C para pregunta 400,Opción D para pregunta 400,D,Inglés,Genérico,Genérica
"Pregunta 401: En el contexto de comunicación escrita, seleccione la opción correcta.",Opción A para pregunta 401,Opción B para pregunta 401,Opción C para pregunta 401,Opción D para pregunta 401,A,Comunicación escrita,Genérico,Genérica
"Pregunta 402: En el contexto de comunicación escrita, seleccione la opción correcta.",Opción A para pregunta 402,Opción B para pregunta 402,Opción C para pregunta 402,Opción D para pregunta 402,D,Comunicación escrita,Genérico,Genérica
"Pregunta 403: En el contexto de competencias ciudadanas, seleccione la opción correcta.",Opción A para pregunta 403,Opción B para pregunta 403,Opción C para pregunta 403,Opción D para pregunta 403,B,Competencias ciudadanas,Genérico,Genérica
"Pregunta 404: En el contexto de comunicación escrita, seleccione la opción correcta.",Opción A para pregunta 404,Opción B para pregunta 404,Opción C para pregunta 404,Opción D para pregunta 404,C,Comunicación escrita,Genérico,Genérica
"Pregunta 405: En el contexto de lectura crítica, seleccione la opción correcta.",Opción A para pregunta 405,Opción B para pregunta 405,Opción C para pregunta 405,Opción D para pregunta 405,B,Lectura crítica,Genérico,Genérica
"Pregunta 406: En el contexto de comunicación escrita, seleccione la opción correcta.",Opción A para pregunta 406,Opción B para pregunta 406,Opción C para pregunta 406,Opción D para pregunta 406,A,Comunicación escrita,Genérico,Genérica
"Pregunta 407: En el contexto de lectura crítica, seleccione la opción correcta.",Opción A para pregunta 407,Opción B para pregunta 407,Opción C para pregunta 407,Opción D para pregunta 407,C,Lectura crítica,Genérico,Genérica
"Pregunta 408: En el contexto de inglés, seleccione la opción correcta.",Opción A para pregunta 408,Opción B para pregunta 408,Opción C para pregunta 408,Opción D para pregunta 408,A,Inglés,Genérico,Genérica
"Pregunta 409: En el contexto de razonamiento cuantitativo, seleccione la opción correcta.",Opción A para pregunta 409,Opción B para pregunta 409,Opción C para pregunta 409,Opción D para pregunta 409,D,Razonamiento cuantitativo,Administración,Específica
"Pregunta 410: En el contexto de competencias ciudadanas, seleccione la opción correcta.",Opción A para pregunta 410,Opción B para pregunta 410,Opción C para pregunta 410,Opción D para pregunta 410,A,Competencias ciudadanas,Genérico,Genérica
"Pregunta 411: En el contexto de lectura crítica, seleccione la opción correcta.",Opción A para pregunta 411,Opción B para pregunta 411,Opción C para pregunta 411,Opción D para pregunta 411,D,Lectura crítica,Genérico,Genérica
"Pregunta 412: En el contexto de comunicación escrita, seleccione la opción correcta.",Opción A para pregunta 412,Opción B para pregunta 412,Opción C para pregunta 412,Opción D para pregunta 412,D,Comunicación escrita,Genérico,Genérica
"Pregunta 413: En el contexto de inglés, seleccione la opción correcta.",Opción A para pregunta 413,Opción B para pregunta 413,Opción C para pregunta 413,Opción D para pregunta 413,A,Inglés,Educación,Específica
"Pregunta 414: En el contexto de lectura crítica, seleccione la opción correcta.",Opción A para pregunta 414,Opción B para pregunta 414,Opción C para pregunta 414,Opción D para pregunta 414,A,Lectura crítica,Genérico,Genérica
"Pregunta 415: En el contexto de lectura crítica, seleccione la opción correcta.",Opción A para pregunta 415,Opción B para pregunta 415,Opción C para pregunta 415,Opción D para pregunta 415,B,Lectura crítica,Genérico,Genérica
"Pregunta 416: En el contexto de inglés, seleccione la opción correcta.",Opción A para pregunta 416,Opción B para pregunta 416,Opción C para pregunta 416,Opción D para pregunta 416,C,Inglés,Genérico,Genérica
"Pregunta 417: En el contexto de razonamiento cuantitativo, seleccione la opción correcta.",Opción A para pregunta 417,Opción B para pregunta 417,Opción C para pregunta 417,Opción D para pregunta 417,D,Razonamiento cuantitativo,Ingeniería,Específica
"Pregunta 418: En el contexto de comunicación escrita, seleccione la opción correcta.",Opción A para pregunta 418,Opción B para pregunta 418,Opción C para pregunta 418,Opción D para pregunta 418,C,Comunicación escrita,Genérico,Genérica
"Pregunta 419: En el contexto de razonamiento cuantitativo, seleccione la opción correcta.",Opción A para pregunta 419,Opción B para pregunta 419,Opción C para pregunta 419,Opción D para pregunta 419,A,Razonamiento cuantitativo,Educación,Específica
"Pregunta 420: En el contexto de razonamiento cuantitativo, seleccione la opción correcta.",Opción A para pregunta 420,Opción B para pregunta 420,Opción C para pregunta 420,Opción D para pregunta 420,A,Razonamiento cuantitativo,Genérico,Genérica
"Pregunta 421: En el contexto de lectura crítica, seleccione la opción correcta.",Opción A para pregunta 421,Opción B para pregunta 421,Opción C para pregunta 421,Opción D para pregunta 421,A,Lectura crítica,Ingeniería,Específica
"Pregunta 422: En el contexto de comunicación escrita, seleccione la opción correcta.",Opción A para pregunta 422,Opción B para pregunta 422,Opción C para pregunta 422,Opción D para pregunta 422,A,Comunicación escrita,Ciencias sociales,Específica
"Pregunta 423: En el contexto de comunicación escrita, seleccione la opción correcta.",Opción A para pregunta 423,Opción B para pregunta 423,Opción C para pregunta 423,Opción D para pregunta 423,D,Comunicación escrita,Educación,Específica
"Pregunta 424: En el contexto de competencias ciudadanas, seleccione la opción correcta.",Opción A para pregunta 424,Opción B para pregunta 424,Opción C para pregunta 424,Opción D para pregunta 424,A,Competencias ciudadanas,Genérico,Genérica
"Pregunta 425: En el contexto de competencias ciudadanas, seleccione la opción correcta.",Opción A para pregunta 425,Opción B para pregunta 425,Opción C para pregunta 425,Opción D para pregunta 425,A,Competencias ciudadanas,Educación,Específica
"Pregunta 426: En el contexto de comunicación escrita, seleccione la opción correcta.",Opción A para pregunta 426,Opción B para pregunta 426,Opción C para pregunta 426,Opción D para pregunta 426,B,Comunicación escrita,Educación,Específica
"Pregunta 427: En el contexto de razonamiento cuantitativo, seleccione la opción correcta.",Opción A para pregunta 427,Opción B para pregunta 427,Opción C para pregunta 427,Opción D para pregunta 427,B,Razonamiento cuantitativo,Administración,Específica
"Pregunta 428: En el contexto de inglés, seleccione la opción correcta.",Opción A para pregunta 428,Opción B para pregunta 428,Opción C para pregunta 428,Opción D para pregunta 428,B,Inglés,Genérico,Genérica
"Pregunta 429: En el contexto de comunicación escrita, seleccione la opción correcta.",Opción A para pregunta 429,Opción B para pregunta 429,Opción C para pregunta 429,Opción D para pregunta 429,D,Comunicación escrita,Administración,Específica
"Pregunta 430: En el contexto de razonamiento cuantitativo, seleccione la opción correcta.",Opción A para pregunta 430,Opción B para pregunta 430,Opción C para pregunta 430,Opción D para pregunta 430,C,Razonamiento cuantitativo,Genérico,Genérica
"Pregunta 431: En el contexto de lectura crítica, seleccione la opción correcta.",Opción A para pregunta 431,Opción B para pregunta 431,Opción C para pregunta 431,Opción D para pregunta 431,D,Lectura crítica,Genérico,Genérica
"Pregunta 432: En el contexto de lectura crítica, seleccione la opción correcta.",Opción A para pregunta 432,Opción B para pregunta 432,Opción C para pregunta 432,Opción D para pregunta 432,D,Lectura crítica,Genérico,Genérica
"Pregunta 433: En el contexto de competencias ciudadanas, seleccione la opción correcta.",Opción A para pregunta 433,Opción B para pregunta 433,Opción C para pregunta 433,Opción D para pregunta 433,A,Competencias ciudadanas,Ciencias sociales,Específica
"Pregunta 434: En el contexto de competencias ciudadanas, seleccione la opción correcta.",Opción A para pregunta 434,Opción B para pregunta 434,Opción C para pregunta 434,Opción D para pregunta 434,A,Competencias ciudadanas,Educación,Específica
"Pregunta 435: En el contexto de lectura crítica, seleccione la opción correcta.",Opción A para pregunta 435,Opción B para pregunta 435,Opción C para pregunta 435,Opción D para pregunta 435,C,Lectura crítica,Genérico,Genérica
"Pregunta 436: En el contexto de lectura crítica, seleccione la opción correcta.",Opción A para pregunta 436,Opción B para pregunta 436,Opción C para pregunta 436,Opción D para pregunta 436,B,Lectura crítica,Administración,Específica
"Pregunta 437: En el contexto de razonamiento cuantitativo, seleccione la opción correcta.",Opción A para pregunta 437,Opción B para pregunta 437,Opción C para pregunta 437,Opción D para pregunta 437,B,Razonamiento cuantitativo,Genérico,Genérica
"Pregunta 438: En el contexto de competencias ciudadanas, seleccione la opción correcta.",Opción A para pregunta 438,Opción B para pregunta 438,Opción C para pregunta 438,Opción D para pregunta 438,B,Competencias ciudadanas,Salud,Específica
"Pregunta 439: En el contexto de competencias ciudadanas, seleccione la opción correcta.",Opción A para pregunta 439,Opción B para pregunta 439,Opción C para pregunta 439,Opción D para pregunta 439,A,Competencias ciudadanas,Salud,Específica
"Pregunta 440: En el contexto de razonamiento cuantitativo, seleccione la opción correcta.",Opción A para pregunta 440,Opción B para pregunta 440,Opción C para pregunta 440,Opción D para pregunta 440,D,Razonamiento cuantitativo,Genérico,Genérica
"Pregunta 441: En el contexto de competencias ciudadanas, seleccione la opción correcta.",Opción A para pregunta 441,Opción B para pregunta 441,Opción C para pregunta 441,Opción D para pregunta 441,B,Competencias ciudadanas,Genérico,Genérica
"Pregunta 442: En el contexto de razonamiento cuantitativo, seleccione la opción correcta.",Opción A para pregunta 442,Opción B para pregunta 442,Opción C para pregunta 442,Opción D para pregunta 442,C,Razonamiento cuantitativo,Salud,Específica
"Pregunta 443: En el contexto de competencias ciudadanas, seleccione la opción correcta.",Opción A para pregunta 443,Opción B para pregunta 443,Opción C para pregunta 443,Opción D para pregunta 443,A,Competencias ciudadanas,Salud,Específica
"Pregunta 444: En el contexto de competencias ciudadanas, seleccione la opción correcta.",Opción A para pregunta 444,Opción B para pregunta 444,Opción C para pregunta 444,Opción D para pregunta 444,A,Competencias ciudadanas,Genérico,Genérica
"Pregunta 445: En el contexto de lectura crítica, seleccione la opción correcta.",Opción A para pregunta 445,Opción B para pregunta 445,Opción C para pregunta 445,Opción D para pregunta 445,C,Lectura crítica,Genérico,Genérica
"Pregunta 446: En el contexto de inglés, seleccione la opción correcta.",Opción A para pregunta 446,Opción B para pregunta 446,Opción C para pregunta 446,Opción D para pregunta 446,A,Inglés,Salud,Específica
"Pregunta 447: En el contexto de lectura crítica, seleccione la opción correcta.",Opción A para pregunta 447,Opción B para pregunta 447,Opción C para pregunta 447,Opción D para pregunta 447,A,Lectura crítica,Salud,Específica
"Pregunta 448: En el contexto de comunicación escrita, seleccione la opción correcta.",Opción A para pregunta 448,Opción B para pregunta 448,Opción C para pregunta 448,Opción D para pregunta 448,B,Comunicación escrita,Genérico,Genérica
"Pregunta 449: En el contexto de razonamiento cuantitativo, seleccione la opción correcta.",Opción A para pregunta 449,Opción B para pregunta 449,Opción C para pregunta 449,Opción D para pregunta 449,B,Razonamiento cuantitativo,Genérico,Genérica
"Pregunta 450: En el contexto de inglés, seleccione la opción correcta.",Opción A para pregunta 450,Opción B para pregunta 450,Opción C para pregunta 450,Opción D para pregunta 450,A,Inglés,Genérico,Genérica
"Pregunta 451: En el contexto de razonamiento cuantitativo, seleccione la opción correcta.",Opción A para pregunta 451,Opción B para pregunta 451,Opción C para pregunta 451,Opción D para pregunta 451,D,Razonamiento cuantitativo,Genérico,Genérica
"Pregunta 452: En el contexto de razonamiento cuantitativo, seleccione la opción correcta.",Opción A para pregunta 452,Opción B para pregunta 452,Opción C para pregunta 452,Opción D para pregunta 452,C,Razonamiento cuantitativo,Genérico,Genérica
"Pregunta 453: En el contexto de lectura crítica, seleccione la opción correcta.",Opción A para pregunta 453,Opción B para pregunta 453,Opción C para pregunta 453,Opción D para pregunta 453,C,Lectura crítica,Genérico,Genérica
"Pregunta 454: En el contexto de inglés, seleccione la opción correcta.",Opción A para pregunta 454,Opción B para pregunta 454,Opción C para pregunta 454,Opción D para pregunta 454,D,Inglés,Genérico,Genérica
"Pregunta 455: En el contexto de inglés, seleccione la opción correcta.",Opción A para pregunta 455,Opción B para pregunta 455,Opción C para pregunta 455,Opción D para pregunta 455,C,Inglés,Genérico,Genérica
"Pregunta 456: En el contexto de lectura crítica, seleccione la opción correcta.",Opción A para pregunta 456,Opción B para pregunta 456,Opción C para pregunta 456,Opción D para pregunta 456,A,Lectura crítica,Genérico,Genérica
"Pregunta 457: En el contexto de inglés, seleccione la opción correcta.",Opción A para pregunta 457,Opción B para pregunta 457,Opción C para pregunta 457,Opción D para pregunta 457,A,Inglés,Genérico,Genérica
"Pregunta 458: En el contexto de competencias ciudadanas, seleccione la opción correcta.",Opción A para pregunta 458,Opción B para pregunta 458,Opción C para pregunta 458,Opción D para pregunta 458,C,Competencias ciudadanas,Genérico,Genérica
"Pregunta 459: En el contexto de razonamiento cuantitativo, seleccione la opción correcta.",Opción A para pregunta 459,Opción B para pregunta 459,Opción C para pregunta 459,Opción D para pregunta 459,B,Razonamiento cuantitativo,Administración,Específica
"Pregunta 460: En el contexto de competencias ciudadanas, seleccione la opción correcta.",Opción A para pregunta 460,Opción B para pregunta 460,Opción C para pregunta 460,Opción D para pregunta 460,C,Competencias ciudadanas,Genérico,Genérica
"Pregunta 461: En el contexto de lectura crítica, seleccione la opción correcta.",Opción A para pregunta 461,Opción B para pregunta 461,Opción C para pregunta 461,Opción D para pregunta 461,D,Lectura crítica,Administración,Específica
"Pregunta 462: En el contexto de razonamiento cuantitativo, seleccione la opción correcta.",Opción A para pregunta 462,Opción B para pregunta 462,Opción C para pregunta 462,Opción D para pregunta 462,A,Razonamiento cuantitativo,Genérico,Genérica
"Pregunta 463: En el contexto de comunicación escrita, seleccione la opción correcta.",Opción A para pregunta 463,Opción B para pregunta 463,Opción C para pregunta 463,Opción D para pregunta 463,B,Comunicación escrita,Ingeniería,Específica
"Pregunta 464: En el contexto de comunicación escrita, seleccione la opción correcta.",Opción A para pregunta 464,Opción B para pregunta 464,Opción C para pregunta 464,Opción D para pregunta 464,C,Comunicación escrita,Genérico,Genérica
"Pregunta 465: En el contexto de lectura crítica, seleccione la opción correcta.",Opción A para pregunta 465,Opción B para pregunta 465,Opción C para pregunta 465,Opción D para pregunta 465,B,Lectura crítica,Genérico,Genérica
"Pregunta 466: En el contexto de competencias ciudadanas, seleccione la opción correcta.",Opción A para pregunta 466,Opción B para pregunta 466,Opción C para pregunta 466,Opción D para pregunta 466,B,Competencias ciudadanas,Genérico,Genérica
"Pregunta 467: En el contexto de competencias ciudadanas, seleccione la opción correcta.",Opción A para pregunta 467,Opción B para pregunta 467,Opción C para pregunta 467,Opción D para pregunta 467,B,Competencias ciudadanas,Ingeniería,Específica
"Pregunta 468: En el contexto de comunicación escrita, seleccione la opción correcta.",Opción A para pregunta 468,Opción B para pregunta 468,Opción C para pregunta 468,Opción D para pregunta 468,B,Comunicación escrita,Genérico,Genérica
"Pregunta 469: En el contexto de razonamiento cuantitativo, seleccione la opción correcta.",Opción A para pregunta 469,Opción B para pregunta 469,Opción C para pregunta 469,Opción D para pregunta 469,A,Razonamiento cuantitativo,Genérico,Genérica
"Pregunta 470: En el contexto de razonamiento cuantitativo, seleccione la opción correcta.",Opción A para pregunta 470,Opción B para pregunta 470,Opción C para pregunta 470,Opción D para pregunta 470,C,Razonamiento cuantitativo,Genérico,Genérica
"Pregunta 471: En el contexto de competencias ciudadanas, seleccione la opción correcta.",Opción A para pregunta 471,Opción B para pregunta 471,Opción C para pregunta 471,Opción D para pregunta 471,B,Competencias ciudadanas,Genérico,Genérica
"Pregunta 472: En el contexto de inglés, seleccione la opción correcta.",Opción A para pregunta 472,Opción B para pregunta 472,Opción C para pregunta 472,Opción D para pregunta 472,C,Inglés,Genérico,Genérica
"Pregunta 473: En el contexto de comunicación escrita, seleccione la opción correcta.",Opción A para pregunta 473,Opción B para pregunta 473,Opción C para pregunta 473,Opción D para pregunta 473,A,Comunicación escrita,Genérico,Genérica
"Pregunta 474: En el contexto de comunicación escrita, seleccione la opción correcta.",Opción A para pregunta 474,Opción B para pregunta 474,Opción C para pregunta 474,Opción D para pregunta 474,C,Comunicación escrita,Genérico,Genérica
"Pregunta 475: En el contexto de lectura crítica, seleccione la opción correcta.",Opción A para pregunta 475,Opción B para pregunta 475,Opción C para pregunta 475,Opción D para pregunta 475,C,Lectura crítica,Genérico,Genérica
"Pregunta 476: En el contexto de razonamiento cuantitativo, seleccione la opción correcta.",Opción A para pregunta 476,Opción B para pregunta 476,Opción C para pregunta 476,Opción D para pregunta 476,D,Razonamiento cuantitativo,Genérico,Genérica
"Pregunta 477: En el contexto de competencias ciudadanas, seleccione la opción correcta.",Opción A para pregunta 477,Opción B para pregunta 477,Opción C para pregunta 477,Opción D para pregunta 477,B,Competencias ciudadanas,Educación,Específica
"Pregunta 478: En el contexto de inglés, seleccione la opción correcta.",Opción A para pregunta 478,Opción B para pregunta 478,Opción C para pregunta 478,Opción D para pregunta 478,B,Inglés,Genérico,Genérica
"Pregunta 479: En el contexto de razonamiento cuantitativo, seleccione la opción correcta.",Opción A para pregunta 479,Opción B para pregunta 479,Opción C para pregunta 479,Opción D para pregunta 479,D,Razonamiento cuantitativo,Genérico,Genérica
"Pregunta 480: En el contexto de competencias ciudadanas, seleccione la opción correcta.",Opción A para pregunta 480,Opción B para pregunta 480,Opción C para pregunta 480,Opción D para pregunta 480,D,Competencias ciudadanas,Ingeniería,Específica
"Pregunta 481: En el contexto de comunicación escrita, seleccione la opción correcta.",Opción A para pregunta 481,Opción B para pregunta 481,Opción C para pregunta 481,Opción D para pregunta 481,B,Comunicación escrita,Genérico,Genérica
"Pregunta 482: En el contexto de comunicación escrita, seleccione la opción correcta.",Opción A para pregunta 482,Opción B para pregunta 482,Opción C para pregunta 482,Opción D para pregunta 482,C,Comunicación escrita,Genérico,Genérica
"Pregunta 483: En el contexto de razonamiento cuantitativo, seleccione la opción correcta.",Opción A para pregunta 483,Opción B para pregunta 483,Opción C para pregunta 483,Opción D para pregunta 483,C,Razonamiento cuantitativo,Genérico,Genérica
"Pregunta 484: En el contexto de inglés, seleccione la opción correcta.",Opción A para pregunta 484,Opción B para pregunta 484,Opción C para pregunta 484,Opción D para pregunta 484,A,Inglés,Genérico,Genérica
"Pregunta 485: En el contexto de razonamiento cuantitativo, seleccione la opción correcta.",Opción A para pregunta 485,Opción B para pregunta 485,Opción C para pregunta 485,Opción D para pregunta 485,B,Razonamiento cuantitativo,Salud,Específica
"Pregunta 486: En el contexto de lectura crítica, seleccione la opción correcta.",Opción A para pregunta 486,Opción B para pregunta 486,Opción C para pregunta 486,Opción D para pregunta 486,D,Lectura crítica,Salud,Específica
"Pregunta 487: En el contexto de razonamiento cuantitativo, seleccione la opción correcta.",Opción A para pregunta 487,Opción B para pregunta 487,Opción C para pregunta 487,Opción D para pregunta 487,C,Razonamiento cuantitativo,Ingeniería,Específica
"Pregunta 488: En el contexto de razonamiento cuantitativo, seleccione la opción correcta.",Opción A para pregunta 488,Opción B para pregunta 488,Opción C para pregunta 488,Opción D para pregunta 488,B,Razonamiento cuantitativo,Genérico,Genérica
"Pregunta 489: En el contexto de razonamiento cuantitativo, seleccione la opción correcta.",Opción A para pregunta 489,Opción B para pregunta 489,Opción C para pregunta 489,Opción D para pregunta 489,D,Razonamiento cuantitativo,Educación,Específica
"Pregunta 490: En el contexto de comunicación escrita, seleccione la opción correcta.",Opción A para pregunta 490,Opción B para pregunta 490,Opción C para pregunta 490,Opción D para pregunta 490,A,Comunicación escrita,Genérico,Genérica
"Pregunta 491: En el contexto de inglés, seleccione la opción correcta.",Opción A para pregunta 491,Opción B para pregunta 491,Opción C para pregunta 491,Opción D para pregunta 491,C,Inglés,Genérico,Genérica
"Pregunta 492: En el contexto de inglés, seleccione la opción correcta.",Opción A para pregunta 492,Opción B para pregunta 492,Opción C para pregunta 492,Opción D para pregunta 492,A,Inglés,Administración,Específica
"Pregunta 493: En el contexto de lectura crítica, seleccione la opción correcta.",Opción A para pregunta 493,Opción B para pregunta 493,Opción C para pregunta 493,Opción D para pregunta 493,D,Lectura crítica,Genérico,Genérica
"Pregunta 494: En el contexto de competencias ciudadanas, seleccione la opción correcta.",Opción A para pregunta 494,Opción B para pregunta 494,Opción C para pregunta 494,Opción D para pregunta 494,D,Competencias ciudadanas,Genérico,Genérica
"Pregunta 495: En el contexto de competencias ciudadanas, seleccione la opción correcta.",Opción A para pregunta 495,Opción B para pregunta 495,Opción C para pregunta 495,Opción D para pregunta 495,C,Competencias ciudadanas,Genérico,Genérica
"Pregunta 496: En el contexto de razonamiento cuantitativo, seleccione la opción correcta.",Opción A para pregunta 496,Opción B para pregunta 496,Opción C para pregunta 496,Opción D para pregunta 496,A,Razonamiento cuantitativo,Genérico,Genérica
"Pregunta 497: En el contexto de lectura crítica, seleccione la opción correcta.",Opción A para pregunta 497,Opción B para pregunta 497,Opción C para pregunta 497,Opción D para pregunta 497,D,Lectura crítica,Genérico,Genérica
"Pregunta 498: En el contexto de competencias ciudadanas, seleccione la opción correcta.",Opción A para pregunta 498,Opción B para pregunta 498,Opción C para pregunta 498,Opción D para pregunta 498,D,Competencias ciudadanas,Genérico,Genérica
"Pregunta 499: En el contexto de lectura crítica, seleccione la opción correcta.",Opción A para pregunta 499,Opción B para pregunta 499,Opción C para pregunta 499,Opción D para pregunta 499,B,Lectura crítica,Salud,Específica
"Pregunta 500: En el contexto de competencias ciudadanas, seleccione la opción correcta.",Opción A para pregunta 500,Opción B para pregunta 500,Opción C para pregunta 500,Opción D para pregunta 500,D,Competencias ciudadanas,Administración,Específica
"Pregunta 501: En el contexto de razonamiento cuantitativo, seleccione la opción correcta.",Opción A para pregunta 501,Opción B para pregunta 501,Opción C para pregunta 501,Opción D para pregunta 501,D,Razonamiento cuantitativo,Genérico,Genérica
"Pregunta 502: En el contexto de comunicación escrita, seleccione la opción correcta.",Opción A para pregunta 502,Opción B para pregunta 502,Opción C para pregunta 502,Opción D para pregunta 502,C,Comunicación escrita,Ingeniería,Específica
"Pregunta 503: En el contexto de comunicación escrita, seleccione la opción correcta.",Opción A para pregunta 503,Opción B para pregunta 503,Opción C para pregunta 503,Opción D para pregunta 503,B,Comunicación escrita,Genérico,Genérica
"Pregunta 504: En el contexto de lectura crítica, seleccione la opción correcta.",Opción A para pregunta 504,Opción B para pregunta 504,Opción C para pregunta 504,Opción D para pregunta 504,C,Lectura crítica,Genérico,Genérica
"Pregunta 505: En el contexto de razonamiento cuantitativo, seleccione la opción correcta.",Opción A para pregunta 505,Opción B para pregunta 505,Opción C para pregunta 505,Opción D para pregunta 505,A,Razonamiento cuantitativo,Genérico,Genérica
"Pregunta 506: En el contexto de inglés, seleccione la opción correcta.",Opción A para pregunta 506,Opción B para pregunta 506,Opción C para pregunta 506,Opción D para pregunta 506,C,Inglés,Salud,Específica
"Pregunta 507: En el contexto de razonamiento cuantitativo, seleccione la opción correcta.",Opción A para pregunta 507,Opción B para pregunta 507,Opción C para pregunta 507,Opción D para pregunta 507,D,Razonamiento cuantitativo,Ingeniería,Específica
"Pregunta 508: En el contexto de comunicación escrita, seleccione la opción correcta.",Opción A para pregunta 508,Opción B para pregunta 508,Opción C para pregunta 508,Opción D para pregunta 508,B,Comunicación escrita,Genérico,Genérica
"Pregunta 509: En el contexto de comunicación escrita, seleccione la opción correcta.",Opción A para pregunta 509,Opción B para pregunta 509,Opción C para pregunta 509,Opción D para pregunta 509,B,Comunicación escrita,Ciencias sociales,Específica
"Pregunta 510: En el contexto de inglés, seleccione la opción correcta.",Opción A para pregunta 510,Opción B para pregunta 510,Opción C para pregunta 510,Opción D para pregunta 510,C,Inglés,Genérico,Genérica
"Pregunta 511: En el contexto de competencias ciudadanas, seleccione la opción correcta.",Opción A para pregunta 511,Opción B para pregunta 511,Opción C para pregunta 511,Opción D para pregunta 511,B,Competencias ciudadanas,Ingeniería,Específica
"Pregunta 512: En el contexto de inglés, seleccione la opción correcta.",Opción A para pregunta 512,Opción B para pregunta 512,Opción C para pregunta 512,Opción D para pregunta 512,A,Inglés,Salud,Específica
"Pregunta 513: En el contexto de inglés, seleccione la opción correcta.",Opción A para pregunta 513,Opción B para pregunta 513,Opción C para pregunta 513,Opción D para pregunta 513,B,Inglés,Genérico,Genérica
"Pregunta 514: En el contexto de inglés, seleccione la opción correcta.",Opción A para pregunta 514,Opción B para pregunta 514,Opción C para pregunta 514,Opción D para pregunta 514,B,Inglés,Genérico,Genérica
"Pregunta 515: En el contexto de competencias ciudadanas, seleccione la opción correcta.",Opción A para pregunta 515,Opción B para pregunta 515,Opción C para pregunta 515,Opción D para pregunta 515,B,Competencias ciudadanas,Salud,Específica
"Pregunta 516: En el contexto de comunicación escrita, seleccione la opción correcta.",Opción A para pregunta 516,Opción B para pregunta 516,Opción C para pregunta 516,Opción D para pregunta 516,C,Comunicación escrita,Genérico,Genérica
"Pregunta 517: En el contexto de razonamiento cuantitativo, seleccione la opción correcta.",Opción A para pregunta 517,Opción B para pregunta 517,Opción C para pregunta 517,Opción D para pregunta 517,C,Razonamiento cuantitativo,Genérico,Genérica
"Pregunta 518: En el contexto de comunicación escrita, seleccione la opción correcta.",Opción A para pregunta 518,Opción B para pregunta 518,Opción C para pregunta 518,Opción D para pregunta 518,B,Comunicación escrita,Administración,Específica
"Pregunta 519: En el contexto de razonamiento cuantitativo, seleccione la opción correcta.",Opción A para pregunta 519,Opción B para pregunta 519,Opción C para pregunta 519,Opción D para pregunta 519,C,Razonamiento cuantitativo,Ciencias sociales,Específica
"Pregunta 520: En el contexto de lectura crítica, seleccione la opción correcta.",Opción A para pregunta 520,Opción B para pregunta 520,Opción C para pregunta 520,Opción D para pregunta 520,A,Lectura crítica,Genérico,Genérica
"Pregunta 521: En el contexto de inglés, seleccione la opción correcta.",Opción A para pregunta 521,Opción B para pregunta 521,Opción C para pregunta 521,Opción D para pregunta 521,A,Inglés,Genérico,Genérica
"Pregunta 522: En el contexto de lectura crítica, seleccione la opción correcta.",Opción A para pregunta 522,Opción B para pregunta 522,Opción C para pregunta 522,Opción D para pregunta 522,C,Lectura crítica,Genérico,Genérica
"Pregunta 523: En el contexto de comunicación escrita, seleccione la opción correcta.",Opción A para pregunta 523,Opción B para pregunta 523,Opción C para pregunta 523,Opción D para pregunta 523,C,Comunicación escrita,Ciencias sociales,Específica
"Pregunta 524: En el contexto de competencias ciudadanas, seleccione la opción correcta.",Opción A para pregunta 524,Opción B para pregunta 524,Opción C para pregunta 524,Opción D para pregunta 524,D,Competencias ciudadanas,Genérico,Genérica
"Pregunta 525: En el contexto de inglés, seleccione la opción correcta.",Opción A para pregunta 525,Opción B para pregunta 525,Opción C para pregunta 525,Opción D para pregunta 525,A,Inglés,Genérico,Genérica
"Pregunta 526: En el contexto de razonamiento cuantitativo, seleccione la opción correcta.",Opción A para pregunta 526,Opción B para pregunta 526,Opción C para pregunta 526,Opción D para pregunta 526,D,Razonamiento cuantitativo,Educación,Específica
"Pregunta 527: En el contexto de lectura crítica, seleccione la opción correcta.",Opción A para pregunta 527,Opción B para pregunta 527,Opción C para pregunta 527,Opción D para pregunta 527,C,Lectura crítica,Genérico,Genérica
"Pregunta 528: En el contexto de lectura crítica, seleccione la opción correcta.",Opción A para pregunta 528,Opción B para pregunta 528,Opción C para pregunta 528,Opción D para pregunta 528,B,Lectura crítica,Salud,Específica
"Pregunta 529: En el contexto de competencias ciudadanas, seleccione la opción correcta.",Opción A para pregunta 529,Opción B para pregunta 529,Opción C para pregunta 529,Opción D para pregunta 529,C,Competencias ciudadanas,Genérico,Genérica
"Pregunta 530: En el contexto de comunicación escrita, seleccione la opción correcta.",Opción A para pregunta 530,Opción B para pregunta 530,Opción C para pregunta 530,Opción D para pregunta 530,B,Comunicación escrita,Genérico,Genérica
"Pregunta 531: En el contexto de comunicación escrita, seleccione la opción correcta.",Opción A para pregunta 531,Opción B para pregunta 531,Opción C para pregunta 531,Opción D para pregunta 531,B,Comunicación escrita,Genérico,Genérica
"Pregunta 532: En el contexto de competencias ciudadanas, seleccione la opción correcta.",Opción A para pregunta 532,Opción B para pregunta 532,Opción C para pregunta 532,Opción D para pregunta 532,A,Competencias ciudadanas,Genérico,Genérica
"Pregunta 533: En el contexto de inglés, seleccione la opción correcta.",Opción A para pregunta 533,Opción B para pregunta 533,Opción C para pregunta 533,Opción D para pregunta 533,C,Inglés,Genérico,Genérica
"Pregunta 534: En el contexto de comunicación escrita, seleccione la opción correcta.",Opción A para pregunta 534,Opción B para pregunta 534,Opción C para pregunta 534,Opción D para pregunta 534,C,Comunicación escrita,Genérico,Genérica
"Pregunta 535: En el contexto de razonamiento cuantitativo, seleccione la opción correcta.",Opción A para pregunta 535,Opción B para pregunta 535,Opción C para pregunta 535,Opción D para pregunta 535,C,Razonamiento cuantitativo,Genérico,Genérica
"Pregunta 536: En el contexto de comunicación escrita, seleccione la opción correcta.",Opción A para pregunta 536,Opción B para pregunta 536,Opción C para pregunta 536,Opción D para pregunta 536,B,Comunicación escrita,Educación,Específica
"Pregunta 537: En el contexto de razonamiento cuantitativo, seleccione la opción correcta.",Opción A para pregunta 537,Opción B para pregunta 537,Opción C para pregunta 537,Opción D para pregunta 537,A,Razonamiento cuantitativo,Genérico,Genérica
"Pregunta 538: En el contexto de comunicación escrita, seleccione la opción correcta.",Opción A para pregunta 538,Opción B para pregunta 538,Opción C para pregunta 538,Opción D para pregunta 538,D,Comunicación escrita,Genérico,Genérica
"Pregunta 539: En el contexto de competencias ciudadanas, seleccione la opción correcta.",Opción A para pregunta 539,Opción B para pregunta 539,Opción C para pregunta 539,Opción D para pregunta 539,A,Competencias ciudadanas,Administración,Específica
"Pregunta 540: En el contexto de competencias ciudadanas, seleccione la opción correcta.",Opción A para pregunta 540,Opción B para pregunta 540,Opción C para pregunta 540,Opción D para pregunta 540,B,Competencias ciudadanas,Genérico,Genérica
"Pregunta 541: En el contexto de comunicación escrita, seleccione la opción correcta.",Opción A para pregunta 541,Opción B para pregunta 541,Opción C para pregunta 541,Opción D para pregunta 541,B,Comunicación escrita,Administración,Específica
"Pregunta 542: En el contexto de inglés, seleccione la opción correcta.",Opción A para pregunta 542,Opción B para pregunta 542,Opción C para pregunta 542,Opción D para pregunta 542,B,Inglés,Genérico,Genérica
"Pregunta 543: En el contexto de inglés, seleccione la opción correcta.",Opción A para pregunta 543,Opción B para pregunta 543,Opción C para pregunta 543,Opción D para pregunta 543,C,Inglés,Genérico,Genérica
"Pregunta 544: En el contexto de competencias ciudadanas, seleccione la opción correcta.",Opción A para pregunta 544,Opción B para pregunta 544,Opción C para pregunta 544,Opción D para pregunta 544,B,Competencias ciudadanas,Genérico,Genérica
"Pregunta 545: En el contexto de razonamiento cuantitativo, seleccione la opción correcta.",Opción A para pregunta 545,Opción B para pregunta 545,Opción C para pregunta 545,Opción D para pregunta 545,A,Razonamiento cuantitativo,Ingeniería,Específica
"Pregunta 546: En el contexto de inglés, seleccione la opción correcta.",Opción A para pregunta 546,Opción B para pregunta 546,Opción C para pregunta 546,Opción D para pregunta 546,B,Inglés,Genérico,Genérica
"Pregunta 547: En el contexto de inglés, seleccione la opción correcta.",Opción A para pregunta 547,Opción B para pregunta 547,Opción C para pregunta 547,Opción D para pregunta 547,C,Inglés,Genérico,Genérica
"Pregunta 548: En el contexto de competencias ciudadanas, seleccione la opción correcta.",Opción A para pregunta 548,Opción B para pregunta 548,Opción C para pregunta 548,Opción D para pregunta 548,B,Competencias ciudadanas,Genérico,Genérica
"Pregunta 549: En el contexto de competencias ciudadanas, seleccione la opción correcta.",Opción A para pregunta 549,Opción B para pregunta 549,Opción C para pregunta 549,Opción D para pregunta 549,C,Competencias ciudadanas,Administración,Específica
"Pregunta 550: En el contexto de inglés, seleccione la opción correcta.",Opción A para pregunta 550,Opción B para pregunta 550,Opción C para pregunta 550,Opción D para pregunta 550,D,Inglés,Genérico,Genérica
"Pregunta 551: En el contexto de inglés, seleccione la opción correcta.",Opción A para pregunta 551,Opción B para pregunta 551,Opción C para pregunta 551,Opción D para pregunta 551,D,Inglés,Genérico,Genérica
"Pregunta 552: En el contexto de inglés, seleccione la opción correcta.",Opción A para pregunta 552,Opción B para pregunta 552,Opción C para pregunta 552,Opción D para pregunta 552,B,Inglés,Genérico,Genérica
"Pregunta 553: En el contexto de competencias ciudadanas, seleccione la opción correcta.",Opción A para pregunta 553,Opción B para pregunta 553,Opción C para pregunta 553,Opción D para pregunta 553,A,Competencias ciudadanas,Genérico,Genérica
"Pregunta 554: En el contexto de lectura crítica, seleccione la opción correcta.",Opción A para pregunta 554,Opción B para pregunta 554,Opción C para pregunta 554,Opción D para pregunta 554,B,Lectura crítica,Salud,Específica
"Pregunta 555: En el contexto de competencias ciudadanas, seleccione la opción correcta.",Opción A para pregunta 555,Opción B para pregunta 555,Opción C para pregunta 555,Opción D para pregunta 555,D,Competencias ciudadanas,Genérico,Genérica
"Pregunta 556: En el contexto de razonamiento cuantitativo, seleccione la opción correcta.",Opción A para pregunta 556,Opción B para pregunta 556,Opción C para pregunta 556,Opción D para pregunta 556,B,Razonamiento cuantitativo,Ciencias sociales,Específica
"Pregunta 557: En el contexto de inglés, seleccione la opción correcta.",Opción A para pregunta 557,Opción B para pregunta 557,Opción C para pregunta 557,Opción D para pregunta 557,D,Inglés,Genérico,Genérica
"Pregunta 558: En el contexto de inglés, seleccione la opción correcta.",Opción A para pregunta 558,Opción B para pregunta 558,Opción C para pregunta 558,Opción D para pregunta 558,A,Inglés,Genérico,Genérica
"Pregunta 559: En el contexto de competencias ciudadanas, seleccione la opción correcta.",Opción A para pregunta 559,Opción B para pregunta 559,Opción C para pregunta 559,Opción D para pregunta 559,C,Competencias ciudadanas,Genérico,Genérica
"Pregunta 560: En el contexto de comunicación escrita, seleccione la opción correcta.",Opción A para pregunta 560,Opción B para pregunta 560,Opción C para pregunta 560,Opción D para pregunta 560,D,Comunicación escrita,Genérico,Genérica
"Pregunta 561: En el contexto de razonamiento cuantitativo, seleccione la opción correcta.",Opción A para pregunta 561,Opción B para pregunta 561,Opción C para pregunta 561,Opción D para pregunta 561,B,Razonamiento cuantitativo,Genérico,Genérica
"Pregunta 562: En el contexto de competencias ciudadanas, seleccione la opción correcta.",Opción A para pregunta 562,Opción B para pregunta 562,Opción C para pregunta 562,Opción D para pregunta 562,B,Competencias ciudadanas,Genérico,Genérica
"Pregunta 563: En el contexto de comunicación escrita, seleccione la opción correcta.",Opción A para pregunta 563,Opción B para pregunta 563,Opción C para pregunta 563,Opción D para pregunta 563,C,Comunicación escrita,Genérico,Genérica
"Pregunta 564: En el contexto de comunicación escrita, seleccione la opción correcta.",Opción A para pregunta 564,Opción B para pregunta 564,Opción C para pregunta 564,Opción D para pregunta 564,D,Comunicación escrita,Ciencias sociales,Específica
"Pregunta 565: En el contexto de razonamiento cuantitativo, seleccione la opción correcta.",Opción A para pregunta 565,Opción B para pregunta 565,Opción C para pregunta 565,Opción D para pregunta 565,B,Razonamiento cuantitativo,Genérico,Genérica
"Pregunta 566: En el contexto de competencias ciudadanas, seleccione la opción correcta.",Opción A para pregunta 566,Opción B para pregunta 566,Opción C para pregunta 566,Opción D para pregunta 566,C,Competencias ciudadanas,Ingeniería,Específica
"Pregunta 567: En el contexto de razonamiento cuantitativo, seleccione la opción correcta.",Opción A para pregunta 567,Opción B para pregunta 567,Opción C para pregunta 567,Opción D para pregunta 567,C,Razonamiento cuantitativo,Genérico,Genérica
"Pregunta 568: En el contexto de razonamiento cuantitativo, seleccione la opción correcta.",Opción A para pregunta 568,Opción B para pregunta 568,Opción C para pregunta 568,Opción D para pregunta 568,C,Razonamiento cuantitativo,Genérico,Genérica
"Pregunta 569: En el contexto de razonamiento cuantitativo, seleccione la opción correcta.",Opción A para pregunta 569,Opción B para pregunta 569,Opción C para pregunta 569,Opción D para pregunta 569,A,Razonamiento cuantitativo,Genérico,Genérica
"Pregunta 570: En el contexto de inglés, seleccione la opción correcta.",Opción A para pregunta 570,Opción B para pregunta 570,Opción C para pregunta 570,Opción D para pregunta 570,D,Inglés,Salud,Específica
"Pregunta 571: En el contexto de razonamiento cuantitativo, seleccione la opción correcta.",Opción A para pregunta 571,Opción B para pregunta 571,Opción C para pregunta 571,Opción D para pregunta 571,A,Razonamiento cuantitativo,Genérico,Genérica
"Pregunta 572: En el contexto de razonamiento cuantitativo, seleccione la opción correcta.",Opción A para pregunta 572,Opción B para pregunta 572,Opción C para pregunta 572,Opción D para pregunta 572,D,Razonamiento cuantitativo,Ingeniería,Específica
"Pregunta 573: En el contexto de competencias ciudadanas, seleccione la opción correcta.",Opción A para pregunta 573,Opción B para pregunta 573,Opción C para pregunta 573,Opción D para pregunta 573,C,Competencias ciudadanas,Genérico,Genérica
"Pregunta 574: En el contexto de lectura crítica, seleccione la opción correcta.",Opción A para pregunta 574,Opción B para pregunta 574,Opción C para pregunta 574,Opción D para pregunta 574,D,Lectura crítica,Genérico,Genérica
"Pregunta 575: En el contexto de lectura crítica, seleccione la opción correcta.",Opción A para pregunta 575,Opción B para pregunta 575,Opción C para pregunta 575,Opción D para pregunta 575,C,Lectura crítica,Ciencias sociales,Específica
"Pregunta 576: En el contexto de inglés, seleccione la opción correcta.",Opción A para pregunta 576,Opción B para pregunta 576,Opción C para pregunta 576,Opción D para pregunta 576,A,Inglés,Educación,Específica
"Pregunta 577: En el contexto de lectura crítica, seleccione la opción correcta.",Opción A para pregunta 577,Opción B para pregunta 577,Opción C para pregunta 577,Opción D para pregunta 577,D,Lectura crítica,Ciencias sociales,Específica
"Pregunta 578: En el contexto de competencias ciudadanas, seleccione la opción correcta.",Opción A para pregunta 578,Opción B para pregunta 578,Opción C para pregunta 578,Opción D para pregunta 578,A,Competencias ciudadanas,Ciencias sociales,Específica
"Pregunta 579: En el contexto de competencias ciudadanas, seleccione la opción correcta.",Opción A para pregunta 579,Opción B para pregunta 579,Opción C para pregunta 579,Opción D para pregunta 579,B,Competencias ciudadanas,Educación,Específica
"Pregunta 580: En el contexto de lectura crítica, seleccione la opción correcta.",Opción A para pregunta 580,Opción B para pregunta 580,Opción C para pregunta 580,Opción D para pregunta 580,B,Lectura crítica,Genérico,Genérica
"Pregunta 581: En el contexto de lectura crítica, seleccione la opción correcta.",Opción A para pregunta 581,Opción B para pregunta 581,Opción C para pregunta 581,Opción D para pregunta 581,A,Lectura crítica,Administración,Específica
"Pregunta 582: En el contexto de razonamiento cuantitativo, seleccione la opción correcta.",Opción A para pregunta 582,Opción B para pregunta 582,Opción C para pregunta 582,Opción D para pregunta 582,A,Razonamiento cuantitativo,Ciencias sociales,Específica
"Pregunta 583: En el contexto de competencias ciudadanas, seleccione la opción correcta.",Opción A para pregunta 583,Opción B para pregunta 583,Opción C para pregunta 583,Opción D para pregunta 583,D,Competencias ciudadanas,Administración,Específica
"Pregunta 584: En el contexto de lectura crítica, seleccione la opción correcta.",Opción A para pregunta 584,Opción B para pregunta 584,Opción C para pregunta 584,Opción D para pregunta 584,D,Lectura crítica,Ingeniería,Específica
"Pregunta 585: En el contexto de razonamiento cuantitativo, seleccione la opción correcta.",Opción A para pregunta 585,Opción B para pregunta 585,Opción C para pregunta 585,Opción D para pregunta 585,D,Razonamiento cuantitativo,Ciencias sociales,Específica
"Pregunta 586: En el contexto de competencias ciudadanas, seleccione la opción correcta.",Opción A para pregunta 586,Opción B para pregunta 586,Opción C para pregunta 586,Opción D para pregunta 586,C,Competencias ciudadanas,Administración,Específica
"Pregunta 587: En el contexto de competencias ciudadanas, seleccione la opción correcta.",Opción A para pregunta 587,Opción B para pregunta 587,Opción C para pregunta 587,Opción D para pregunta 587,A,Competencias ciudadanas,Ingeniería,Específica
"Pregunta 588: En el contexto de lectura crítica, seleccione la opción correcta.",Opción A para pregunta 588,Opción B para pregunta 588,Opción C para pregunta 588,Opción D para pregunta 588,D,Lectura crítica,Educación,Específica
"Pregunta 589: En el contexto de razonamiento cuantitativo, seleccione la opción correcta.",Opción A para pregunta 589,Opción B para pregunta 589,Opción C para pregunta 589,Opción D para pregunta 589,A,Razonamiento cuantitativo,Salud,Específica
"Pregunta 590: En el contexto de lectura crítica, seleccione la opción correcta.",Opción A para pregunta 590,Opción B para pregunta 590,Opción C para pregunta 590,Opción D para pregunta 590,D,Lectura crítica,Salud,Específica
"Pregunta 591: En el contexto de competencias ciudadanas, seleccione la opción correcta.",Opción A para pregunta 591,Opción B para pregunta 591,Opción C para pregunta 591,Opción D para pregunta 591,C,Competencias ciudadanas,Educación,Específica
"Pregunta 592: En el contexto de inglés, seleccione la opción correcta.",Opción A para pregunta 592,Opción B para pregunta 592,Opción C para pregunta 592,Opción D para pregunta 592,B,Inglés,Salud,Específica
"Pregunta 593: En el contexto de inglés, seleccione la opción correcta.",Opción A para pregunta 593,Opción B para pregunta 593,Opción C para pregunta 593,Opción D para pregunta 593,D,Inglés,Genérico,Genérica
"Pregunta 594: En el contexto de inglés, seleccione la opción correcta.",Opción A para pregunta 594,Opción B para pregunta 594,Opción C para pregunta 594,Opción D para pregunta 594,C,Inglés,Genérico,Genérica
"Pregunta 595: En el contexto de inglés, seleccione la opción correcta.",Opción A para pregunta 595,Opción B para pregunta 595,Opción C para pregunta 595,Opción D para pregunta 595,D,Inglés,Genérico,Genérica
"Pregunta 596: En el contexto de lectura crítica, seleccione la opción correcta.",Opción A para pregunta 596,Opción B para pregunta 596,Opción C para pregunta 596,Opción D para pregunta 596,B,Lectura crítica,Ingeniería,Específica
"Pregunta 597: En el contexto de comunicación escrita, seleccione la opción correcta.",Opción A para pregunta 597,Opción B para pregunta 597,Opción C para pregunta 597,Opción D para pregunta 597,A,Comunicación escrita,Genérico,Genérica
"Pregunta 598: En el contexto de competencias ciudadanas, seleccione la opción correcta.",Opción A para pregunta 598,Opción B para pregunta 598,Opción C para pregunta 598,Opción D para pregunta 598,D,Competencias ciudadanas,Ciencias sociales,Específica
"Pregunta 599: En el contexto de comunicación escrita, seleccione la opción correcta.",Opción A para pregunta 599,Opción B para pregunta 599,Opción C para pregunta 599,Opción D para pregunta 599,D,Comunicación escrita,Genérico,Genérica
"Pregunta 600: En el contexto de lectura crítica, seleccione la opción correcta.",Opción A para pregunta 600,Opción B para pregunta 600,Opción C para pregunta 600,Opción D para pregunta 600,B,Lectura crítica,Genérico,Genérica
"Pregunta 601: En el contexto de competencias ciudadanas, seleccione la opción correcta.",Opción A para pregunta 601,Opción B para pregunta 601,Opción C para pregunta 601,Opción D para pregunta 601,C,Competencias ciudadanas,Genérico,Genérica
"Pregunta 602: En el contexto de inglés, seleccione la opción correcta.",Opción A para pregunta 602,Opción B para pregunta 602,Opción C para pregunta 602,Opción D para pregunta 602,B,Inglés,Salud,Específica
"Pregunta 603: En el contexto de inglés, seleccione la opción correcta.",Opción A para pregunta 603,Opción B para pregunta 603,Opción C para pregunta 603,Opción D para pregunta 603,B,Inglés,Genérico,Genérica
"Pregunta 604: En el contexto de inglés, seleccione la opción correcta.",Opción A para pregunta 604,Opción B para pregunta 604,Opción C para pregunta 604,Opción D para pregunta 604,C,Inglés,Genérico,Genérica
"Pregunta 605: En el contexto de razonamiento cuantitativo, seleccione la opción correcta.",Opción A para pregunta 605,Opción B para pregunta 605,Opción C para pregunta 605,Opción D para pregunta 605,C,Razonamiento cuantitativo,Educación,Específica
"Pregunta 606: En el contexto de comunicación escrita, seleccione la opción correcta.",Opción A para pregunta 606,Opción B para pregunta 606,Opción C para pregunta 606,Opción D para pregunta 606,D,Comunicación escrita,Salud,Específica
"Pregunta 607: En el contexto de lectura crítica, seleccione la opción correcta.",Opción A para pregunta 607,Opción B para pregunta 607,Opción C para pregunta 607,Opción D para pregunta 607,C,Lectura crítica,Ciencias sociales,Específica
"Pregunta 608: En el contexto de lectura crítica, seleccione la opción correcta.",Opción A para pregunta 608,Opción B para pregunta 608,Opción C para pregunta 608,Opción D para pregunta 608,C,Lectura crítica,Educación,Específica
"Pregunta 609: En el contexto de competencias ciudadanas, seleccione la opción correcta.",Opción A para pregunta 609,Opción B para pregunta 609,Opción C para pregunta 609,Opción D para pregunta 609,C,Competencias ciudadanas,Genérico,Genérica
"Pregunta 610: En el contexto de lectura crítica, seleccione la opción correcta.",Opción A para pregunta 610,Opción B para pregunta 610,Opción C para pregunta 610,Opción D para pregunta 610,B,Lectura crítica,Genérico,Genérica
"Pregunta 611: En el contexto de competencias ciudadanas, seleccione la opción correcta.",Opción A para pregunta 611,Opción B para pregunta 611,Opción C para pregunta 611,Opción D para pregunta 611,C,Competencias ciudadanas,Genérico,Genérica
"Pregunta 612: En el contexto de lectura crítica, seleccione la opción correcta.",Opción A para pregunta 612,Opción B para pregunta 612,Opción C para pregunta 612,Opción D para pregunta 612,A,Lectura crítica,Educación,Específica
"Pregunta 613: En el contexto de razonamiento cuantitativo, seleccione la opción correcta.",Opción A para pregunta 613,Opción B para pregunta 613,Opción C para pregunta 613,Opción D para pregunta 613,C,Razonamiento cuantitativo,Administración,Específica
"Pregunta 614: En el contexto de competencias ciudadanas, seleccione la opción correcta.",Opción A para pregunta 614,Opción B para pregunta 614,Opción C para pregunta 614,Opción D para pregunta 614,C,Competencias ciudadanas,Genérico,Genérica
"Pregunta 615: En el contexto de razonamiento cuantitativo, seleccione la opción correcta.",Opción A para pregunta 615,Opción B para pregunta 615,Opción C para pregunta 615,Opción D para pregunta 615,B,Razonamiento cuantitativo,Genérico,Genérica
"Pregunta 616: En el contexto de inglés, seleccione la opción correcta.",Opción A para pregunta 616,Opción B para pregunta 616,Opción C para pregunta 616,Opción D para pregunta 616,D,Inglés,Ingeniería,Específica
"Pregunta 617: En el contexto de competencias ciudadanas, seleccione la opción correcta.",Opción A para pregunta 617,Opción B para pregunta 617,Opción C para pregunta 617,Opción D para pregunta 617,B,Competencias ciudadanas,Genérico,Genérica
"Pregunta 618: En el contexto de razonamiento cuantitativo, seleccione la opción correcta.",Opción A para pregunta 618,Opción B para pregunta 618,Opción C para pregunta 618,Opción D para pregunta 618,B,Razonamiento cuantitativo,Genérico,Genérica
"Pregunta 619: En el contexto de comunicación escrita, seleccione la opción correcta.",Opción A para pregunta 619,Opción B para pregunta 619,Opción C para pregunta 619,Opción D para pregunta 619,A,Comunicación escrita,Genérico,Genérica
"Pregunta 620: En el contexto de comunicación escrita, seleccione la opción correcta.",Opción A para pregunta 620,Opción B para pregunta 620,Opción C para pregunta 620,Opción D para pregunta 620,D,Comunicación escrita,Ingeniería,Específica
"Pregunta 621: En el contexto de comunicación escrita, seleccione la opción correcta.",Opción A para pregunta 621,Opción B para pregunta 621,Opción C para pregunta 621,Opción D para pregunta 621,C,Comunicación escrita,Educación,Específica
"Pregunta 622: En el contexto de lectura crítica, seleccione la opción correcta.",Opción A para pregunta 622,Opción B para pregunta 622,Opción C para pregunta 622,Opción D para pregunta 622,D,Lectura crítica,Salud,Específica
"Pregunta 623: En el contexto de razonamiento cuantitativo, seleccione la opción correcta.",Opción A para pregunta 623,Opción B para pregunta 623,Opción C para pregunta 623,Opción D para pregunta 623,C,Razonamiento cuantitativo,Educación,Específica
"Pregunta 624: En el contexto de lectura crítica, seleccione la opción correcta.",Opción A para pregunta 624,Opción B para pregunta 624,Opción C para pregunta 624,Opción D para pregunta 624,D,Lectura crítica,Genérico,Genérica
"Pregunta 625: En el contexto de competencias ciudadanas, seleccione la opción correcta.",Opción A para pregunta 625,Opción B para pregunta 625,Opción C para pregunta 625,Opción D para pregunta 625,A,Competencias ciudadanas,Educación,Específica
"Pregunta 626: En el contexto de comunicación escrita, seleccione la opción correcta.",Opción A para pregunta 626,Opción B para pregunta 626,Opción C para pregunta 626,Opción D para pregunta 626,B,Comunicación escrita,Genérico,Genérica
"Pregunta 627: En el contexto de competencias ciudadanas, seleccione la opción correcta.",Opción A para pregunta 627,Opción B para pregunta 627,Opción C para pregunta 627,Opción D para pregunta 627,B,Competencias ciudadanas,Genérico,Genérica
"Pregunta 628: En el contexto de comunicación escrita, seleccione la opción correcta.",Opción A para pregunta 628,Opción B para pregunta 628,Opción C para pregunta 628,Opción D para pregunta 628,A,Comunicación escrita,Ciencias sociales,Específica
"Pregunta 629: En el contexto de comunicación escrita, seleccione la opción correcta.",Opción A para pregunta 629,Opción B para pregunta 629,Opción C para pregunta 629,Opción D para pregunta 629,A,Comunicación escrita,Genérico,Genérica
"Pregunta 630: En el contexto de comunicación escrita, seleccione la opción correcta.",Opción A para pregunta 630,Opción B para pregunta 630,Opción C para pregunta 630,Opción D para pregunta 630,B,Comunicación escrita,Ciencias sociales,Específica
"Pregunta 631: En el contexto de lectura crítica, seleccione la opción correcta.",Opción A para pregunta 631,Opción B para pregunta 631,Opción C para pregunta 631,Opción D para pregunta 631,D,Lectura crítica,Salud,Específica
"Pregunta 632: En el contexto de comunicación escrita, seleccione la opción correcta.",Opción A para pregunta 632,Opción B para pregunta 632,Opción C para pregunta 632,Opción D para pregunta 632,B,Comunicación escrita,Genérico,Genérica
"Pregunta 633: En el contexto de razonamiento cuantitativo, seleccione la opción correcta.",Opción A para pregunta 633,Opción B para pregunta 633,Opción C para pregunta 633,Opción D para pregunta 633,B,Razonamiento cuantitativo,Administración,Específica
"Pregunta 634: En el contexto de lectura crítica, seleccione la opción correcta.",Opción A para pregunta 634,Opción B para pregunta 634,Opción C para pregunta 634,Opción D para pregunta 634,B,Lectura crítica,Salud,Específica
"Pregunta 635: En el contexto de comunicación escrita, seleccione la opción correcta.",Opción A para pregunta 635,Opción B para pregunta 635,Opción C para pregunta 635,Opción D para pregunta 635,C,Comunicación escrita,Administración,Específica
"Pregunta 636: En el contexto de razonamiento cuantitativo, seleccione la opción correcta.",Opción A para pregunta 636,Opción B para pregunta 636,Opción C para pregunta 636,Opción D para pregunta 636,C,Razonamiento cuantitativo,Genérico,Genérica
"Pregunta 637: En el contexto de comunicación escrita, seleccione la opción correcta.",Opción A para pregunta 637,Opción B para pregunta 637,Opción C para pregunta 637,Opción D para pregunta 637,D,Comunicación escrita,Genérico,Genérica
"Pregunta 638: En el contexto de razonamiento cuantitativo, seleccione la opción correcta.",Opción A para pregunta 638,Opción B para pregunta 638,Opción C para pregunta 638,Opción D para pregunta 638,B,Razonamiento cuantitativo,Genérico,Genérica
"Pregunta 639: En el contexto de inglés, seleccione la opción correcta.",Opción A para pregunta 639,Opción B para pregunta 639,Opción C para pregunta 639,Opción D para pregunta 639,D,Inglés,Salud,Específica
"Pregunta 640: En el contexto de comunicación escrita, seleccione la opción correcta.",Opción A para pregunta 640,Opción B para pregunta 640,Opción C para pregunta 640,Opción D para pregunta 640,A,Comunicación escrita,Genérico,Genérica
"Pregunta 641: En el contexto de razonamiento cuantitativo, seleccione la opción correcta.",Opción A para pregunta 641,Opción B para pregunta 641,Opción C para pregunta 641,Opción D para pregunta 641,B,Razonamiento cuantitativo,Genérico,Genérica
"Pregunta 642: En el contexto de competencias ciudadanas, seleccione la opción correcta.",Opción A para pregunta 642,Opción B para pregunta 642,Opción C para pregunta 642,Opción D para pregunta 642,D,Competencias ciudadanas,Salud,Específica
"Pregunta 643: En el contexto de razonamiento cuantitativo, seleccione la opción correcta.",Opción A para pregunta 643,Opción B para pregunta 643,Opción C para pregunta 643,Opción D para pregunta 643,A,Razonamiento cuantitativo,Educación,Específica
"Pregunta 644: En el contexto de comunicación escrita, seleccione la opción correcta.",Opción A para pregunta 644,Opción B para pregunta 644,Opción C para pregunta 644,Opción D para pregunta 644,B,Comunicación escrita,Genérico,Genérica
"Pregunta 645: En el contexto de lectura crítica, seleccione la opción correcta.",Opción A para pregunta 645,Opción B para pregunta 645,Opción C para pregunta 645,Opción D para pregunta 645,B,Lectura crítica,Ciencias sociales,Específica
"Pregunta 646: En el contexto de competencias ciudadanas, seleccione la opción correcta.",Opción A para pregunta 646,Opción B para pregunta 646,Opción C para pregunta 646,Opción D para pregunta 646,A,Competencias ciudadanas,Genérico,Genérica
"Pregunta 647: En el contexto de lectura crítica, seleccione la opción correcta.",Opción A para pregunta 647,Opción B para pregunta 647,Opción C para pregunta 647,Opción D para pregunta 647,D,Lectura crítica,Administración,Específica
"Pregunta 648: En el contexto de inglés, seleccione la opción correcta.",Opción A para pregunta 648,Opción B para pregunta 648,Opción C para pregunta 648,Opción D para pregunta 648,A,Inglés,Genérico,Genérica
"Pregunta 649: En el contexto de inglés, seleccione la opción correcta.",Opción A para pregunta 649,Opción B para pregunta 649,Opción C para pregunta 649,Opción D para pregunta 649,C,Inglés,Ciencias sociales,Específica
"Pregunta 650: En el contexto de razonamiento cuantitativo, seleccione la opción correcta.",Opción A para pregunta 650,Opción B para pregunta 650,Opción C para pregunta 650,Opción D para pregunta 650,D,Razonamiento cuantitativo,Administración,Específica
"Pregunta 651: En el contexto de inglés, seleccione la opción correcta.",Opción A para pregunta 651,Opción B para pregunta 651,Opción C para pregunta 651,Opción D para pregunta 651,B,Inglés,Genérico,Genérica
"Pregunta 652: En el contexto de competencias ciudadanas, seleccione la opción correcta.",Opción A para pregunta 652,Opción B para pregunta 652,Opción C para pregunta 652,Opción D para pregunta 652,A,Competencias ciudadanas,Genérico,Genérica
"Pregunta 653: En el contexto de competencias ciudadanas, seleccione la opción correcta.",Opción A para pregunta 653,Opción B para pregunta 653,Opción C para pregunta 653,Opción D para pregunta 653,D,Competencias ciudadanas,Ingeniería,Específica
"Pregunta 654: En el contexto de razonamiento cuantitativo, seleccione la opción correcta.",Opción A para pregunta 654,Opción B para pregunta 654,Opción C para pregunta 654,Opción D para pregunta 654,C,Razonamiento cuantitativo,Educación,Específica
"Pregunta 655: En el contexto de competencias ciudadanas, seleccione la opción correcta.",Opción A para pregunta 655,Opción B para pregunta 655,Opción C para pregunta 655,Opción D para pregunta 655,B,Competencias ciudadanas,Ingeniería,Específica
"Pregunta 656: En el contexto de lectura crítica, seleccione la opción correcta.",Opción A para pregunta 656,Opción B para pregunta 656,Opción C para pregunta 656,Opción D para pregunta 656,A,Lectura crítica,Ciencias sociales,Específica
"Pregunta 657: En el contexto de lectura crítica, seleccione la opción correcta.",Opción A para pregunta 657,Opción B para pregunta 657,Opción C para pregunta 657,Opción D para pregunta 657,C,Lectura crítica,Genérico,Genérica
"Pregunta 658: En el contexto de competencias ciudadanas, seleccione la opción correcta.",Opción A para pregunta 658,Opción B para pregunta 658,Opción C para pregunta 658,Opción D para pregunta 658,B,Competencias ciudadanas,Genérico,Genérica
"Pregunta 659: En el contexto de razonamiento cuantitativo, seleccione la opción correcta.",Opción A para pregunta 659,Opción B para pregunta 659,Opción C para pregunta 659,Opción D para pregunta 659,A,Razonamiento cuantitativo,Genérico,Genérica
"Pregunta 660: En el contexto de competencias ciudadanas, seleccione la opción correcta.",Opción A para pregunta 660,Opción B para pregunta 660,Opción C para pregunta 660,Opción D para pregunta 660,D,Competencias ciudadanas,Ciencias sociales,Específica
"Pregunta 661: En el contexto de razonamiento cuantitativo, seleccione la opción correcta.",Opción A para pregunta 661,Opción B para pregunta 661,Opción C para pregunta 661,Opción D para pregunta 661,C,Razonamiento cuantitativo,Genérico,Genérica
"Pregunta 662: En el contexto de competencias ciudadanas, seleccione la opción correcta.",Opción A para pregunta 662,Opción B para pregunta 662,Opción C para pregunta 662,Opción D para pregunta 662,A,Competencias ciudadanas,Ingeniería,Específica
"Pregunta 663: En el contexto de razonamiento cuantitativo, seleccione la opción correcta.",Opción A para pregunta 663,Opción B para pregunta 663,Opción C para pregunta 663,Opción D para pregunta 663,B,Razonamiento cuantitativo,Genérico,Genérica
"Pregunta 664: En el contexto de razonamiento cuantitativo, seleccione la opción correcta.",Opción A para pregunta 664,Opción B para pregunta 664,Opción C para pregunta 664,Opción D para pregunta 664,A,Razonamiento cuantitativo,Genérico,Genérica
"Pregunta 665: En el contexto de lectura crítica, seleccione la opción correcta.",Opción A para pregunta 665,Opción B para pregunta 665,Opción C para pregunta 665,Opción D para pregunta 665,C,Lectura crítica,Educación,Específica
"Pregunta 666: En el contexto de razonamiento cuantitativo, seleccione la opción correcta.",Opción A para pregunta 666,Opción B para pregunta 666,Opción C para pregunta 666,Opción D para pregunta 666,D,Razonamiento cuantitativo,Ingeniería,Específica
"Pregunta 667: En el contexto de lectura crítica, seleccione la opción correcta.",Opción A para pregunta 667,Opción B para pregunta 667,Opción C para pregunta 667,Opción D para pregunta 667,A,Lectura crítica,Genérico,Genérica
"Pregunta 668: En el contexto de razonamiento cuantitativo, seleccione la opción correcta.",Opción A para pregunta 668,Opción B para pregunta 668,Opción C para pregunta 668,Opción D para pregunta 668,B,Razonamiento cuantitativo,Educación,Específica
"Pregunta 669: En el contexto de competencias ciudadanas, seleccione la opción correcta.",Opción A para pregunta 669,Opción B para pregunta 669,Opción C para pregunta 669,Opción D para pregunta 669,D,Competencias ciudadanas,Educación,Específica
"Pregunta 670: En el contexto de lectura crítica, seleccione la opción correcta.",Opción A para pregunta 670,Opción B para pregunta 670,Opción C para pregunta 670,Opción D para pregunta 670,A,Lectura crítica,Genérico,Genérica
"Pregunta 671: En el contexto de comunicación escrita, seleccione la opción correcta.",Opción A para pregunta 671,Opción B para pregunta 671,Opción C para pregunta 671,Opción D para pregunta 671,C,Comunicación escrita,Genérico,Genérica
"Pregunta 672: En el contexto de competencias ciudadanas, seleccione la opción correcta.",Opción A para pregunta 672,Opción B para pregunta 672,Opción C para pregunta 672,Opción D para pregunta 672,A,Competencias ciudadanas,Genérico,Genérica
"Pregunta 673: En el contexto de razonamiento cuantitativo, seleccione la opción correcta.",Opción A para pregunta 673,Opción B para pregunta 673,Opción C para pregunta 673,Opción D para pregunta 673,D,Razonamiento cuantitativo,Ciencias sociales,Específica
"Pregunta 674: En el contexto de razonamiento cuantitativo, seleccione la opción correcta.",Opción A para pregunta 674,Opción B para pregunta 674,Opción C para pregunta 674,Opción D para pregunta 674,A,Razonamiento cuantitativo,Genérico,Genérica
"Pregunta 675: En el contexto de lectura crítica, seleccione la opción correcta.",Opción A para pregunta 675,Opción B para pregunta 675,Opción C para pregunta 675,Opción D para pregunta 675,D,Lectura crítica,Educación,Específica
"Pregunta 676: En el contexto de comunicación escrita, seleccione la opción correcta.",Opción A para pregunta 676,Opción B para pregunta 676,Opción C para pregunta 676,Opción D para pregunta 676,C,Comunicación escrita,Genérico,Genérica
"Pregunta 677: En el contexto de competencias ciudadanas, seleccione la opción correcta.",Opción A para pregunta 677,Opción B para pregunta 677,Opción C para pregunta 677,Opción D para pregunta 677,C,Competencias ciudadanas,Administración,Específica
"Pregunta 678: En el contexto de comunicación escrita, seleccione la opción correcta.",Opción A para pregunta 678,Opción B para pregunta 678,Opción C para pregunta 678,Opción D para pregunta 678,C,Comunicación escrita,Salud,Específica
"Pregunta 679: En el contexto de lectura crítica, seleccione la opción correcta.",Opción A para pregunta 679,Opción B para pregunta 679,Opción C para pregunta 679,Opción D para pregunta 679,B,Lectura crítica,Ciencias sociales,Específica
"Pregunta 680: En el contexto de inglés, seleccione la opción correcta.",Opción A para pregunta 680,Opción B para pregunta 680,Opción C para pregunta 680,Opción D para pregunta 680,C,Inglés,Genérico,Genérica
"Pregunta 681: En el contexto de razonamiento cuantitativo, seleccione la opción correcta.",Opción A para pregunta 681,Opción B para pregunta 681,Opción C para pregunta 681,Opción D para pregunta 681,A,Razonamiento cuantitativo,Genérico,Genérica
"Pregunta 682: En el contexto de lectura crítica, seleccione la opción correcta.",Opción A para pregunta 682,Opción B para pregunta 682,Opción C para pregunta 682,Opción D para pregunta 682,D,Lectura crítica,Educación,Específica
"Pregunta 683: En el contexto de inglés, seleccione la opción correcta.",Opción A para pregunta 683,Opción B para pregunta 683,Opción C para pregunta 683,Opción D para pregunta 683,D,Inglés,Ciencias sociales,Específica
"Pregunta 684: En el contexto de inglés, seleccione la opción correcta.",Opción A para pregunta 684,Opción B para pregunta 684,Opción C para pregunta 684,Opción D para pregunta 684,C,Inglés,Genérico,Genérica
"Pregunta 685: En el contexto de inglés, seleccione la opción correcta.",Opción A para pregunta 685,Opción B para pregunta 685,Opción C para pregunta 685,Opción D para pregunta 685,B,Inglés,Administración,Específica
"Pregunta 686: En el contexto de inglés, seleccione la opción correcta.",Opción A para pregunta 686,Opción B para pregunta 686,Opción C para pregunta 686,Opción D para pregunta 686,B,Inglés,Genérico,Genérica
"Pregunta 687: En el contexto de competencias ciudadanas, seleccione la opción correcta.",Opción A para pregunta 687,Opción B para pregunta 687,Opción C para pregunta 687,Opción D para pregunta 687,D,Competencias ciudadanas,Ingeniería,Específica
"Pregunta 688: En el contexto de razonamiento cuantitativo, seleccione la opción correcta.",Opción A para pregunta 688,Opción B para pregunta 688,Opción C para pregunta 688,Opción D para pregunta 688,C,Razonamiento cuantitativo,Ciencias sociales,Específica
"Pregunta 689: En el contexto de razonamiento cuantitativo, seleccione la opción correcta.",Opción A para pregunta 689,Opción B para pregunta 689,Opción C para pregunta 689,Opción D para pregunta 689,C,Razonamiento cuantitativo,Administración,Específica
"Pregunta 690: En el contexto de inglés, seleccione la opción correcta.",Opción A para pregunta 690,Opción B para pregunta 690,Opción C para pregunta 690,Opción D para pregunta 690,A,Inglés,Genérico,Genérica
"Pregunta 691: En el contexto de lectura crítica, seleccione la opción correcta.",Opción A para pregunta 691,Opción B para pregunta 691,Opción C para pregunta 691,Opción D para pregunta 691,A,Lectura crítica,Salud,Específica
"Pregunta 692: En el contexto de razonamiento cuantitativo, seleccione la opción correcta.",Opción A para pregunta 692,Opción B para pregunta 692,Opción C para pregunta 692,Opción D para pregunta 692,D,Razonamiento cuantitativo,Administración,Específica
"Pregunta 693: En el contexto de lectura crítica, seleccione la opción correcta.",Opción A para pregunta 693,Opción B para pregunta 693,Opción C para pregunta 693,Opción D para pregunta 693,C,Lectura crítica,Genérico,Genérica
"Pregunta 694: En el contexto de inglés, seleccione la opción correcta.",Opción A para pregunta 694,Opción B para pregunta 694,Opción C para pregunta 694,Opción D para pregunta 694,D,Inglés,Genérico,Genérica
"Pregunta 695: En el contexto de inglés, seleccione la opción correcta.",Opción A para pregunta 695,Opción B para pregunta 695,Opción C para pregunta 695,Opción D para pregunta 695,B,Inglés,Administración,Específica
"Pregunta 696: En el contexto de competencias ciudadanas, seleccione la opción correcta.",Opción A para pregunta 696,Opción B para pregunta 696,Opción C para pregunta 696,Opción D para pregunta 696,A,Competencias ciudadanas,Genérico,Genérica
"Pregunta 697: En el contexto de razonamiento cuantitativo, seleccione la opción correcta.",Opción A para pregunta 697,Opción B para pregunta 697,Opción C para pregunta 697,Opción D para pregunta 697,C,Razonamiento cuantitativo,Genérico,Genérica
"Pregunta 698: En el contexto de inglés, seleccione la opción correcta.",Opción A para pregunta 698,Opción B para pregunta 698,Opción C para pregunta 698,Opción D para pregunta 698,B,Inglés,Genérico,Genérica
"Pregunta 699: En el contexto de lectura crítica, seleccione la opción correcta.",Opción A para pregunta 699,Opción B para pregunta 699,Opción C para pregunta 699,Opción D para pregunta 699,C,Lectura crítica,Genérico,Genérica
"Pregunta 700: En el contexto de inglés, seleccione la opción correcta.",Opción A para pregunta 700,Opción B para pregunta 700,Opción C para pregunta 700,Opción D para pregunta 700,C,Inglés,Administración,Específica
"Pregunta 701: En el contexto de comunicación escrita, seleccione la opción correcta.",Opción A para pregunta 701,Opción B para pregunta 701,Opción C para pregunta 701,Opción D para pregunta 701,A,Comunicación escrita,Administración,Específica
"Pregunta 702: En el contexto de inglés, seleccione la opción correcta.",Opción A para pregunta 702,Opción B para pregunta 702,Opción C para pregunta 702,Opción D para pregunta 702,C,Inglés,Genérico,Genérica
"Pregunta 703: En el contexto de competencias ciudadanas, seleccione la opción correcta.",Opción A para pregunta 703,Opción B para pregunta 703,Opción C para pregunta 703,Opción D para pregunta 703,D,Competencias ciudadanas,Genérico,Genérica
"Pregunta 704: En el contexto de inglés, seleccione la opción correcta.",Opción A para pregunta 704,Opción B para pregunta 704,Opción C para pregunta 704,Opción D para pregunta 704,C,Inglés,Genérico,Genérica
"Pregunta 705: En el contexto de razonamiento cuantitativo, seleccione la opción correcta.",Opción A para pregunta 705,Opción B para pregunta 705,Opción C para pregunta 705,Opción D para pregunta 705,A,Razonamiento cuantitativo,Genérico,Genérica
"Pregunta 706: En el contexto de lectura crítica, seleccione la opción correcta.",Opción A para pregunta 706,Opción B para pregunta 706,Opción C para pregunta 706,Opción D para pregunta 706,A,Lectura crítica,Salud,Específica
"Pregunta 707: En el contexto de competencias ciudadanas, seleccione la opción correcta.",Opción A para pregunta 707,Opción B para pregunta 707,Opción C para pregunta 707,Opción D para pregunta 707,B,Competencias ciudadanas,Genérico,Genérica
"Pregunta 708: En el contexto de razonamiento cuantitativo, seleccione la opción correcta.",Opción A para pregunta 708,Opción B para pregunta 708,Opción C para pregunta 708,Opción D para pregunta 708,B,Razonamiento cuantitativo,Genérico,Genérica
"Pregunta 709: En el contexto de lectura crítica, seleccione la opción correcta.",Opción A para pregunta 709,Opción B para pregunta 709,Opción C para pregunta 709,Opción D para pregunta 709,C,Lectura crítica,Genérico,Genérica
"Pregunta 710: En el contexto de inglés, seleccione la opción correcta.",Opción A para pregunta 710,Opción B para pregunta 710,Opción C para pregunta 710,Opción D para pregunta 710,C,Inglés,Administración,Específica
"Pregunta 711: En el contexto de comunicación escrita, seleccione la opción correcta.",Opción A para pregunta 711,Opción B para pregunta 711,Opción C para pregunta 711,Opción D para pregunta 711,B,Comunicación escrita,Educación,Específica
"Pregunta 712: En el contexto de inglés, seleccione la opción correcta.",Opción A para pregunta 712,Opción B para pregunta 712,Opción C para pregunta 712,Opción D para pregunta 712,D,Inglés,Ingeniería,Específica
"Pregunta 713: En el contexto de competencias ciudadanas, seleccione la opción correcta.",Opción A para pregunta 713,Opción B para pregunta 713,Opción C para pregunta 713,Opción D para pregunta 713,D,Competencias ciudadanas,Genérico,Genérica
"Pregunta 714: En el contexto de lectura crítica, seleccione la opción correcta.",Opción A para pregunta 714,Opción B para pregunta 714,Opción C para pregunta 714,Opción D para pregunta 714,D,Lectura crítica,Administración,Específica
"Pregunta 715: En el contexto de razonamiento cuantitativo, seleccione la opción correcta.",Opción A para pregunta 715,Opción B para pregunta 715,Opción C para pregunta 715,Opción D para pregunta 715,B,Razonamiento cuantitativo,Ingeniería,Específica
"Pregunta 716: En el contexto de lectura crítica, seleccione la opción correcta.",Opción A para pregunta 716,Opción B para pregunta 716,Opción C para pregunta 716,Opción D para pregunta 716,C,Lectura crítica,Genérico,Genérica
"Pregunta 717: En el contexto de competencias ciudadanas, seleccione la opción correcta.",Opción A para pregunta 717,Opción B para pregunta 717,Opción C para pregunta 717,Opción D para pregunta 717,C,Competencias ciudadanas,Genérico,Genérica
"Pregunta 718: En el contexto de comunicación escrita, seleccione la opción correcta.",Opción A para pregunta 718,Opción B para pregunta 718,Opción C para pregunta 718,Opción D para pregunta 718,C,Comunicación escrita,Administración,Específica
"Pregunta 719: En el contexto de lectura crítica, seleccione la opción correcta.",Opción A para pregunta 719,Opción B para pregunta 719,Opción C para pregunta 719,Opción D para pregunta 719,C,Lectura crítica,Genérico,Genérica
"Pregunta 720: En el contexto de inglés, seleccione la opción correcta.",Opción A para pregunta 720,Opción B para pregunta 720,Opción C para pregunta 720,Opción D para pregunta 720,D,Inglés,Ingeniería,Específica
"Pregunta 721: En el contexto de comunicación escrita, seleccione la opción correcta.",Opción A para pregunta 721,Opción B para pregunta 721,Opción C para pregunta 721,Opción D para pregunta 721,C,Comunicación escrita,Genérico,Genérica
"Pregunta 722: En el contexto de competencias ciudadanas, seleccione la opción correcta.",Opción A para pregunta 722,Opción B para pregunta 722,Opción C para pregunta 722,Opción D para pregunta 722,A,Competencias ciudadanas,Genérico,Genérica
"Pregunta 723: En el contexto de razonamiento cuantitativo, seleccione la opción correcta.",Opción A para pregunta 723,Opción B para pregunta 723,Opción C para pregunta 723,Opción D para pregunta 723,A,Razonamiento cuantitativo,Genérico,Genérica
"Pregunta 724: En el contexto de razonamiento cuantitativo, seleccione la opción correcta.",Opción A para pregunta 724,Opción B para pregunta 724,Opción C para pregunta 724,Opción D para pregunta 724,D,Razonamiento cuantitativo,Salud,Específica
"Pregunta 725: En el contexto de inglés, seleccione la opción correcta.",Opción A para pregunta 725,Opción B para pregunta 725,Opción C para pregunta 725,Opción D para pregunta 725,C,Inglés,Salud,Específica
"Pregunta 726: En el contexto de inglés, seleccione la opción correcta.",Opción A para pregunta 726,Opción B para pregunta 726,Opción C para pregunta 726,Opción D para pregunta 726,A,Inglés,Genérico,Genérica
"Pregunta 727: En el contexto de comunicación escrita, seleccione la opción correcta.",Opción A para pregunta 727,Opción B para pregunta 727,Opción C para pregunta 727,Opción D para pregunta 727,B,Comunicación escrita,Genérico,Genérica
"Pregunta 728: En el contexto de inglés, seleccione la opción correcta.",Opción A para pregunta 728,Opción B para pregunta 728,Opción C para pregunta 728,Opción D para pregunta 728,D,Inglés,Genérico,Genérica
"Pregunta 729: En el contexto de competencias ciudadanas, seleccione la opción correcta.",Opción A para pregunta 729,Opción B para pregunta 729,Opción C para pregunta 729,Opción D para pregunta 729,D,Competencias ciudadanas,Genérico,Genérica
"Pregunta 730: En el contexto de competencias ciudadanas, seleccione la opción correcta.",Opción A para pregunta 730,Opción B para pregunta 730,Opción C para pregunta 730,Opción D para pregunta 730,A,Competencias ciudadanas,Genérico,Genérica
"Pregunta 731: En el contexto de lectura crítica, seleccione la opción correcta.",Opción A para pregunta 731,Opción B para pregunta 731,Opción C para pregunta 731,Opción D para pregunta 731,A,Lectura crítica,Genérico,Genérica
"Pregunta 732: En el contexto de comunicación escrita, seleccione la opción correcta.",Opción A para pregunta 732,Opción B para pregunta 732,Opción C para pregunta 732,Opción D para pregunta 732,C,Comunicación escrita,Genérico,Genérica
"Pregunta 733: En el contexto de razonamiento cuantitativo, seleccione la opción correcta.",Opción A para pregunta 733,Opción B para pregunta 733,Opción C para pregunta 733,Opción D para pregunta 733,A,Razonamiento cuantitativo,Ciencias sociales,Específica
"Pregunta 734: En el contexto de competencias ciudadanas, seleccione la opción correcta.",Opción A para pregunta 734,Opción B para pregunta 734,Opción C para pregunta 734,Opción D para pregunta 734,A,Competencias ciudadanas,Genérico,Genérica
"Pregunta 735: En el contexto de comunicación escrita, seleccione la opción correcta.",Opción A para pregunta 735,Opción B para pregunta 735,Opción C para pregunta 735,Opción D para pregunta 735,A,Comunicación escrita,Administración,Específica
"Pregunta 736: En el contexto de razonamiento cuantitativo, seleccione la opción correcta.",Opción A para pregunta 736,Opción B para pregunta 736,Opción C para pregunta 736,Opción D para pregunta 736,B,Razonamiento cuantitativo,Genérico,Genérica
"Pregunta 737: En el contexto de competencias ciudadanas, seleccione la opción correcta.",Opción A para pregunta 737,Opción B para pregunta 737,Opción C para pregunta 737,Opción D para pregunta 737,C,Competencias ciudadanas,Salud,Específica
"Pregunta 738: En el contexto de competencias ciudadanas, seleccione la opción correcta.",Opción A para pregunta 738,Opción B para pregunta 738,Opción C para pregunta 738,Opción D para pregunta 738,B,Competencias ciudadanas,Genérico,Genérica
"Pregunta 739: En el contexto de lectura crítica, seleccione la opción correcta.",Opción A para pregunta 739,Opción B para pregunta 739,Opción C para pregunta 739,Opción D para pregunta 739,A,Lectura crítica,Genérico,Genérica
"Pregunta 740: En el contexto de competencias ciudadanas, seleccione la opción correcta.",Opción A para pregunta 740,Opción B para pregunta 740,Opción C para pregunta 740,Opción D para pregunta 740,C,Competencias ciudadanas,Genérico,Genérica
"Pregunta 741: En el contexto de razonamiento cuantitativo, seleccione la opción correcta.",Opción A para pregunta 741,Opción B para pregunta 741,Opción C para pregunta 741,Opción D para pregunta 741,D,Razonamiento cuantitativo,Genérico,Genérica
"Pregunta 742: En el contexto de razonamiento cuantitativo, seleccione la opción correcta.",Opción A para pregunta 742,Opción B para pregunta 742,Opción C para pregunta 742,Opción D para pregunta 742,A,Razonamiento cuantitativo,Administración,Específica
"Pregunta 743: En el contexto de competencias ciudadanas, seleccione la opción correcta.",Opción A para pregunta 743,Opción B para pregunta 743,Opción C para pregunta 743,Opción D para pregunta 743,A,Competencias ciudadanas,Genérico,Genérica
"Pregunta 744: En el contexto de inglés, seleccione la opción correcta.",Opción A para pregunta 744,Opción B para pregunta 744,Opción C para pregunta 744,Opción D para pregunta 744,D,Inglés,Administración,Específica
"Pregunta 745: En el contexto de lectura crítica, seleccione la opción correcta.",Opción A para pregunta 745,Opción B para pregunta 745,Opción C para pregunta 745,Opción D para pregunta 745,B,Lectura crítica,Genérico,Genérica
"Pregunta 746: En el contexto de inglés, seleccione la opción correcta.",Opción A para pregunta 746,Opción B para pregunta 746,Opción C para pregunta 746,Opción D para pregunta 746,C,Inglés,Salud,Específica
"Pregunta 747: En el contexto de razonamiento cuantitativo, seleccione la opción correcta.",Opción A para pregunta 747,Opción B para pregunta 747,Opción C para pregunta 747,Opción D para pregunta 747,B,Razonamiento cuantitativo,Administración,Específica
"Pregunta 748: En el contexto de inglés, seleccione la opción correcta.",Opción A para pregunta 748,Opción B para pregunta 748,Opción C para pregunta 748,Opción D para pregunta 748,C,Inglés,Genérico,Genérica
"Pregunta 749: En el contexto de inglés, seleccione la opción correcta.",Opción A para pregunta 749,Opción B para pregunta 749,Opción C para pregunta 749,Opción D para pregunta 749,B,Inglés,Genérico,Genérica
"Pregunta 750: En el contexto de comunicación escrita, seleccione la opción correcta.",Opción A para pregunta 750,Opción B para pregunta 750,Opción C para pregunta 750,Opción D para pregunta 750,D,Comunicación escrita,Genérico,Genérica
"Pregunta 751: En el contexto de competencias ciudadanas, seleccione la opción correcta.",Opción A para pregunta 751,Opción B para pregunta 751,Opción C para pregunta 751,Opción D para pregunta 751,B,Competencias ciudadanas,Salud,Específica
"Pregunta 752: En el contexto de comunicación escrita, seleccione la opción correcta.",Opción A para pregunta 752,Opción B para pregunta 752,Opción C para pregunta 752,Opción D para pregunta 752,B,Comunicación escrita,Genérico,Genérica
"Pregunta 753: En el contexto de inglés, seleccione la opción correcta.",Opción A para pregunta 753,Opción B para pregunta 753,Opción C para pregunta 753,Opción D para pregunta 753,C,Inglés,Salud,Específica
"Pregunta 754: En el contexto de competencias ciudadanas, seleccione la opción correcta.",Opción A para pregunta 754,Opción B para pregunta 754,Opción C para pregunta 754,Opción D para pregunta 754,A,Competencias ciudadanas,Administración,Específica
"Pregunta 755: En el contexto de inglés, seleccione la opción correcta.",Opción A para pregunta 755,Opción B para pregunta 755,Opción C para pregunta 755,Opción D para pregunta 755,D,Inglés,Salud,Específica
"Pregunta 756: En el contexto de inglés, seleccione la opción correcta.",Opción A para pregunta 756,Opción B para pregunta 756,Opción C para pregunta 756,Opción D para pregunta 756,A,Inglés,Genérico,Genérica
"Pregunta 757: En el contexto de competencias ciudadanas, seleccione la opción correcta.",Opción A para pregunta 757,Opción B para pregunta 757,Opción C para pregunta 757,Opción D para pregunta 757,A,Competencias ciudadanas,Genérico,Genérica
"Pregunta 758: En el contexto de competencias ciudadanas, seleccione la opción correcta.",Opción A para pregunta 758,Opción B para pregunta 758,Opción C para pregunta 758,Opción D para pregunta 758,C,Competencias ciudadanas,Genérico,Genérica
"Pregunta 759: En el contexto de lectura crítica, seleccione la opción correcta.",Opción A para pregunta 759,Opción B para pregunta 759,Opción C para pregunta 759,Opción D para pregunta 759,D,Lectura crítica,Genérico,Genérica
"Pregunta 760: En el contexto de competencias ciudadanas, seleccione la opción correcta.",Opción A para pregunta 760,Opción B para pregunta 760,Opción C para pregunta 760,Opción D para pregunta 760,C,Competencias ciudadanas,Genérico,Genérica
"Pregunta 761: En el contexto de inglés, seleccione la opción correcta.",Opción A para pregunta 761,Opción B para pregunta 761,Opción C para pregunta 761,Opción D para pregunta 761,D,Inglés,Genérico,Genérica
"Pregunta 762: En el contexto de lectura crítica, seleccione la opción correcta.",Opción A para pregunta 762,Opción B para pregunta 762,Opción C para pregunta 762,Opción D para pregunta 762,B,Lectura crítica,Educación,Específica
"Pregunta 763: En el contexto de comunicación escrita, seleccione la opción correcta.",Opción A para pregunta 763,Opción B para pregunta 763,Opción C para pregunta 763,Opción D para pregunta 763,B,Comunicación escrita,Genérico,Genérica
"Pregunta 764: En el contexto de inglés, seleccione la opción correcta.",Opción A para pregunta 764,Opción B para pregunta 764,Opción C para pregunta 764,Opción D para pregunta 764,B,Inglés,Administración,Específica
"Pregunta 765: En el contexto de comunicación escrita, seleccione la opción correcta.",Opción A para pregunta 765,Opción B para pregunta 765,Opción C para pregunta 765,Opción D para pregunta 765,C,Comunicación escrita,Genérico,Genérica
"Pregunta 766: En el contexto de competencias ciudadanas, seleccione la opción correcta.",Opción A para pregunta 766,Opción B para pregunta 766,Opción C para pregunta 766,Opción D para pregunta 766,A,Competencias ciudadanas,Genérico,Genérica
"Pregunta 767: En el contexto de competencias ciudadanas, seleccione la opción correcta.",Opción A para pregunta 767,Opción B para pregunta 767,Opción C para pregunta 767,Opción D para pregunta 767,B,Competencias ciudadanas,Genérico,Genérica
"Pregunta 768: En el contexto de inglés, seleccione la opción correcta.",Opción A para pregunta 768,Opción B para pregunta 768,Opción C para pregunta 768,Opción D para pregunta 768,B,Inglés,Genérico,Genérica
"Pregunta 769: En el contexto de razonamiento cuantitativo, seleccione la opción correcta.",Opción A para pregunta 769,Opción B para pregunta 769,Opción C para pregunta 769,Opción D para pregunta 769,C,Razonamiento cuantitativo,Ingeniería,Específica
"Pregunta 770: En el contexto de inglés, seleccione la opción correcta.",Opción A para pregunta 770,Opción B para pregunta 770,Opción C para pregunta 770,Opción D para pregunta 770,B,Inglés,Genérico,Genérica
"Pregunta 771: En el contexto de comunicación escrita, seleccione la opción correcta.",Opción A para pregunta 771,Opción B para pregunta 771,Opción C para pregunta 771,Opción D para pregunta 771,A,Comunicación escrita,Genérico,Genérica
"Pregunta 772: En el contexto de comunicación escrita, seleccione la opción correcta.",Opción A para pregunta 772,Opción B para pregunta 772,Opción C para pregunta 772,Opción D para pregunta 772,D,Comunicación escrita,Genérico,Genérica
"Pregunta 773: En el contexto de comunicación escrita, seleccione la opción correcta.",Opción A para pregunta 773,Opción B para pregunta 773,Opción C para pregunta 773,Opción D para pregunta 773,B,Comunicación escrita,Genérico,Genérica
"Pregunta 774: En el contexto de inglés, seleccione la opción correcta.",Opción A para pregunta 774,Opción B para pregunta 774,Opción C para pregunta 774,Opción D para pregunta 774,A,Inglés,Genérico,Genérica
"Pregunta 775: En el contexto de razonamiento cuantitativo, seleccione la opción correcta.",Opción A para pregunta 775,Opción B para pregunta 775,Opción C para pregunta 775,Opción D para pregunta 775,B,Razonamiento cuantitativo,Educación,Específica
"Pregunta 776: En el contexto de inglés, seleccione la opción correcta.",Opción A para pregunta 776,Opción B para pregunta 776,Opción C para pregunta 776,Opción D para pregunta 776,B,Inglés,Ciencias sociales,Específica
"Pregunta 777: En el contexto de lectura crítica, seleccione la opción correcta.",Opción A para pregunta 777,Opción B para pregunta 777,Opción C para pregunta 777,Opción D para pregunta 777,B,Lectura crítica,Genérico,Genérica
"Pregunta 778: En el contexto de inglés, seleccione la opción correcta.",Opción A para pregunta 778,Opción B para pregunta 778,Opción C para pregunta 778,Opción D para pregunta 778,D,Inglés,Genérico,Genérica
"Pregunta 779: En el contexto de inglés, seleccione la opción correcta.",Opción A para pregunta 779,Opción B para pregunta 779,Opción C para pregunta 779,Opción D para pregunta 779,B,Inglés,Genérico,Genérica
"Pregunta 780: En el contexto de competencias ciudadanas, seleccione la opción correcta.",Opción A para pregunta 780,Opción B para pregunta 780,Opción C para pregunta 780,Opción D para pregunta 780,B,Competencias ciudadanas,Genérico,Genérica
"Pregunta 781: En el contexto de comunicación escrita, seleccione la opción correcta.",Opción A para pregunta 781,Opción B para pregunta 781,Opción C para pregunta 781,Opción D para pregunta 781,A,Comunicación escrita,Administración,Específica
"Pregunta 782: En el contexto de lectura crítica, seleccione la opción correcta.",Opción A para pregunta 782,Opción B para pregunta 782,Opción C para pregunta 782,Opción D para pregunta 782,B,Lectura crítica,Genérico,Genérica
"Pregunta 783: En el contexto de lectura crítica, seleccione la opción correcta.",Opción A para pregunta 783,Opción B para pregunta 783,Opción C para pregunta 783,Opción D para pregunta 783,C,Lectura crítica,Genérico,Genérica
"Pregunta 784: En el contexto de comunicación escrita, seleccione la opción correcta.",Opción A para pregunta 784,Opción B para pregunta 784,Opción C para pregunta 784,Opción D para pregunta 784,B,Comunicación escrita,Genérico,Genérica
"Pregunta 785: En el contexto de competencias ciudadanas, seleccione la opción correcta.",Opción A para pregunta 785,Opción B para pregunta 785,Opción C para pregunta 785,Opción D para pregunta 785,D,Competencias ciudadanas,Genérico,Genérica
"Pregunta 786: En el contexto de lectura crítica, seleccione la opción correcta.",Opción A para pregunta 786,Opción B para pregunta 786,Opción C para pregunta 786,Opción D para pregunta 786,C,Lectura crítica,Genérico,Genérica
"Pregunta 787: En el contexto de razonamiento cuantitativo, seleccione la opción correcta.",Opción A para pregunta 787,Opción B para pregunta 787,Opción C para pregunta 787,Opción D para pregunta 787,D,Razonamiento cuantitativo,Ingeniería,Específica
"Pregunta 788: En el contexto de competencias ciudadanas, seleccione la opción correcta.",Opción A para pregunta 788,Opción B para pregunta 788,Opción C para pregunta 788,Opción D para pregunta 788,A,Competencias ciudadanas,Administración,Específica
"Pregunta 789: En el contexto de razonamiento cuantitativo, seleccione la opción correcta.",Opción A para pregunta 789,Opción B para pregunta 789,Opción C para pregunta 789,Opción D para pregunta 789,D,Razonamiento cuantitativo,Genérico,Genérica
"Pregunta 790: En el contexto de comunicación escrita, seleccione la opción correcta.",Opción A para pregunta 790,Opción B para pregunta 790,Opción C para pregunta 790,Opción D para pregunta 790,C,Comunicación escrita,Educación,Específica
"Pregunta 791: En el contexto de lectura crítica, seleccione la opción correcta.",Opción A para pregunta 791,Opción B para pregunta 791,Opción C para pregunta 791,Opción D para pregunta 791,A,Lectura crítica,Genérico,Genérica
"Pregunta 792: En el contexto de comunicación escrita, seleccione la opción correcta.",Opción A para pregunta 792,Opción B para pregunta 792,Opción C para pregunta 792,Opción D para pregunta 792,D,Comunicación escrita,Genérico,Genérica
"Pregunta 793: En el contexto de competencias ciudadanas, seleccione la opción correcta.",Opción A para pregunta 793,Opción B para pregunta 793,Opción C para pregunta 793,Opción D para pregunta 793,C,Competencias ciudadanas,Genérico,Genérica
"Pregunta 794: En el contexto de competencias ciudadanas, seleccione la opción correcta.",Opción A para pregunta 794,Opción B para pregunta 794,Opción C para pregunta 794,Opción D para pregunta 794,A,Competencias ciudadanas,Genérico,Genérica
"Pregunta 795: En el contexto de lectura crítica, seleccione la opción correcta.",Opción A para pregunta 795,Opción B para pregunta 795,Opción C para pregunta 795,Opción D para pregunta 795,D,Lectura crítica,Administración,Específica
"Pregunta 796: En el contexto de razonamiento cuantitativo, seleccione la opción correcta.",Opción A para pregunta 796,Opción B para pregunta 796,Opción C para pregunta 796,Opción D para pregunta 796,A,Razonamiento cuantitativo,Genérico,Genérica
"Pregunta 797: En el contexto de competencias ciudadanas, seleccione la opción correcta.",Opción A para pregunta 797,Opción B para pregunta 797,Opción C para pregunta 797,Opción D para pregunta 797,A,Competencias ciudadanas,Genérico,Genérica
"Pregunta 798: En el contexto de razonamiento cuantitativo, seleccione la opción correcta.",Opción A para pregunta 798,Opción B para pregunta 798,Opción C para pregunta 798,Opción D para pregunta 798,B,Razonamiento cuantitativo,Genérico,Genérica
"Pregunta 799: En el contexto de lectura crítica, seleccione la opción correcta.",Opción A para pregunta 799,Opción B para pregunta 799,Opción C para pregunta 799,Opción D para pregunta 799,B,Lectura crítica,Genérico,Genérica
"Pregunta 800: En el contexto de competencias ciudadanas, seleccione la opción correcta.",Opción A para pregunta 800,Opción B para pregunta 800,Opción C para pregunta 800,Opción D para pregunta 800,C,Competencias ciudadanas,Genérico,Genérica
"Pregunta 801: En el contexto de lectura crítica, seleccione la opción correcta.",Opción A para pregunta 801,Opción B para pregunta 801,Opción C para pregunta 801,Opción D para pregunta 801,D,Lectura crítica,Genérico,Genérica
"Pregunta 802: En el contexto de comunicación escrita, seleccione la opción correcta.",Opción A para pregunta 802,Opción B para pregunta 802,Opción C para pregunta 802,Opción D para pregunta 802,C,Comunicación escrita,Genérico,Genérica
"Pregunta 803: En el contexto de razonamiento cuantitativo, seleccione la opción correcta.",Opción A para pregunta 803,Opción B para pregunta 803,Opción C para pregunta 803,Opción D para pregunta 803,A,Razonamiento cuantitativo,Genérico,Genérica
"Pregunta 804: En el contexto de razonamiento cuantitativo, seleccione la opción correcta.",Opción A para pregunta 804,Opción B para pregunta 804,Opción C para pregunta 804,Opción D para pregunta 804,D,Razonamiento cuantitativo,Salud,Específica
"Pregunta 805: En el contexto de inglés, seleccione la opción correcta.",Opción A para pregunta 805,Opción B para pregunta 805,Opción C para pregunta 805,Opción D para pregunta 805,B,Inglés,Ciencias sociales,Específica
"Pregunta 806: En el contexto de inglés, seleccione la opción correcta.",Opción A para pregunta 806,Opción B para pregunta 806,Opción C para pregunta 806,Opción D para pregunta 806,D,Inglés,Educación,Específica
"Pregunta 807: En el contexto de razonamiento cuantitativo, seleccione la opción correcta.",Opción A para pregunta 807,Opción B para pregunta 807,Opción C para pregunta 807,Opción D para pregunta 807,C,Razonamiento cuantitativo,Salud,Específica
"Pregunta 808: En el contexto de comunicación escrita, seleccione la opción correcta.",Opción A para pregunta 808,Opción B para pregunta 808,Opción C para pregunta 808,Opción D para pregunta 808,D,Comunicación escrita,Genérico,Genérica
"Pregunta 809: En el contexto de comunicación escrita, seleccione la opción correcta.",Opción A para pregunta 809,Opción B para pregunta 809,Opción C para pregunta 809,Opción D para pregunta 809,C,Comunicación escrita,Genérico,Genérica
"Pregunta 810: En el contexto de razonamiento cuantitativo, seleccione la opción correcta.",Opción A para pregunta 810,Opción B para pregunta 810,Opción C para pregunta 810,Opción D para pregunta 810,C,Razonamiento cuantitativo,Ingeniería,Específica
"Pregunta 811: En el contexto de razonamiento cuantitativo, seleccione la opción correcta.",Opción A para pregunta 811,Opción B para pregunta 811,Opción C para pregunta 811,Opción D para pregunta 811,A,Razonamiento cuantitativo,Administración,Específica
"Pregunta 812: En el contexto de competencias ciudadanas, seleccione la opción correcta.",Opción A para pregunta 812,Opción B para pregunta 812,Opción C para pregunta 812,Opción D para pregunta 812,C,Competencias ciudadanas,Genérico,Genérica
"Pregunta 813: En el contexto de comunicación escrita, seleccione la opción correcta.",Opción A para pregunta 813,Opción B para pregunta 813,Opción C para pregunta 813,Opción D para pregunta 813,D,Comunicación escrita,Salud,Específica
"Pregunta 814: En el contexto de razonamiento cuantitativo, seleccione la opción correcta.",Opción A para pregunta 814,Opción B para pregunta 814,Opción C para pregunta 814,Opción D para pregunta 814,A,Razonamiento cuantitativo,Genérico,Genérica
"Pregunta 815: En el contexto de competencias ciudadanas, seleccione la opción correcta.",Opción A para pregunta 815,Opción B para pregunta 815,Opción C para pregunta 815,Opción D para pregunta 815,B,Competencias ciudadanas,Genérico,Genérica
"Pregunta 816: En el contexto de comunicación escrita, seleccione la opción correcta.",Opción A para pregunta 816,Opción B para pregunta 816,Opción C para pregunta 816,Opción D para pregunta 816,A,Comunicación escrita,Ciencias sociales,Específica
"Pregunta 817: En el contexto de competencias ciudadanas, seleccione la opción correcta.",Opción A para pregunta 817,Opción B para pregunta 817,Opción C para pregunta 817,Opción D para pregunta 817,C,Competencias ciudadanas,Genérico,Genérica
"Pregunta 818: En el contexto de competencias ciudadanas, seleccione la opción correcta.",Opción A para pregunta 818,Opción B para pregunta 818,Opción C para pregunta 818,Opción D para pregunta 818,D,Competencias ciudadanas,Ciencias sociales,Específica
"Pregunta 819: En el contexto de competencias ciudadanas, seleccione la opción correcta.",Opción A para pregunta 819,Opción B para pregunta 819,Opción C para pregunta 819,Opción D para pregunta 819,D,Competencias ciudadanas,Genérico,Genérica
"Pregunta 820: En el contexto de lectura crítica, seleccione la opción correcta.",Opción A para pregunta 820,Opción B para pregunta 820,Opción C para pregunta 820,Opción D para pregunta 820,D,Lectura crítica,Genérico,Genérica
"Pregunta 821: En el contexto de razonamiento cuantitativo, seleccione la opción correcta.",Opción A para pregunta 821,Opción B para pregunta 821,Opción C para pregunta 821,Opción D para pregunta 821,A,Razonamiento cuantitativo,Genérico,Genérica
"Pregunta 822: En el contexto de competencias ciudadanas, seleccione la opción correcta.",Opción A para pregunta 822,Opción B para pregunta 822,Opción C para pregunta 822,Opción D para pregunta 822,B,Competencias ciudadanas,Genérico,Genérica
"Pregunta 823: En el contexto de comunicación escrita, seleccione la opción correcta.",Opción A para pregunta 823,Opción B para pregunta 823,Opción C para pregunta 823,Opción D para pregunta 823,A,Comunicación escrita,Genérico,Genérica
"Pregunta 824: En el contexto de comunicación escrita, seleccione la opción correcta.",Opción A para pregunta 824,Opción B para pregunta 824,Opción C para pregunta 824,Opción D para pregunta 824,C,Comunicación escrita,Salud,Específica
"Pregunta 825: En el contexto de inglés, seleccione la opción correcta.",Opción A para pregunta 825,Opción B para pregunta 825,Opción C para pregunta 825,Opción D para pregunta 825,A,Inglés,Genérico,Genérica
"Pregunta 826: En el contexto de comunicación escrita, seleccione la opción correcta.",Opción A para pregunta 826,Opción B para pregunta 826,Opción C para pregunta 826,Opción D para pregunta 826,D,Comunicación escrita,Genérico,Genérica
"Pregunta 827: En el contexto de lectura crítica, seleccione la opción correcta.",Opción A para pregunta 827,Opción B para pregunta 827,Opción C para pregunta 827,Opción D para pregunta 827,D,Lectura crítica,Ciencias sociales,Específica
"Pregunta 828: En el contexto de razonamiento cuantitativo, seleccione la opción correcta.",Opción A para pregunta 828,Opción B para pregunta 828,Opción C para pregunta 828,Opción D para pregunta 828,D,Razonamiento cuantitativo,Genérico,Genérica
"Pregunta 829: En el contexto de comunicación escrita, seleccione la opción correcta.",Opción A para pregunta 829,Opción B para pregunta 829,Opción C para pregunta 829,Opción D para pregunta 829,D,Comunicación escrita,Genérico,Genérica
"Pregunta 830: En el contexto de razonamiento cuantitativo, seleccione la opción correcta.",Opción A para pregunta 830,Opción B para pregunta 830,Opción C para pregunta 830,Opción D para pregunta 830,C,Razonamiento cuantitativo,Genérico,Genérica
"Pregunta 831: En el contexto de razonamiento cuantitativo, seleccione la opción correcta.",Opción A para pregunta 831,Opción B para pregunta 831,Opción C para pregunta 831,Opción D para pregunta 831,C,Razonamiento cuantitativo,Genérico,Genérica
"Pregunta 832: En el contexto de comunicación escrita, seleccione la opción correcta.",Opción A para pregunta 832,Opción B para pregunta 832,Opción C para pregunta 832,Opción D para pregunta 832,B,Comunicación escrita,Genérico,Genérica
"Pregunta 833: En el contexto de razonamiento cuantitativo, seleccione la opción correcta.",Opción A para pregunta 833,Opción B para pregunta 833,Opción C para pregunta 833,Opción D para pregunta 833,D,Razonamiento cuantitativo,Genérico,Genérica
"Pregunta 834: En el contexto de comunicación escrita, seleccione la opción correcta.",Opción A para pregunta 834,Opción B para pregunta 834,Opción C para pregunta 834,Opción D para pregunta 834,A,Comunicación escrita,Ingeniería,Específica
"Pregunta 835: En el contexto de lectura crítica, seleccione la opción correcta.",Opción A para pregunta 835,Opción B para pregunta 835,Opción C para pregunta 835,Opción D para pregunta 835,A,Lectura crítica,Salud,Específica
"Pregunta 836: En el contexto de comunicación escrita, seleccione la opción correcta.",Opción A para pregunta 836,Opción B para pregunta 836,Opción C para pregunta 836,Opción D para pregunta 836,D,Comunicación escrita,Genérico,Genérica
"Pregunta 837: En el contexto de razonamiento cuantitativo, seleccione la opción correcta.",Opción A para pregunta 837,Opción B para pregunta 837,Opción C para pregunta 837,Opción D para pregunta 837,D,Razonamiento cuantitativo,Genérico,Genérica
"Pregunta 838: En el contexto de lectura crítica, seleccione la opción correcta.",Opción A para pregunta 838,Opción B para pregunta 838,Opción C para pregunta 838,Opción D para pregunta 838,C,Lectura crítica,Genérico,Genérica
"Pregunta 839: En el contexto de comunicación escrita, seleccione la opción correcta.",Opción A para pregunta 839,Opción B para pregunta 839,Opción C para pregunta 839,Opción D para pregunta 839,A,Comunicación escrita,Genérico,Genérica
"Pregunta 840: En el contexto de razonamiento cuantitativo, seleccione la opción correcta.",Opción A para pregunta 840,Opción B para pregunta 840,Opción C para pregunta 840,Opción D para pregunta 840,A,Razonamiento cuantitativo,Genérico,Genérica
"Pregunta 841: En el contexto de razonamiento cuantitativo, seleccione la opción correcta.",Opción A para pregunta 841,Opción B para pregunta 841,Opción C para pregunta 841,Opción D para pregunta 841,A,Razonamiento cuantitativo,Genérico,Genérica
"Pregunta 842: En el contexto de lectura crítica, seleccione la opción correcta.",Opción A para pregunta 842,Opción B para pregunta 842,Opción C para pregunta 842,Opción D para pregunta 842,D,Lectura crítica,Ciencias sociales,Específica
"Pregunta 843: En el contexto de lectura crítica, seleccione la opción correcta.",Opción A para pregunta 843,Opción B para pregunta 843,Opción C para pregunta 843,Opción D para pregunta 843,A,Lectura crítica,Educación,Específica
"Pregunta 844: En el contexto de inglés, seleccione la opción correcta.",Opción A para pregunta 844,Opción B para pregunta 844,Opción C para pregunta 844,Opción D para pregunta 844,A,Inglés,Administración,Específica
"Pregunta 845: En el contexto de razonamiento cuantitativo, seleccione la opción correcta.",Opción A para pregunta 845,Opción B para pregunta 845,Opción C para pregunta 845,Opción D para pregunta 845,B,Razonamiento cuantitativo,Educación,Específica
"Pregunta 846: En el contexto de comunicación escrita, seleccione la opción correcta.",Opción A para pregunta 846,Opción B para pregunta 846,Opción C para pregunta 846,Opción D para pregunta 846,C,Comunicación escrita,Genérico,Genérica
"Pregunta 847: En el contexto de competencias ciudadanas, seleccione la opción correcta.",Opción A para pregunta 847,Opción B para pregunta 847,Opción C para pregunta 847,Opción D para pregunta 847,C,Competencias ciudadanas,Administración,Específica
"Pregunta 848: En el contexto de comunicación escrita, seleccione la opción correcta.",Opción A para pregunta 848,Opción B para pregunta 848,Opción C para pregunta 848,Opción D para pregunta 848,C,Comunicación escrita,Educación,Específica
"Pregunta 849: En el contexto de lectura crítica, seleccione la opción correcta.",Opción A para pregunta 849,Opción B para pregunta 849,Opción C para pregunta 849,Opción D para pregunta 849,B,Lectura crítica,Educación,Específica
"Pregunta 850: En el contexto de lectura crítica, seleccione la opción correcta.",Opción A para pregunta 850,Opción B para pregunta 850,Opción C para pregunta 850,Opción D para pregunta 850,D,Lectura crítica,Ciencias sociales,Específica
"Pregunta 851: En el contexto de lectura crítica, seleccione la opción correcta.",Opción A para pregunta 851,Opción B para pregunta 851,Opción C para pregunta 851,Opción D para pregunta 851,D,Lectura crítica,Genérico,Genérica
"Pregunta 852: En el contexto de lectura crítica, seleccione la opción correcta.",Opción A para pregunta 852,Opción B para pregunta 852,Opción C para pregunta 852,Opción D para pregunta 852,A,Lectura crítica,Genérico,Genérica
"Pregunta 853: En el contexto de inglés, seleccione la opción correcta.",Opción A para pregunta 853,Opción B para pregunta 853,Opción C para pregunta 853,Opción D para pregunta 853,A,Inglés,Ingeniería,Específica
"Pregunta 854: En el contexto de lectura crítica, seleccione la opción correcta.",Opción A para pregunta 854,Opción B para pregunta 854,Opción C para pregunta 854,Opción D para pregunta 854,C,Lectura crítica,Genérico,Genérica
"Pregunta 855: En el contexto de lectura crítica, seleccione la opción correcta.",Opción A para pregunta 855,Opción B para pregunta 855,Opción C para pregunta 855,Opción D para pregunta 855,D,Lectura crítica,Genérico,Genérica
"Pregunta 856: En el contexto de inglés, seleccione la opción correcta.",Opción A para pregunta 856,Opción B para pregunta 856,Opción C para pregunta 856,Opción D para pregunta 856,D,Inglés,Genérico,Genérica
"Pregunta 857: En el contexto de competencias ciudadanas, seleccione la opción correcta.",Opción A para pregunta 857,Opción B para pregunta 857,Opción C para pregunta 857,Opción D para pregunta 857,C,Competencias ciudadanas,Genérico,Genérica
"Pregunta 858: En el contexto de inglés, seleccione la opción correcta.",Opción A para pregunta 858,Opción B para pregunta 858,Opción C para pregunta 858,Opción D para pregunta 858,B,Inglés,Genérico,Genérica
"Pregunta 859: En el contexto de comunicación escrita, seleccione la opción correcta.",Opción A para pregunta 859,Opción B para pregunta 859,Opción C para pregunta 859,Opción D para pregunta 859,D,Comunicación escrita,Educación,Específica
"Pregunta 860: En el contexto de comunicación escrita, seleccione la opción correcta.",Opción A para pregunta 860,Opción B para pregunta 860,Opción C para pregunta 860,Opción D para pregunta 860,A,Comunicación escrita,Genérico,Genérica
"Pregunta 861: En el contexto de inglés, seleccione la opción correcta.",Opción A para pregunta 861,Opción B para pregunta 861,Opción C para pregunta 861,Opción D para pregunta 861,D,Inglés,Genérico,Genérica
"Pregunta 862: En el contexto de comunicación escrita, seleccione la opción correcta.",Opción A para pregunta 862,Opción B para pregunta 862,Opción C para pregunta 862,Opción D para pregunta 862,B,Comunicación escrita,Genérico,Genérica
"Pregunta 863: En el contexto de comunicación escrita, seleccione la opción correcta.",Opción A para pregunta 863,Opción B para pregunta 863,Opción C para pregunta 863,Opción D para pregunta 863,A,Comunicación escrita,Genérico,Genérica
"Pregunta 864: En el contexto de comunicación escrita, seleccione la opción correcta.",Opción A para pregunta 864,Opción B para pregunta 864,Opción C para pregunta 864,Opción D para pregunta 864,A,Comunicación escrita,Genérico,Genérica
"Pregunta 865: En el contexto de lectura crítica, seleccione la opción correcta.",Opción A para pregunta 865,Opción B para pregunta 865,Opción C para pregunta 865,Opción D para pregunta 865,A,Lectura crítica,Salud,Específica
"Pregunta 866: En el contexto de competencias ciudadanas, seleccione la opción correcta.",Opción A para pregunta 866,Opción B para pregunta 866,Opción C para pregunta 866,Opción D para pregunta 866,D,Competencias ciudadanas,Administración,Específica
"Pregunta 867: En el contexto de lectura crítica, seleccione la opción correcta.",Opción A para pregunta 867,Opción B para pregunta 867,Opción C para pregunta 867,Opción D para pregunta 867,B,Lectura crítica,Genérico,Genérica
"Pregunta 868: En el contexto de competencias ciudadanas, seleccione la opción correcta.",Opción A para pregunta 868,Opción B para pregunta 868,Opción C para pregunta 868,Opción D para pregunta 868,B,Competencias ciudadanas,Genérico,Genérica
"Pregunta 869: En el contexto de competencias ciudadanas, seleccione la opción correcta.",Opción A para pregunta 869,Opción B para pregunta 869,Opción C para pregunta 869,Opción D para pregunta 869,A,Competencias ciudadanas,Genérico,Genérica
"Pregunta 870: En el contexto de razonamiento cuantitativo, seleccione la opción correcta.",Opción A para pregunta 870,Opción B para pregunta 870,Opción C para pregunta 870,Opción D para pregunta 870,B,Razonamiento cuantitativo,Genérico,Genérica
"Pregunta 871: En el contexto de inglés, seleccione la opción correcta.",Opción A para pregunta 871,Opción B para pregunta 871,Opción C para pregunta 871,Opción D para pregunta 871,B,Inglés,Educación,Específica
"Pregunta 872: En el contexto de competencias ciudadanas, seleccione la opción correcta.",Opción A para pregunta 872,Opción B para pregunta 872,Opción C para pregunta 872,Opción D para pregunta 872,C,Competencias ciudadanas,Administración,Específica
"Pregunta 873: En el contexto de inglés, seleccione la opción correcta.",Opción A para pregunta 873,Opción B para pregunta 873,Opción C para pregunta 873,Opción D para pregunta 873,D,Inglés,Ciencias sociales,Específica
"Pregunta 874: En el contexto de comunicación escrita, seleccione la opción correcta.",Opción A para pregunta 874,Opción B para pregunta 874,Opción C para pregunta 874,Opción D para pregunta 874,A,Comunicación escrita,Salud,Específica
"Pregunta 875: En el contexto de lectura crítica, seleccione la opción correcta.",Opción A para pregunta 875,Opción B para pregunta 875,Opción C para pregunta 875,Opción D para pregunta 875,D,Lectura crítica,Genérico,Genérica
"Pregunta 876: En el contexto de competencias ciudadanas, seleccione la opción correcta.",Opción A para pregunta 876,Opción B para pregunta 876,Opción C para pregunta 876,Opción D para pregunta 876,A,Competencias ciudadanas,Salud,Específica
"Pregunta 877: En el contexto de comunicación escrita, seleccione la opción correcta.",Opción A para pregunta 877,Opción B para pregunta 877,Opción C para pregunta 877,Opción D para pregunta 877,B,Comunicación escrita,Genérico,Genérica
"Pregunta 878: En el contexto de inglés, seleccione la opción correcta.",Opción A para pregunta 878,Opción B para pregunta 878,Opción C para pregunta 878,Opción D para pregunta 878,B,Inglés,Educación,Específica
"Pregunta 879: En el contexto de inglés, seleccione la opción correcta.",Opción A para pregunta 879,Opción B para pregunta 879,Opción C para pregunta 879,Opción D para pregunta 879,A,Inglés,Ingeniería,Específica
"Pregunta 880: En el contexto de lectura crítica, seleccione la opción correcta.",Opción A para pregunta 880,Opción B para pregunta 880,Opción C para pregunta 880,Opción D para pregunta 880,D,Lectura crítica,Ingeniería,Específica
"Pregunta 881: En el contexto de inglés, seleccione la opción correcta.",Opción A para pregunta 881,Opción B para pregunta 881,Opción C para pregunta 881,Opción D para pregunta 881,D,Inglés,Genérico,Genérica
"Pregunta 882: En el contexto de lectura crítica, seleccione la opción correcta.",Opción A para pregunta 882,Opción B para pregunta 882,Opción C para pregunta 882,Opción D para pregunta 882,B,Lectura crítica,Ingeniería,Específica
"Pregunta 883: En el contexto de lectura crítica, seleccione la opción correcta.",Opción A para pregunta 883,Opción B para pregunta 883,Opción C para pregunta 883,Opción D para pregunta 883,A,Lectura crítica,Genérico,Genérica
"Pregunta 884: En el contexto de comunicación escrita, seleccione la opción correcta.",Opción A para pregunta 884,Opción B para pregunta 884,Opción C para pregunta 884,Opción D para pregunta 884,C,Comunicación escrita,Genérico,Genérica
"Pregunta 885: En el contexto de lectura crítica, seleccione la opción correcta.",Opción A para pregunta 885,Opción B para pregunta 885,Opción C para pregunta 885,Opción D para pregunta 885,D,Lectura crítica,Salud,Específica
"Pregunta 886: En el contexto de lectura crítica, seleccione la opción correcta.",Opción A para pregunta 886,Opción B para pregunta 886,Opción C para pregunta 886,Opción D para pregunta 886,A,Lectura crítica,Educación,Específica
"Pregunta 887: En el contexto de razonamiento cuantitativo, seleccione la opción correcta.",Opción A para pregunta 887,Opción B para pregunta 887,Opción C para pregunta 887,Opción D para pregunta 887,D,Razonamiento cuantitativo,Genérico,Genérica
"Pregunta 888: En el contexto de comunicación escrita, seleccione la opción correcta.",Opción A para pregunta 888,Opción B para pregunta 888,Opción C para pregunta 888,Opción D para pregunta 888,A,Comunicación escrita,Genérico,Genérica
"Pregunta 889: En el contexto de competencias ciudadanas, seleccione la opción correcta.",Opción A para pregunta 889,Opción B para pregunta 889,Opción C para pregunta 889,Opción D para pregunta 889,A,Competencias ciudadanas,Genérico,Genérica
"Pregunta 890: En el contexto de razonamiento cuantitativo, seleccione la opción correcta.",Opción A para pregunta 890,Opción B para pregunta 890,Opción C para pregunta 890,Opción D para pregunta 890,D,Razonamiento cuantitativo,Genérico,Genérica
"Pregunta 891: En el contexto de inglés, seleccione la opción correcta.",Opción A para pregunta 891,Opción B para pregunta 891,Opción C para pregunta 891,Opción D para pregunta 891,D,Inglés,Ciencias sociales,Específica
"Pregunta 892: En el contexto de razonamiento cuantitativo, seleccione la opción correcta.",Opción A para pregunta 892,Opción B para pregunta 892,Opción C para pregunta 892,Opción D para pregunta 892,B,Razonamiento cuantitativo,Genérico,Genérica
"Pregunta 893: En el contexto de lectura crítica, seleccione la opción correcta.",Opción A para pregunta 893,Opción B para pregunta 893,Opción C para pregunta 893,Opción D para pregunta 893,B,Lectura crítica,Ciencias sociales,Específica
"Pregunta 894: En el contexto de lectura crítica, seleccione la opción correcta.",Opción A para pregunta 894,Opción B para pregunta 894,Opción C para pregunta 894,Opción D para pregunta 894,B,Lectura crítica,Genérico,Genérica
"Pregunta 895: En el contexto de competencias ciudadanas, seleccione la opción correcta.",Opción A para pregunta 895,Opción B para pregunta 895,Opción C para pregunta 895,Opción D para pregunta 895,D,Competencias ciudadanas,Educación,Específica
"Pregunta 896: En el contexto de lectura crítica, seleccione la opción correcta.",Opción A para pregunta 896,Opción B para pregunta 896,Opción C para pregunta 896,Opción D para pregunta 896,A,Lectura crítica,Genérico,Genérica
"Pregunta 897: En el contexto de comunicación escrita, seleccione la opción correcta.",Opción A para pregunta 897,Opción B para pregunta 897,Opción C para pregunta 897,Opción D para pregunta 897,B,Comunicación escrita,Educación,Específica
"Pregunta 898: En el contexto de competencias ciudadanas, seleccione la opción correcta.",Opción A para pregunta 898,Opción B para pregunta 898,Opción C para pregunta 898,Opción D para pregunta 898,A,Competencias ciudadanas,Educación,Específica
"Pregunta 899: En el contexto de lectura crítica, seleccione la opción correcta.",Opción A para pregunta 899,Opción B para pregunta 899,Opción C para pregunta 899,Opción D para pregunta 899,A,Lectura crítica,Educación,Específica
"Pregunta 900: En el contexto de inglés, seleccione la opción correcta.",Opción A para pregunta 900,Opción B para pregunta 900,Opción C para pregunta 900,Opción D para pregunta 900,B,Inglés,Genérico,Genérica
"Pregunta 901: En el contexto de inglés, seleccione la opción correcta.",Opción A para pregunta 901,Opción B para pregunta 901,Opción C para pregunta 901,Opción D para pregunta 901,C,Inglés,Genérico,Genérica
"Pregunta 902: En el contexto de inglés, seleccione la opción correcta.",Opción A para pregunta 902,Opción B para pregunta 902,Opción C para pregunta 902,Opción D para pregunta 902,A,Inglés,Genérico,Genérica
"Pregunta 903: En el contexto de comunicación escrita, seleccione la opción correcta.",Opción A para pregunta 903,Opción B para pregunta 903,Opción C para pregunta 903,Opción D para pregunta 903,C,Comunicación escrita,Ingeniería,Específica
"Pregunta 904: En el contexto de comunicación escrita, seleccione la opción correcta.",Opción A para pregunta 904,Opción B para pregunta 904,Opción C para pregunta 904,Opción D para pregunta 904,C,Comunicación escrita,Genérico,Genérica
"Pregunta 905: En el contexto de inglés, seleccione la opción correcta.",Opción A para pregunta 905,Opción B para pregunta 905,Opción C para pregunta 905,Opción D para pregunta 905,C,Inglés,Ciencias sociales,Específica
"Pregunta 906: En el contexto de comunicación escrita, seleccione la opción correcta.",Opción A para pregunta 906,Opción B para pregunta 906,Opción C para pregunta 906,Opción D para pregunta 906,D,Comunicación escrita,Genérico,Genérica
"Pregunta 907: En el contexto de razonamiento cuantitativo, seleccione la opción correcta.",Opción A para pregunta 907,Opción B para pregunta 907,Opción C para pregunta 907,Opción D para pregunta 907,D,Razonamiento cuantitativo,Ingeniería,Específica
"Pregunta 908: En el contexto de inglés, seleccione la opción correcta.",Opción A para pregunta 908,Opción B para pregunta 908,Opción C para pregunta 908,Opción D para pregunta 908,B,Inglés,Ciencias sociales,Específica
"Pregunta 909: En el contexto de razonamiento cuantitativo, seleccione la opción correcta.",Opción A para pregunta 909,Opción B para pregunta 909,Opción C para pregunta 909,Opción D para pregunta 909,B,Razonamiento cuantitativo,Genérico,Genérica
"Pregunta 910: En el contexto de inglés, seleccione la opción correcta.",Opción A para pregunta 910,Opción B para pregunta 910,Opción C para pregunta 910,Opción D para pregunta 910,C,Inglés,Genérico,Genérica
"Pregunta 911: En el contexto de comunicación escrita, seleccione la opción correcta.",Opción A para pregunta 911,Opción B para pregunta 911,Opción C para pregunta 911,Opción D para pregunta 911,C,Comunicación escrita,Genérico,Genérica
"Pregunta 912: En el contexto de lectura crítica, seleccione la opción correcta.",Opción A para pregunta 912,Opción B para pregunta 912,Opción C para pregunta 912,Opción D para pregunta 912,A,Lectura crítica,Genérico,Genérica
"Pregunta 913: En el contexto de lectura crítica, seleccione la opción correcta.",Opción A para pregunta 913,Opción B para pregunta 913,Opción C para pregunta 913,Opción D para pregunta 913,C,Lectura crítica,Genérico,Genérica
"Pregunta 914: En el contexto de comunicación escrita, seleccione la opción correcta.",Opción A para pregunta 914,Opción B para pregunta 914,Opción C para pregunta 914,Opción D para pregunta 914,B,Comunicación escrita,Genérico,Genérica
"Pregunta 915: En el contexto de lectura crítica, seleccione la opción correcta.",Opción A para pregunta 915,Opción B para pregunta 915,Opción C para pregunta 915,Opción D para pregunta 915,C,Lectura crítica,Genérico,Genérica
"Pregunta 916: En el contexto de lectura crítica, seleccione la opción correcta.",Opción A para pregunta 916,Opción B para pregunta 916,Opción C para pregunta 916,Opción D para pregunta 916,A,Lectura crítica,Genérico,Genérica
"Pregunta 917: En el contexto de competencias ciudadanas, seleccione la opción correcta.",Opción A para pregunta 917,Opción B para pregunta 917,Opción C para pregunta 917,Opción D para pregunta 917,B,Competencias ciudadanas,Genérico,Genérica
"Pregunta 918: En el contexto de comunicación escrita, seleccione la opción correcta.",Opción A para pregunta 918,Opción B para pregunta 918,Opción C para pregunta 918,Opción D para pregunta 918,A,Comunicación escrita,Administración,Específica
"Pregunta 919: En el contexto de inglés, seleccione la opción correcta.",Opción A para pregunta 919,Opción B para pregunta 919,Opción C para pregunta 919,Opción D para pregunta 919,D,Inglés,Ingeniería,Específica
"Pregunta 920: En el contexto de comunicación escrita, seleccione la opción correcta.",Opción A para pregunta 920,Opción B para pregunta 920,Opción C para pregunta 920,Opción D para pregunta 920,A,Comunicación escrita,Ingeniería,Específica
"Pregunta 921: En el contexto de inglés, seleccione la opción correcta.",Opción A para pregunta 921,Opción B para pregunta 921,Opción C para pregunta 921,Opción D para pregunta 921,A,Inglés,Genérico,Genérica
"Pregunta 922: En el contexto de lectura crítica, seleccione la opción correcta.",Opción A para pregunta 922,Opción B para pregunta 922,Opción C para pregunta 922,Opción D para pregunta 922,C,Lectura crítica,Administración,Específica
"Pregunta 923: En el contexto de razonamiento cuantitativo, seleccione la opción correcta.",Opción A para pregunta 923,Opción B para pregunta 923,Opción C para pregunta 923,Opción D para pregunta 923,D,Razonamiento cuantitativo,Administración,Específica
"Pregunta 924: En el contexto de lectura crítica, seleccione la opción correcta.",Opción A para pregunta 924,Opción B para pregunta 924,Opción C para pregunta 924,Opción D para pregunta 924,C,Lectura crítica,Ciencias sociales,Específica
"Pregunta 925: En el contexto de comunicación escrita, seleccione la opción correcta.",Opción A para pregunta 925,Opción B para pregunta 925,Opción C para pregunta 925,Opción D para pregunta 925,D,Comunicación escrita,Genérico,Genérica
"Pregunta 926: En el contexto de comunicación escrita, seleccione la opción correcta.",Opción A para pregunta 926,Opción B para pregunta 926,Opción C para pregunta 926,Opción D para pregunta 926,C,Comunicación escrita,Ciencias sociales,Específica
"Pregunta 927: En el contexto de competencias ciudadanas, seleccione la opción correcta.",Opción A para pregunta 927,Opción B para pregunta 927,Opción C para pregunta 927,Opción D para pregunta 927,A,Competencias ciudadanas,Genérico,Genérica
"Pregunta 928: En el contexto de lectura crítica, seleccione la opción correcta.",Opción A para pregunta 928,Opción B para pregunta 928,Opción C para pregunta 928,Opción D para pregunta 928,D,Lectura crítica,Genérico,Genérica
"Pregunta 929: En el contexto de inglés, seleccione la opción correcta.",Opción A para pregunta 929,Opción B para pregunta 929,Opción C para pregunta 929,Opción D para pregunta 929,B,Inglés,Ciencias sociales,Específica
"Pregunta 930: En el contexto de comunicación escrita, seleccione la opción correcta.",Opción A para pregunta 930,Opción B para pregunta 930,Opción C para pregunta 930,Opción D para pregunta 930,B,Comunicación escrita,Salud,Específica
"Pregunta 931: En el contexto de competencias ciudadanas, seleccione la opción correcta.",Opción A para pregunta 931,Opción B para pregunta 931,Opción C para pregunta 931,Opción D para pregunta 931,B,Competencias ciudadanas,Genérico,Genérica
"Pregunta 932: En el contexto de comunicación escrita, seleccione la opción correcta.",Opción A para pregunta 932,Opción B para pregunta 932,Opción C para pregunta 932,Opción D para pregunta 932,D,Comunicación escrita,Genérico,Genérica
"Pregunta 933: En el contexto de inglés, seleccione la opción correcta.",Opción A para pregunta 933,Opción B para pregunta 933,Opción C para pregunta 933,Opción D para pregunta 933,D,Inglés,Genérico,Genérica
"Pregunta 934: En el contexto de lectura crítica, seleccione la opción correcta.",Opción A para pregunta 934,Opción B para pregunta 934,Opción C para pregunta 934,Opción D para pregunta 934,A,Lectura crítica,Ciencias sociales,Específica
"Pregunta 935: En el contexto de lectura crítica, seleccione la opción correcta.",Opción A para pregunta 935,Opción B para pregunta 935,Opción C para pregunta 935,Opción D para pregunta 935,A,Lectura crítica,Administración,Específica
"Pregunta 936: En el contexto de comunicación escrita, seleccione la opción correcta.",Opción A para pregunta 936,Opción B para pregunta 936,Opción C para pregunta 936,Opción D para pregunta 936,D,Comunicación escrita,Ciencias sociales,Específica
"Pregunta 937: En el contexto de razonamiento cuantitativo, seleccione la opción correcta.",Opción A para pregunta 937,Opción B para pregunta 937,Opción C para pregunta 937,Opción D para pregunta 937,A,Razonamiento cuantitativo,Genérico,Genérica
"Pregunta 938: En el contexto de competencias ciudadanas, seleccione la opción correcta.",Opción A para pregunta 938,Opción B para pregunta 938,Opción C para pregunta 938,Opción D para pregunta 938,B,Competencias ciudadanas,Educación,Específica
"Pregunta 939: En el contexto de inglés, seleccione la opción correcta.",Opción A para pregunta 939,Opción B para pregunta 939,Opción C para pregunta 939,Opción D para pregunta 939,D,Inglés,Genérico,Genérica
"Pregunta 940: En el contexto de razonamiento cuantitativo, seleccione la opción correcta.",Opción A para pregunta 940,Opción B para pregunta 940,Opción C para pregunta 940,Opción D para pregunta 940,B,Razonamiento cuantitativo,Genérico,Genérica
"Pregunta 941: En el contexto de comunicación escrita, seleccione la opción correcta.",Opción A para pregunta 941,Opción B para pregunta 941,Opción C para pregunta 941,Opción D para pregunta 941,D,Comunicación escrita,Administración,Específica
"Pregunta 942: En el contexto de lectura crítica, seleccione la opción correcta.",Opción A para pregunta 942,Opción B para pregunta 942,Opción C para pregunta 942,Opción D para pregunta 942,C,Lectura crítica,Ciencias sociales,Específica
"Pregunta 943: En el contexto de competencias ciudadanas, seleccione la opción correcta.",Opción A para pregunta 943,Opción B para pregunta 943,Opción C para pregunta 943,Opción D para pregunta 943,B,Competencias ciudadanas,Administración,Específica
"Pregunta 944: En el contexto de razonamiento cuantitativo, seleccione la opción correcta.",Opción A para pregunta 944,Opción B para pregunta 944,Opción C para pregunta 944,Opción D para pregunta 944,C,Razonamiento cuantitativo,Genérico,Genérica
"Pregunta 945: En el contexto de comunicación escrita, seleccione la opción correcta.",Opción A para pregunta 945,Opción B para pregunta 945,Opción C para pregunta 945,Opción D para pregunta 945,B,Comunicación escrita,Genérico,Genérica
"Pregunta 946: En el contexto de competencias ciudadanas, seleccione la opción correcta.",Opción A para pregunta 946,Opción B para pregunta 946,Opción C para pregunta 946,Opción D para pregunta 946,B,Competencias ciudadanas,Genérico,Genérica
"Pregunta 947: En el contexto de inglés, seleccione la opción correcta.",Opción A para pregunta 947,Opción B para pregunta 947,Opción C para pregunta 947,Opción D para pregunta 947,D,Inglés,Genérico,Genérica
"Pregunta 948: En el contexto de comunicación escrita, seleccione la opción correcta.",Opción A para pregunta 948,Opción B para pregunta 948,Opción C para pregunta 948,Opción D para pregunta 948,B,Comunicación escrita,Genérico,Genérica
"Pregunta 949: En el contexto de lectura crítica, seleccione la opción correcta.",Opción A para pregunta 949,Opción B para pregunta 949,Opción C para pregunta 949,Opción D para pregunta 949,C,Lectura crítica,Genérico,Genérica
"Pregunta 950: En el contexto de inglés, seleccione la opción correcta.",Opción A para pregunta 950,Opción B para pregunta 950,Opción C para pregunta 950,Opción D para pregunta 950,A,Inglés,Educación,Específica
"Pregunta 951: En el contexto de comunicación escrita, seleccione la opción correcta.",Opción A para pregunta 951,Opción B para pregunta 951,Opción C para pregunta 951,Opción D para pregunta 951,D,Comunicación escrita,Genérico,Genérica
"Pregunta 952: En el contexto de competencias ciudadanas, seleccione la opción correcta.",Opción A para pregunta 952,Opción B para pregunta 952,Opción C para pregunta 952,Opción D para pregunta 952,D,Competencias ciudadanas,Administración,Específica
"Pregunta 953: En el contexto de comunicación escrita, seleccione la opción correcta.",Opción A para pregunta 953,Opción B para pregunta 953,Opción C para pregunta 953,Opción D para pregunta 953,B,Comunicación escrita,Ingeniería,Específica
"Pregunta 954: En el contexto de competencias ciudadanas, seleccione la opción correcta.",Opción A para pregunta 954,Opción B para pregunta 954,Opción C para pregunta 954,Opción D para pregunta 954,C,Competencias ciudadanas,Ingeniería,Específica
"Pregunta 955: En el contexto de inglés, seleccione la opción correcta.",Opción A para pregunta 955,Opción B para pregunta 955,Opción C para pregunta 955,Opción D para pregunta 955,B,Inglés,Genérico,Genérica
"Pregunta 956: En el contexto de lectura crítica, seleccione la opción correcta.",Opción A para pregunta 956,Opción B para pregunta 956,Opción C para pregunta 956,Opción D para pregunta 956,C,Lectura crítica,Genérico,Genérica
"Pregunta 957: En el contexto de razonamiento cuantitativo, seleccione la opción correcta.",Opción A para pregunta 957,Opción B para pregunta 957,Opción C para pregunta 957,Opción D para pregunta 957,D,Razonamiento cuantitativo,Educación,Específica
"Pregunta 958: En el contexto de competencias ciudadanas, seleccione la opción correcta.",Opción A para pregunta 958,Opción B para pregunta 958,Opción C para pregunta 958,Opción D para pregunta 958,A,Competencias ciudadanas,Genérico,Genérica
"Pregunta 959: En el contexto de comunicación escrita, seleccione la opción correcta.",Opción A para pregunta 959,Opción B para pregunta 959,Opción C para pregunta 959,Opción D para pregunta 959,C,Comunicación escrita,Genérico,Genérica
"Pregunta 960: En el contexto de competencias ciudadanas, seleccione la opción correcta.",Opción A para pregunta 960,Opción B para pregunta 960,Opción C para pregunta 960,Opción D para pregunta 960,B,Competencias ciudadanas,Genérico,Genérica
"Pregunta 961: En el contexto de razonamiento cuantitativo, seleccione la opción correcta.",Opción A para pregunta 961,Opción B para pregunta 961,Opción C para pregunta 961,Opción D para pregunta 961,B,Razonamiento cuantitativo,Genérico,Genérica
"Pregunta 962: En el contexto de lectura crítica, seleccione la opción correcta.",Opción A para pregunta 962,Opción B para pregunta 962,Opción C para pregunta 962,Opción D para pregunta 962,B,Lectura crítica,Genérico,Genérica
"Pregunta 963: En el contexto de razonamiento cuantitativo, seleccione la opción correcta.",Opción A para pregunta 963,Opción B para pregunta 963,Opción C para pregunta 963,Opción D para pregunta 963,D,Razonamiento cuantitativo,Ingeniería,Específica
"Pregunta 964: En el contexto de inglés, seleccione la opción correcta.",Opción A para pregunta 964,Opción B para pregunta 964,Opción C para pregunta 964,Opción D para pregunta 964,A,Inglés,Genérico,Genérica
"Pregunta 965: En el contexto de comunicación escrita, seleccione la opción correcta.",Opción A para pregunta 965,Opción B para pregunta 965,Opción C para pregunta 965,Opción D para pregunta 965,B,Comunicación escrita,Educación,Específica
"Pregunta 966: En el contexto de razonamiento cuantitativo, seleccione la opción correcta.",Opción A para pregunta 966,Opción B para pregunta 966,Opción C para pregunta 966,Opción D para pregunta 966,C,Razonamiento cuantitativo,Genérico,Genérica
"Pregunta 967: En el contexto de razonamiento cuantitativo, seleccione la opción correcta.",Opción A para pregunta 967,Opción B para pregunta 967,Opción C para pregunta 967,Opción D para pregunta 967,B,Razonamiento cuantitativo,Administración,Específica
"Pregunta 968: En el contexto de lectura crítica, seleccione la opción correcta.",Opción A para pregunta 968,Opción B para pregunta 968,Opción C para pregunta 968,Opción D para pregunta 968,C,Lectura crítica,Administración,Específica
"Pregunta 969: En el contexto de inglés, seleccione la opción correcta.",Opción A para pregunta 969,Opción B para pregunta 969,Opción C para pregunta 969,Opción D para pregunta 969,D,Inglés,Genérico,Genérica
"Pregunta 970: En el contexto de razonamiento cuantitativo, seleccione la opción correcta.",Opción A para pregunta 970,Opción B para pregunta 970,Opción C para pregunta 970,Opción D para pregunta 970,B,Razonamiento cuantitativo,Genérico,Genérica
"Pregunta 971: En el contexto de competencias ciudadanas, seleccione la opción correcta.",Opción A para pregunta 971,Opción B para pregunta 971,Opción C para pregunta 971,Opción D para pregunta 971,D,Competencias ciudadanas,Ciencias sociales,Específica
"Pregunta 972: En el contexto de razonamiento cuantitativo, seleccione la opción correcta.",Opción A para pregunta 972,Opción B para pregunta 972,Opción C para pregunta 972,Opción D para pregunta 972,B,Razonamiento cuantitativo,Administración,Específica
"Pregunta 973: En el contexto de razonamiento cuantitativo, seleccione la opción correcta.",Opción A para pregunta 973,Opción B para pregunta 973,Opción C para pregunta 973,Opción D para pregunta 973,C,Razonamiento cuantitativo,Ciencias sociales,Específica
"Pregunta 974: En el contexto de lectura crítica, seleccione la opción correcta.",Opción A para pregunta 974,Opción B para pregunta 974,Opción C para pregunta 974,Opción D para pregunta 974,B,Lectura crítica,Salud,Específica
"Pregunta 975: En el contexto de comunicación escrita, seleccione la opción correcta.",Opción A para pregunta 975,Opción B para pregunta 975,Opción C para pregunta 975,Opción D para pregunta 975,A,Comunicación escrita,Ciencias sociales,Específica
"Pregunta 976: En el contexto de competencias ciudadanas, seleccione la opción correcta.",Opción A para pregunta 976,Opción B para pregunta 976,Opción C para pregunta 976,Opción D para pregunta 976,D,Competencias ciudadanas,Ingeniería,Específica
"Pregunta 977: En el contexto de inglés, seleccione la opción correcta.",Opción A para pregunta 977,Opción B para pregunta 977,Opción C para pregunta 977,Opción D para pregunta 977,B,Inglés,Genérico,Genérica
"Pregunta 978: En el contexto de inglés, seleccione la opción correcta.",Opción A para pregunta 978,Opción B para pregunta 978,Opción C para pregunta 978,Opción D para pregunta 978,A,Inglés,Genérico,Genérica
"Pregunta 979: En el contexto de comunicación escrita, seleccione la opción correcta.",Opción A para pregunta 979,Opción B para pregunta 979,Opción C para pregunta 979,Opción D para pregunta 979,D,Comunicación escrita,Genérico,Genérica
"Pregunta 980: En el contexto de lectura crítica, seleccione la opción correcta.",Opción A para pregunta 980,Opción B para pregunta 980,Opción C para pregunta 980,Opción D para pregunta 980,D,Lectura crítica,Ciencias sociales,Específica
"Pregunta 981: En el contexto de comunicación escrita, seleccione la opción correcta.",Opción A para pregunta 981,Opción B para pregunta 981,Opción C para pregunta 981,Opción D para pregunta 981,A,Comunicación escrita,Genérico,Genérica
"Pregunta 982: En el contexto de lectura crítica, seleccione la opción correcta.",Opción A para pregunta 982,Opción B para pregunta 982,Opción C para pregunta 982,Opción D para pregunta 982,A,Lectura crítica,Genérico,Genérica
"Pregunta 983: En el contexto de inglés, seleccione la opción correcta.",Opción A para pregunta 983,Opción B para pregunta 983,Opción C para pregunta 983,Opción D para pregunta 983,B,Inglés,Ciencias sociales,Específica
"Pregunta 984: En el contexto de razonamiento cuantitativo, seleccione la opción correcta.",Opción A para pregunta 984,Opción B para pregunta 984,Opción C para pregunta 984,Opción D para pregunta 984,C,Razonamiento cuantitativo,Salud,Específica
"Pregunta 985: En el contexto de lectura crítica, seleccione la opción correcta.",Opción A para pregunta 985,Opción B para pregunta 985,Opción C para pregunta 985,Opción D para pregunta 985,B,Lectura crítica,Administración,Específica
"Pregunta 986: En el contexto de comunicación escrita, seleccione la opción correcta.",Opción A para pregunta 986,Opción B para pregunta 986,Opción C para pregunta 986,Opción D para pregunta 986,B,Comunicación escrita,Salud,Específica
"Pregunta 987: En el contexto de competencias ciudadanas, seleccione la opción correcta.",Opción A para pregunta 987,Opción B para pregunta 987,Opción C para pregunta 987,Opción D para pregunta 987,D,Competencias ciudadanas,Genérico,Genérica
"Pregunta 988: En el contexto de inglés, seleccione la opción correcta.",Opción A para pregunta 988,Opción B para pregunta 988,Opción C para pregunta 988,Opción D para pregunta 988,A,Inglés,Genérico,Genérica
"Pregunta 989: En el contexto de competencias ciudadanas, seleccione la opción correcta.",Opción A para pregunta 989,Opción B para pregunta 989,Opción C para pregunta 989,Opción D para pregunta 989,D,Competencias ciudadanas,Genérico,Genérica
"Pregunta 990: En el contexto de razonamiento cuantitativo, seleccione la opción correcta.",Opción A para pregunta 990,Opción B para pregunta 990,Opción C para pregunta 990,Opción D para pregunta 990,C,Razonamiento cuantitativo,Genérico,Genérica
"Pregunta 991: En el contexto de inglés, seleccione la opción correcta.",Opción A para pregunta 991,Opción B para pregunta 991,Opción C para pregunta 991,Opción D para pregunta 991,D,Inglés,Ingeniería,Específica
"Pregunta 992: En el contexto de competencias ciudadanas, seleccione la opción correcta.",Opción A para pregunta 992,Opción B para pregunta 992,Opción C para pregunta 992,Opción D para pregunta 992,A,Competencias ciudadanas,Genérico,Genérica
"Pregunta 993: En el contexto de razonamiento cuantitativo, seleccione la opción correcta.",Opción A para pregunta 993,Opción B para pregunta 993,Opción C para pregunta 993,Opción D para pregunta 993,D,Razonamiento cuantitativo,Genérico,Genérica
"Pregunta 994: En el contexto de comunicación escrita, seleccione la opción correcta.",Opción A para pregunta 994,Opción B para pregunta 994,Opción C para pregunta 994,Opción D para pregunta 994,C,Comunicación escrita,Administración,Específica
"Pregunta 995: En el contexto de inglés, seleccione la opción correcta.",Opción A para pregunta 995,Opción B para pregunta 995,Opción C para pregunta 995,Opción D para pregunta 995,C,Inglés,Administración,Específica
"Pregunta 996: En el contexto de inglés, seleccione la opción correcta.",Opción A para pregunta 996,Opción B para pregunta 996,Opción C para pregunta 996,Opción D para pregunta 996,D,Inglés,Genérico,Genérica
"Pregunta 997: En el contexto de lectura crítica, seleccione la opción correcta.",Opción A para pregunta 997,Opción B para pregunta 997,Opción C para pregunta 997,Opción D para pregunta 997,A,Lectura crítica,Genérico,Genérica
"Pregunta 998: En el contexto de razonamiento cuantitativo, seleccione la opción correcta.",Opción A para pregunta 998,Opción B para pregunta 998,Opción C para pregunta 998,Opción D para pregunta 998,D,Razonamiento cuantitativo,Genérico,Genérica
"Pregunta 999: En el contexto de razonamiento cuantitativo, seleccione la opción correcta.",Opción A para pregunta 999,Opción B para pregunta 999,Opción C para pregunta 999,Opción D para pregunta 999,D,Razonamiento cuantitativo,Genérico,Genérica
"Pregunta 1000: En el contexto de competencias ciudadanas, seleccione la opción correcta.",Opción A para pregunta 1000,Opción B para pregunta 1000,Opción C para pregunta 1000,Opción D para pregunta 1000,B,Competencias ciudadanas,Genérico,Genérica
