componente,modulo,grupo_ref,tipo_prueba,enunciado,op_a,op_b,op_c,op_d,correcta
Lectura Crítica,Tecnología Educativa,Educación,especifica,"Lea y elija el mejor título. Fragmento: ""Los sistemas de salud afrontan retos de cobertura y calidad en zonas rurales.""",Retos de implementación tecnológica,Impacto social de la digitalización,Limitaciones del acceso remoto,Equilibrio entre innovación y formación,B
Lectura Crítica,Identificación de Tesis,Educación,generica,"Lea y elija el mejor título. Fragmento: ""La adopción de tecnología en educación superior mejora el acceso pero exige formación docente.""",Limitaciones del acceso remoto,Impacto social de la digitalización,Retos de implementación tecnológica,Equilibrio entre innovación y formación,C
Lectura Crítica,Interpretación Gráfica,Ingeniería,generica,"Lea y elija el mejor título. Fragmento: ""La adopción de tecnología en educación superior mejora el acceso pero exige formación docente.""",Retos de implementación tecnológica,Impacto social de la digitalización,Limitaciones del acceso remoto,Equilibrio entre innovación y formación,A
Lectura Crítica,Comprensión de Textos,Derecho,generica,"Lea y elija el mejor título. Fragmento: ""La adopción de tecnología en educación superior mejora el acceso pero exige formación docente.""",Retos de implementación tecnológica,Limitaciones del acceso remoto,Impacto social de la digitalización,Equilibrio entre innovación y formación,A
Lectura Crítica,Comprensión de Textos,Educación,generica,"Lea y elija el mejor título. Fragmento: ""Los sistemas de salud afrontan retos de cobertura y calidad en zonas rurales.""",Retos de implementación tecnológica,Equilibrio entre innovación y formación,Limitaciones del acceso remoto,Impacto social de la digitalización,D
Lectura Crítica,Identificación de Tesis,Ingeniería,generica,"Lea y elija el mejor título. Fragmento: ""La sostenibilidad empresarial requiere equilibrar rentabilidad con responsabilidad social.""",Retos de implementación tecnológica,Limitaciones del acceso remoto,Impacto social de la digitalización,Equilibrio entre innovación y formación,C
Lectura Crítica,Identificación de Tesis,Derecho,generica,"Lea y elija el mejor título. Fragmento: ""La sostenibilidad empresarial requiere equilibrar rentabilidad con responsabilidad social.""",Equilibrio entre innovación y formación,Impacto social de la digitalización,Retos de implementación tecnológica,Limitaciones del acceso remoto,B
Lectura Crítica,Derecho Civil,Derecho,especifica,"Lea y elija el mejor título. Fragmento: ""La sostenibilidad empresarial requiere equilibrar rentabilidad con responsabilidad social.""",Limitaciones del acceso remoto,Impacto social de la digitalización,Equilibrio entre innovación y formación,Retos de implementación tecnológica,B
Lectura Crítica,Interpretación Gráfica,Ingeniería,generica,"Lea y elija el mejor título. Fragmento: ""La sostenibilidad empresarial requiere equilibrar rentabilidad con responsabilidad social.""",Impacto social de la digitalización,Equilibrio entre innovación y formación,Retos de implementación tecnológica,Limitaciones del acceso remoto,A
Lectura Crítica,Identificación de Tesis,Ingeniería,generica,"Lea y elija el mejor título. Fragmento: ""La sostenibilidad empresarial requiere equilibrar rentabilidad con responsabilidad social.""",Equilibrio entre innovación y formación,Impacto social de la digitalización,Limitaciones del acceso remoto,Retos de implementación tecnológica,B
Lectura Crítica,Ingeniería de Software,Ingeniería,especifica,"Lea y elija el mejor título. Fragmento: ""Los sistemas de salud afrontan retos de cobertura y calidad en zonas rurales.""",Equilibrio entre innovación y formación,Limitaciones del acceso remoto,Retos de implementación tecnológica,Impacto social de la digitalización,D
Lectura Crítica,Interpretación Gráfica,Derecho,generica,"Lea y elija el mejor título. Fragmento: ""La adopción de tecnología en educación superior mejora el acceso pero exige formación docente.""",Limitaciones del acceso remoto,Impacto social de la digitalización,Retos de implementación tecnológica,Equilibrio entre innovación y formación,C
Lectura Crítica,Arquitectura de Computadores,Tecnología,especifica,"Lea y elija el mejor título. Fragmento: ""Los sistemas de salud afrontan retos de cobertura y calidad en zonas rurales.""",Equilibrio entre innovación y formación,Retos de implementación tecnológica,Limitaciones del acceso remoto,Impacto social de la digitalización,D
Lectura Crítica,Currículo,Educación,especifica,"Lea y elija el mejor título. Fragmento: ""La adopción de tecnología en educación superior mejora el acceso pero exige formación docente.""",Impacto social de la digitalización,Equilibrio entre innovación y formación,Retos de implementación tecnológica,Limitaciones del acceso remoto,C
Lectura Crítica,Comprensión de Textos,Derecho,generica,"Lea y elija el mejor título. Fragmento: ""La adopción de tecnología en educación superior mejora el acceso pero exige formación docente.""",Retos de implementación tecnológica,Limitaciones del acceso remoto,Equilibrio entre innovación y formación,Impacto social de la digitalización,A
Lectura Crítica,Interpretación Gráfica,Salud,generica,"Lea y elija el mejor título. Fragmento: ""La adopción de tecnología en educación superior mejora el acceso pero exige formación docente.""",Equilibrio entre innovación y formación,Impacto social de la digitalización,Limitaciones del acceso remoto,Retos de implementación tecnológica,D
Lectura Crítica,Identificación de Tesis,Derecho,generica,"Lea y elija el mejor título. Fragmento: ""La sostenibilidad empresarial requiere equilibrar rentabilidad con responsabilidad social.""",Equilibrio entre innovación y formación,Retos de implementación tecnológica,Limitaciones del acceso remoto,Impacto social de la digitalización,D
Lectura Crítica,Tecnología Educativa,Educación,especifica,"Lea y elija el mejor título. Fragmento: ""La adopción de tecnología en educación superior mejora el acceso pero exige formación docente.""",Limitaciones del acceso remoto,Impacto social de la digitalización,Equilibrio entre innovación y formación,Retos de implementación tecnológica,D
Lectura Crítica,Identificación de Tesis,Administración,generica,"Lea y elija el mejor título. Fragmento: ""La adopción de tecnología en educación superior mejora el acceso pero exige formación docente.""",Retos de implementación tecnológica,Equilibrio entre innovación y formación,Impacto social de la digitalización,Limitaciones del acceso remoto,A
Lectura Crítica,Identificación de Tesis,Educación,generica,"Lea y elija el mejor título. Fragmento: ""La sostenibilidad empresarial requiere equilibrar rentabilidad con responsabilidad social.""",Equilibrio entre innovación y formación,Retos de implementación tecnológica,Limitaciones del acceso remoto,Impacto social de la digitalización,D
Lectura Crítica,Logística,Administración,especifica,"Lea y elija el mejor título. Fragmento: ""Los sistemas de salud afrontan retos de cobertura y calidad en zonas rurales.""",Limitaciones del acceso remoto,Impacto social de la digitalización,Retos de implementación tecnológica,Equilibrio entre innovación y formación,B
Lectura Crítica,Comprensión de Textos,Salud,generica,"Lea y elija el mejor título. Fragmento: ""La sostenibilidad empresarial requiere equilibrar rentabilidad con responsabilidad social.""",Retos de implementación tecnológica,Impacto social de la digitalización,Equilibrio entre innovación y formación,Limitaciones del acceso remoto,B
Lectura Crítica,Sistemas Embebidos,Ingeniería,especifica,"Lea y elija el mejor título. Fragmento: ""La adopción de tecnología en educación superior mejora el acceso pero exige formación docente.""",Impacto social de la digitalización,Limitaciones del acceso remoto,Retos de implementación tecnológica,Equilibrio entre innovación y formación,C
Lectura Crítica,Identificación de Tesis,Ingeniería,generica,"Lea y elija el mejor título. Fragmento: ""Los sistemas de salud afrontan retos de cobertura y calidad en zonas rurales.""",Impacto social de la digitalización,Limitaciones del acceso remoto,Retos de implementación tecnológica,Equilibrio entre innovación y formación,A
Lectura Crítica,Análisis de Señales,Ingeniería,especifica,"Lea y elija el mejor título. Fragmento: ""La sostenibilidad empresarial requiere equilibrar rentabilidad con responsabilidad social.""",Equilibrio entre innovación y formación,Limitaciones del acceso remoto,Impacto social de la digitalización,Retos de implementación tecnológica,C
Lectura Crítica,Tecnología Educativa,Educación,especifica,"Lea y elija el mejor título. Fragmento: ""La adopción de tecnología en educación superior mejora el acceso pero exige formación docente.""",Limitaciones del acceso remoto,Impacto social de la digitalización,Retos de implementación tecnológica,Equilibrio entre innovación y formación,C
Lectura Crítica,Comprensión de Textos,Salud,generica,"Lea y elija el mejor título. Fragmento: ""La adopción de tecnología en educación superior mejora el acceso pero exige formación docente.""",Limitaciones del acceso remoto,Retos de implementación tecnológica,Impacto social de la digitalización,Equilibrio entre innovación y formación,B
Lectura Crítica,Identificación de Tesis,Tecnología,generica,"Lea y elija el mejor título. Fragmento: ""Los sistemas de salud afrontan retos de cobertura y calidad en zonas rurales.""",Impacto social de la digitalización,Retos de implementación tecnológica,Limitaciones del acceso remoto,Equilibrio entre innovación y formación,A
Lectura Crítica,Administración Financiera,Administración,especifica,"Lea y elija el mejor título. Fragmento: ""Los sistemas de salud afrontan retos de cobertura y calidad en zonas rurales.""",Retos de implementación tecnológica,Equilibrio entre innovación y formación,Limitaciones del acceso remoto,Impacto social de la digitalización,D
Lectura Crítica,Desarrollo Web,Tecnología,especifica,"Lea y elija el mejor título. Fragmento: ""La sostenibilidad empresarial requiere equilibrar rentabilidad con responsabilidad social.""",Impacto social de la digitalización,Equilibrio entre innovación y formación,Limitaciones del acceso remoto,Retos de implementación tecnológica,A
Lectura Crítica,Coherencia y Cohesión,Derecho,generica,"Lea y elija el mejor título. Fragmento: ""Los sistemas de salud afrontan retos de cobertura y calidad en zonas rurales.""",Limitaciones del acceso remoto,Equilibrio entre innovación y formación,Impacto social de la digitalización,Retos de implementación tecnológica,C
Lectura Crítica,Marketing,Administración,especifica,"Lea y elija el mejor título. Fragmento: ""La adopción de tecnología en educación superior mejora el acceso pero exige formación docente.""",Impacto social de la digitalización,Equilibrio entre innovación y formación,Retos de implementación tecnológica,Limitaciones del acceso remoto,C
Lectura Crítica,Sistemas Embebidos,Ingeniería,especifica,"Lea y elija el mejor título. Fragmento: ""La sostenibilidad empresarial requiere equilibrar rentabilidad con responsabilidad social.""",Equilibrio entre innovación y formación,Limitaciones del acceso remoto,Impacto social de la digitalización,Retos de implementación tecnológica,C
Lectura Crítica,Bioética,Salud,especifica,"Lea y elija el mejor título. Fragmento: ""La sostenibilidad empresarial requiere equilibrar rentabilidad con responsabilidad social.""",Retos de implementación tecnológica,Impacto social de la digitalización,Limitaciones del acceso remoto,Equilibrio entre innovación y formación,B
Lectura Crítica,Coherencia y Cohesión,Administración,generica,"Lea y elija el mejor título. Fragmento: ""La adopción de tecnología en educación superior mejora el acceso pero exige formación docente.""",Retos de implementación tecnológica,Equilibrio entre innovación y formación,Impacto social de la digitalización,Limitaciones del acceso remoto,A
Lectura Crítica,Bioética,Salud,especifica,"Lea y elija el mejor título. Fragmento: ""Los sistemas de salud afrontan retos de cobertura y calidad en zonas rurales.""",Retos de implementación tecnológica,Limitaciones del acceso remoto,Impacto social de la digitalización,Equilibrio entre innovación y formación,C
Lectura Crítica,Fisiología,Salud,especifica,"Lea y elija el mejor título. Fragmento: ""La sostenibilidad empresarial requiere equilibrar rentabilidad con responsabilidad social.""",Equilibrio entre innovación y formación,Impacto social de la digitalización,Limitaciones del acceso remoto,Retos de implementación tecnológica,B
Lectura Crítica,Sistemas Embebidos,Ingeniería,especifica,"Lea y elija el mejor título. Fragmento: ""La sostenibilidad empresarial requiere equilibrar rentabilidad con responsabilidad social.""",Retos de implementación tecnológica,Equilibrio entre innovación y formación,Impacto social de la digitalización,Limitaciones del acceso remoto,C
Lectura Crítica,Identificación de Tesis,Tecnología,generica,"Lea y elija el mejor título. Fragmento: ""La adopción de tecnología en educación superior mejora el acceso pero exige formación docente.""",Equilibrio entre innovación y formación,Limitaciones del acceso remoto,Impacto social de la digitalización,Retos de implementación tecnológica,D
Lectura Crítica,Interpretación Gráfica,Tecnología,generica,"Lea y elija el mejor título. Fragmento: ""Los sistemas de salud afrontan retos de cobertura y calidad en zonas rurales.""",Retos de implementación tecnológica,Limitaciones del acceso remoto,Equilibrio entre innovación y formación,Impacto social de la digitalización,D
Lectura Crítica,Comprensión de Textos,Ingeniería,generica,"Lea y elija el mejor título. Fragmento: ""Los sistemas de salud afrontan retos de cobertura y calidad en zonas rurales.""",Impacto social de la digitalización,Equilibrio entre innovación y formación,Limitaciones del acceso remoto,Retos de implementación tecnológica,A
Lectura Crítica,Identificación de Tesis,Administración,generica,"Lea y elija el mejor título. Fragmento: ""La sostenibilidad empresarial requiere equilibrar rentabilidad con responsabilidad social.""",Equilibrio entre innovación y formación,Limitaciones del acceso remoto,Impacto social de la digitalización,Retos de implementación tecnológica,C
Lectura Crítica,Identificación de Tesis,Educación,generica,"Lea y elija el mejor título. Fragmento: ""La adopción de tecnología en educación superior mejora el acceso pero exige formación docente.""",Equilibrio entre innovación y formación,Limitaciones del acceso remoto,Retos de implementación tecnológica,Impacto social de la digitalización,C
Lectura Crítica,Identificación de Tesis,Derecho,generica,"Lea y elija el mejor título. Fragmento: ""Los sistemas de salud afrontan retos de cobertura y calidad en zonas rurales.""",Impacto social de la digitalización,Limitaciones del acceso remoto,Retos de implementación tecnológica,Equilibrio entre innovación y formación,A
Lectura Crítica,Identificación de Tesis,Derecho,generica,"Lea y elija el mejor título. Fragmento: ""La adopción de tecnología en educación superior mejora el acceso pero exige formación docente.""",Impacto social de la digitalización,Equilibrio entre innovación y formación,Limitaciones del acceso remoto,Retos de implementación tecnológica,D
Lectura Crítica,Interpretación Gráfica,Derecho,generica,"Lea y elija el mejor título. Fragmento: ""La adopción de tecnología en educación superior mejora el acceso pero exige formación docente.""",Retos de implementación tecnológica,Impacto social de la digitalización,Limitaciones del acceso remoto,Equilibrio entre innovación y formación,A
Lectura Crítica,Comprensión de Textos,Educación,generica,"Lea y elija el mejor título. Fragmento: ""Los sistemas de salud afrontan retos de cobertura y calidad en zonas rurales.""",Retos de implementación tecnológica,Equilibrio entre innovación y formación,Impacto social de la digitalización,Limitaciones del acceso remoto,C
Lectura Crítica,Identificación de Tesis,Ingeniería,generica,"Lea y elija el mejor título. Fragmento: ""Los sistemas de salud afrontan retos de cobertura y calidad en zonas rurales.""",Equilibrio entre innovación y formación,Limitaciones del acceso remoto,Retos de implementación tecnológica,Impacto social de la digitalización,D
Lectura Crítica,Derecho Laboral,Derecho,especifica,"Lea y elija el mejor título. Fragmento: ""La sostenibilidad empresarial requiere equilibrar rentabilidad con responsabilidad social.""",Impacto social de la digitalización,Equilibrio entre innovación y formación,Limitaciones del acceso remoto,Retos de implementación tecnológica,A
Lectura Crítica,Interpretación Gráfica,Salud,generica,"Lea y elija el mejor título. Fragmento: ""La sostenibilidad empresarial requiere equilibrar rentabilidad con responsabilidad social.""",Retos de implementación tecnológica,Limitaciones del acceso remoto,Impacto social de la digitalización,Equilibrio entre innovación y formación,C
Lectura Crítica,Coherencia y Cohesión,Salud,generica,"Lea y elija el mejor título. Fragmento: ""La adopción de tecnología en educación superior mejora el acceso pero exige formación docente.""",Equilibrio entre innovación y formación,Limitaciones del acceso remoto,Impacto social de la digitalización,Retos de implementación tecnológica,D
Lectura Crítica,Identificación de Tesis,Administración,generica,"Lea y elija el mejor título. Fragmento: ""La sostenibilidad empresarial requiere equilibrar rentabilidad con responsabilidad social.""",Limitaciones del acceso remoto,Equilibrio entre innovación y formación,Impacto social de la digitalización,Retos de implementación tecnológica,C
Lectura Crítica,Fisiología,Salud,especifica,"Lea y elija el mejor título. Fragmento: ""Los sistemas de salud afrontan retos de cobertura y calidad en zonas rurales.""",Impacto social de la digitalización,Limitaciones del acceso remoto,Equilibrio entre innovación y formación,Retos de implementación tecnológica,A
Lectura Crítica,Interpretación Gráfica,Derecho,generica,"Lea y elija el mejor título. Fragmento: ""La adopción de tecnología en educación superior mejora el acceso pero exige formación docente.""",Limitaciones del acceso remoto,Equilibrio entre innovación y formación,Retos de implementación tecnológica,Impacto social de la digitalización,C
Lectura Crítica,Coherencia y Cohesión,Tecnología,generica,"Lea y elija el mejor título. Fragmento: ""Los sistemas de salud afrontan retos de cobertura y calidad en zonas rurales.""",Impacto social de la digitalización,Equilibrio entre innovación y formación,Retos de implementación tecnológica,Limitaciones del acceso remoto,A
Lectura Crítica,Coherencia y Cohesión,Salud,generica,"Lea y elija el mejor título. Fragmento: ""Los sistemas de salud afrontan retos de cobertura y calidad en zonas rurales.""",Retos de implementación tecnológica,Impacto social de la digitalización,Limitaciones del acceso remoto,Equilibrio entre innovación y formación,B
Lectura Crítica,Coherencia y Cohesión,Ingeniería,generica,"Lea y elija el mejor título. Fragmento: ""La adopción de tecnología en educación superior mejora el acceso pero exige formación docente.""",Impacto social de la digitalización,Equilibrio entre innovación y formación,Limitaciones del acceso remoto,Retos de implementación tecnológica,D
Lectura Crítica,Bioética,Salud,especifica,"Lea y elija el mejor título. Fragmento: ""La sostenibilidad empresarial requiere equilibrar rentabilidad con responsabilidad social.""",Equilibrio entre innovación y formación,Limitaciones del acceso remoto,Impacto social de la digitalización,Retos de implementación tecnológica,C
Lectura Crítica,Coherencia y Cohesión,Tecnología,generica,"Lea y elija el mejor título. Fragmento: ""La adopción de tecnología en educación superior mejora el acceso pero exige formación docente.""",Impacto social de la digitalización,Equilibrio entre innovación y formación,Limitaciones del acceso remoto,Retos de implementación tecnológica,D
Lectura Crítica,Didáctica,Educación,especifica,"Lea y elija el mejor título. Fragmento: ""La sostenibilidad empresarial requiere equilibrar rentabilidad con responsabilidad social.""",Retos de implementación tecnológica,Limitaciones del acceso remoto,Impacto social de la digitalización,Equilibrio entre innovación y formación,C
Lectura Crítica,Comprensión de Textos,Ingeniería,generica,"Lea y elija el mejor título. Fragmento: ""La sostenibilidad empresarial requiere equilibrar rentabilidad con responsabilidad social.""",Limitaciones del acceso remoto,Impacto social de la digitalización,Retos de implementación tecnológica,Equilibrio entre innovación y formación,B
Lectura Crítica,Didáctica,Educación,especifica,"Lea y elija el mejor título. Fragmento: ""Los sistemas de salud afrontan retos de cobertura y calidad en zonas rurales.""",Limitaciones del acceso remoto,Impacto social de la digitalización,Equilibrio entre innovación y formación,Retos de implementación tecnológica,B
Lectura Crítica,Identificación de Tesis,Educación,generica,"Lea y elija el mejor título. Fragmento: ""La sostenibilidad empresarial requiere equilibrar rentabilidad con responsabilidad social.""",Retos de implementación tecnológica,Equilibrio entre innovación y formación,Limitaciones del acceso remoto,Impacto social de la digitalización,D
Lectura Crítica,Identificación de Tesis,Educación,generica,"Lea y elija el mejor título. Fragmento: ""La sostenibilidad empresarial requiere equilibrar rentabilidad con responsabilidad social.""",Limitaciones del acceso remoto,Retos de implementación tecnológica,Equilibrio entre innovación y formación,Impacto social de la digitalización,D
Lectura Crítica,Identificación de Tesis,Ingeniería,generica,"Lea y elija el mejor título. Fragmento: ""Los sistemas de salud afrontan retos de cobertura y calidad en zonas rurales.""",Impacto social de la digitalización,Retos de implementación tecnológica,Equilibrio entre innovación y formación,Limitaciones del acceso remoto,A
Lectura Crítica,Sistemas Embebidos,Ingeniería,especifica,"Lea y elija el mejor título. Fragmento: ""Los sistemas de salud afrontan retos de cobertura y calidad en zonas rurales.""",Equilibrio entre innovación y formación,Retos de implementación tecnológica,Impacto social de la digitalización,Limitaciones del acceso remoto,C
Lectura Crítica,Identificación de Tesis,Derecho,generica,"Lea y elija el mejor título. Fragmento: ""La adopción de tecnología en educación superior mejora el acceso pero exige formación docente.""",Retos de implementación tecnológica,Limitaciones del acceso remoto,Equilibrio entre innovación y formación,Impacto social de la digitalización,A
Lectura Crítica,Salud Pública,Salud,especifica,"Lea y elija el mejor título. Fragmento: ""La adopción de tecnología en educación superior mejora el acceso pero exige formación docente.""",Impacto social de la digitalización,Retos de implementación tecnológica,Limitaciones del acceso remoto,Equilibrio entre innovación y formación,B
Lectura Crítica,Comprensión de Textos,Salud,generica,"Lea y elija el mejor título. Fragmento: ""Los sistemas de salud afrontan retos de cobertura y calidad en zonas rurales.""",Equilibrio entre innovación y formación,Retos de implementación tecnológica,Impacto social de la digitalización,Limitaciones del acceso remoto,C
Lectura Crítica,Coherencia y Cohesión,Derecho,generica,"Lea y elija el mejor título. Fragmento: ""La adopción de tecnología en educación superior mejora el acceso pero exige formación docente.""",Retos de implementación tecnológica,Impacto social de la digitalización,Equilibrio entre innovación y formación,Limitaciones del acceso remoto,A
Lectura Crítica,Coherencia y Cohesión,Educación,generica,"Lea y elija el mejor título. Fragmento: ""La sostenibilidad empresarial requiere equilibrar rentabilidad con responsabilidad social.""",Equilibrio entre innovación y formación,Retos de implementación tecnológica,Limitaciones del acceso remoto,Impacto social de la digitalización,D
Lectura Crítica,Coherencia y Cohesión,Administración,generica,"Lea y elija el mejor título. Fragmento: ""La adopción de tecnología en educación superior mejora el acceso pero exige formación docente.""",Retos de implementación tecnológica,Limitaciones del acceso remoto,Equilibrio entre innovación y formación,Impacto social de la digitalización,A
Lectura Crítica,Interpretación Gráfica,Educación,generica,"Lea y elija el mejor título. Fragmento: ""La sostenibilidad empresarial requiere equilibrar rentabilidad con responsabilidad social.""",Limitaciones del acceso remoto,Impacto social de la digitalización,Equilibrio entre innovación y formación,Retos de implementación tecnológica,B
Lectura Crítica,Comprensión de Textos,Ingeniería,generica,"Lea y elija el mejor título. Fragmento: ""La adopción de tecnología en educación superior mejora el acceso pero exige formación docente.""",Retos de implementación tecnológica,Equilibrio entre innovación y formación,Impacto social de la digitalización,Limitaciones del acceso remoto,A
Lectura Crítica,Coherencia y Cohesión,Salud,generica,"Lea y elija el mejor título. Fragmento: ""Los sistemas de salud afrontan retos de cobertura y calidad en zonas rurales.""",Limitaciones del acceso remoto,Impacto social de la digitalización,Equilibrio entre innovación y formación,Retos de implementación tecnológica,B
Lectura Crítica,Desarrollo Web,Tecnología,especifica,"Lea y elija el mejor título. Fragmento: ""La sostenibilidad empresarial requiere equilibrar rentabilidad con responsabilidad social.""",Equilibrio entre innovación y formación,Retos de implementación tecnológica,Limitaciones del acceso remoto,Impacto social de la digitalización,D
Lectura Crítica,Identificación de Tesis,Administración,generica,"Lea y elija el mejor título. Fragmento: ""La adopción de tecnología en educación superior mejora el acceso pero exige formación docente.""",Retos de implementación tecnológica,Equilibrio entre innovación y formación,Impacto social de la digitalización,Limitaciones del acceso remoto,A
Lectura Crítica,Derecho Laboral,Derecho,especifica,"Lea y elija el mejor título. Fragmento: ""La adopción de tecnología en educación superior mejora el acceso pero exige formación docente.""",Limitaciones del acceso remoto,Impacto social de la digitalización,Equilibrio entre innovación y formación,Retos de implementación tecnológica,D
Lectura Crítica,Coherencia y Cohesión,Ingeniería,generica,"Lea y elija el mejor título. Fragmento: ""La adopción de tecnología en educación superior mejora el acceso pero exige formación docente.""",Impacto social de la digitalización,Equilibrio entre innovación y formación,Retos de implementación tecnológica,Limitaciones del acceso remoto,C
Lectura Crítica,Identificación de Tesis,Tecnología,generica,"Lea y elija el mejor título. Fragmento: ""La sostenibilidad empresarial requiere equilibrar rentabilidad con responsabilidad social.""",Limitaciones del acceso remoto,Retos de implementación tecnológica,Equilibrio entre innovación y formación,Impacto social de la digitalización,D
Lectura Crítica,Análisis de Señales,Ingeniería,especifica,"Lea y elija el mejor título. Fragmento: ""Los sistemas de salud afrontan retos de cobertura y calidad en zonas rurales.""",Retos de implementación tecnológica,Limitaciones del acceso remoto,Impacto social de la digitalización,Equilibrio entre innovación y formación,C
Lectura Crítica,Ciencia de Datos,Tecnología,especifica,"Lea y elija el mejor título. Fragmento: ""La adopción de tecnología en educación superior mejora el acceso pero exige formación docente.""",Retos de implementación tecnológica,Limitaciones del acceso remoto,Equilibrio entre innovación y formación,Impacto social de la digitalización,A
Lectura Crítica,Emprendimiento,Administración,especifica,"Lea y elija el mejor título. Fragmento: ""La sostenibilidad empresarial requiere equilibrar rentabilidad con responsabilidad social.""",Impacto social de la digitalización,Retos de implementación tecnológica,Equilibrio entre innovación y formación,Limitaciones del acceso remoto,A
Lectura Crítica,Comprensión de Textos,Tecnología,generica,"Lea y elija el mejor título. Fragmento: ""Los sistemas de salud afrontan retos de cobertura y calidad en zonas rurales.""",Limitaciones del acceso remoto,Impacto social de la digitalización,Equilibrio entre innovación y formación,Retos de implementación tecnológica,B
Lectura Crítica,Coherencia y Cohesión,Educación,generica,"Lea y elija el mejor título. Fragmento: ""Los sistemas de salud afrontan retos de cobertura y calidad en zonas rurales.""",Impacto social de la digitalización,Limitaciones del acceso remoto,Equilibrio entre innovación y formación,Retos de implementación tecnológica,A
Lectura Crítica,Comprensión de Textos,Ingeniería,generica,"Lea y elija el mejor título. Fragmento: ""Los sistemas de salud afrontan retos de cobertura y calidad en zonas rurales.""",Equilibrio entre innovación y formación,Limitaciones del acceso remoto,Impacto social de la digitalización,Retos de implementación tecnológica,C
Lectura Crítica,Currículo,Educación,especifica,"Lea y elija el mejor título. Fragmento: ""La sostenibilidad empresarial requiere equilibrar rentabilidad con responsabilidad social.""",Impacto social de la digitalización,Equilibrio entre innovación y formación,Retos de implementación tecnológica,Limitaciones del acceso remoto,A
Lectura Crítica,Comprensión de Textos,Derecho,generica,"Lea y elija el mejor título. Fragmento: ""La sostenibilidad empresarial requiere equilibrar rentabilidad con responsabilidad social.""",Limitaciones del acceso remoto,Impacto social de la digitalización,Retos de implementación tecnológica,Equilibrio entre innovación y formación,B
Lectura Crítica,Sistemas Embebidos,Ingeniería,especifica,"Lea y elija el mejor título. Fragmento: ""La sostenibilidad empresarial requiere equilibrar rentabilidad con responsabilidad social.""",Retos de implementación tecnológica,Impacto social de la digitalización,Equilibrio entre innovación y formación,Limitaciones del acceso remoto,B
Lectura Crítica,Identificación de Tesis,Ingeniería,generica,"Lea y elija el mejor título. Fragmento: ""Los sistemas de salud afrontan retos de cobertura y calidad en zonas rurales.""",Limitaciones del acceso remoto,Equilibrio entre innovación y formación,Retos de implementación tecnológica,Impacto social de la digitalización,D
Lectura Crítica,Derecho Laboral,Derecho,especifica,"Lea y elija el mejor título. Fragmento: ""La sostenibilidad empresarial requiere equilibrar rentabilidad con responsabilidad social.""",Limitaciones del acceso remoto,Retos de implementación tecnológica,Impacto social de la digitalización,Equilibrio entre innovación y formación,C
Lectura Crítica,Interpretación Gráfica,Administración,generica,"Lea y elija el mejor título. Fragmento: ""La sostenibilidad empresarial requiere equilibrar rentabilidad con responsabilidad social.""",Retos de implementación tecnológica,Impacto social de la digitalización,Limitaciones del acceso remoto,Equilibrio entre innovación y formación,B
Lectura Crítica,Farmacología,Salud,especifica,"Lea y elija el mejor título. Fragmento: ""La sostenibilidad empresarial requiere equilibrar rentabilidad con responsabilidad social.""",Equilibrio entre innovación y formación,Impacto social de la digitalización,Limitaciones del acceso remoto,Retos de implementación tecnológica,B
Lectura Crítica,Coherencia y Cohesión,Salud,generica,"Lea y elija el mejor título. Fragmento: ""La adopción de tecnología en educación superior mejora el acceso pero exige formación docente.""",Equilibrio entre innovación y formación,Limitaciones del acceso remoto,Retos de implementación tecnológica,Impacto social de la digitalización,C
Lectura Crítica,Redes y Telecomunicaciones,Ingeniería,especifica,"Lea y elija el mejor título. Fragmento: ""Los sistemas de salud afrontan retos de cobertura y calidad en zonas rurales.""",Limitaciones del acceso remoto,Retos de implementación tecnológica,Impacto social de la digitalización,Equilibrio entre innovación y formación,C
Lectura Crítica,Interpretación Gráfica,Educación,generica,"Lea y elija el mejor título. Fragmento: ""La sostenibilidad empresarial requiere equilibrar rentabilidad con responsabilidad social.""",Limitaciones del acceso remoto,Impacto social de la digitalización,Retos de implementación tecnológica,Equilibrio entre innovación y formación,B
Lectura Crítica,Currículo,Educación,especifica,"Lea y elija el mejor título. Fragmento: ""La adopción de tecnología en educación superior mejora el acceso pero exige formación docente.""",Limitaciones del acceso remoto,Retos de implementación tecnológica,Impacto social de la digitalización,Equilibrio entre innovación y formación,B
Lectura Crítica,Sistemas Operativos,Tecnología,especifica,"Lea y elija el mejor título. Fragmento: ""La sostenibilidad empresarial requiere equilibrar rentabilidad con responsabilidad social.""",Equilibrio entre innovación y formación,Retos de implementación tecnológica,Impacto social de la digitalización,Limitaciones del acceso remoto,C
Lectura Crítica,Emprendimiento,Administración,especifica,"Lea y elija el mejor título. Fragmento: ""La adopción de tecnología en educación superior mejora el acceso pero exige formación docente.""",Retos de implementación tecnológica,Equilibrio entre innovación y formación,Impacto social de la digitalización,Limitaciones del acceso remoto,A
Lectura Crítica,Interpretación Gráfica,Tecnología,generica,"Lea y elija el mejor título. Fragmento: ""La sostenibilidad empresarial requiere equilibrar rentabilidad con responsabilidad social.""",Equilibrio entre innovación y formación,Limitaciones del acceso remoto,Impacto social de la digitalización,Retos de implementación tecnológica,C
Lectura Crítica,Identificación de Tesis,Salud,generica,"Lea y elija el mejor título. Fragmento: ""La adopción de tecnología en educación superior mejora el acceso pero exige formación docente.""",Equilibrio entre innovación y formación,Impacto social de la digitalización,Retos de implementación tecnológica,Limitaciones del acceso remoto,C
Lectura Crítica,Coherencia y Cohesión,Educación,generica,"Lea y elija el mejor título. Fragmento: ""La sostenibilidad empresarial requiere equilibrar rentabilidad con responsabilidad social.""",Equilibrio entre innovación y formación,Impacto social de la digitalización,Limitaciones del acceso remoto,Retos de implementación tecnológica,B
Lectura Crítica,Derecho Constitucional,Derecho,especifica,"Lea y elija el mejor título. Fragmento: ""La adopción de tecnología en educación superior mejora el acceso pero exige formación docente.""",Limitaciones del acceso remoto,Impacto social de la digitalización,Equilibrio entre innovación y formación,Retos de implementación tecnológica,D
Lectura Crítica,Teoría del Derecho,Derecho,especifica,"Lea y elija el mejor título. Fragmento: ""Los sistemas de salud afrontan retos de cobertura y calidad en zonas rurales.""",Equilibrio entre innovación y formación,Impacto social de la digitalización,Limitaciones del acceso remoto,Retos de implementación tecnológica,B
Lectura Crítica,Identificación de Tesis,Salud,generica,"Lea y elija el mejor título. Fragmento: ""La adopción de tecnología en educación superior mejora el acceso pero exige formación docente.""",Impacto social de la digitalización,Retos de implementación tecnológica,Limitaciones del acceso remoto,Equilibrio entre innovación y formación,B
Lectura Crítica,Identificación de Tesis,Derecho,generica,"Lea y elija el mejor título. Fragmento: ""La sostenibilidad empresarial requiere equilibrar rentabilidad con responsabilidad social.""",Retos de implementación tecnológica,Equilibrio entre innovación y formación,Limitaciones del acceso remoto,Impacto social de la digitalización,D
Lectura Crítica,Sistemas Embebidos,Ingeniería,especifica,"Lea y elija el mejor título. Fragmento: ""La sostenibilidad empresarial requiere equilibrar rentabilidad con responsabilidad social.""",Retos de implementación tecnológica,Equilibrio entre innovación y formación,Impacto social de la digitalización,Limitaciones del acceso remoto,C
Lectura Crítica,Comprensión de Textos,Salud,generica,"Lea y elija el mejor título. Fragmento: ""La sostenibilidad empresarial requiere equilibrar rentabilidad con responsabilidad social.""",Equilibrio entre innovación y formación,Retos de implementación tecnológica,Limitaciones del acceso remoto,Impacto social de la digitalización,D
Lectura Crítica,Logística,Administración,especifica,"Lea y elija el mejor título. Fragmento: ""Los sistemas de salud afrontan retos de cobertura y calidad en zonas rurales.""",Impacto social de la digitalización,Limitaciones del acceso remoto,Equilibrio entre innovación y formación,Retos de implementación tecnológica,A
Lectura Crítica,Interpretación Gráfica,Administración,generica,"Lea y elija el mejor título. Fragmento: ""La sostenibilidad empresarial requiere equilibrar rentabilidad con responsabilidad social.""",Retos de implementación tecnológica,Limitaciones del acceso remoto,Equilibrio entre innovación y formación,Impacto social de la digitalización,D
Lectura Crítica,Interpretación Gráfica,Ingeniería,generica,"Lea y elija el mejor título. Fragmento: ""Los sistemas de salud afrontan retos de cobertura y calidad en zonas rurales.""",Retos de implementación tecnológica,Impacto social de la digitalización,Equilibrio entre innovación y formación,Limitaciones del acceso remoto,B
Lectura Crítica,Epidemiología,Salud,especifica,"Lea y elija el mejor título. Fragmento: ""La sostenibilidad empresarial requiere equilibrar rentabilidad con responsabilidad social.""",Retos de implementación tecnológica,Impacto social de la digitalización,Equilibrio entre innovación y formación,Limitaciones del acceso remoto,B
Lectura Crítica,Comprensión de Textos,Administración,generica,"Lea y elija el mejor título. Fragmento: ""Los sistemas de salud afrontan retos de cobertura y calidad en zonas rurales.""",Retos de implementación tecnológica,Impacto social de la digitalización,Equilibrio entre innovación y formación,Limitaciones del acceso remoto,B
Lectura Crítica,Redes y Telecomunicaciones,Ingeniería,especifica,"Lea y elija el mejor título. Fragmento: ""Los sistemas de salud afrontan retos de cobertura y calidad en zonas rurales.""",Limitaciones del acceso remoto,Retos de implementación tecnológica,Impacto social de la digitalización,Equilibrio entre innovación y formación,C
Lectura Crítica,Logística,Administración,especifica,"Lea y elija el mejor título. Fragmento: ""Los sistemas de salud afrontan retos de cobertura y calidad en zonas rurales.""",Retos de implementación tecnológica,Equilibrio entre innovación y formación,Impacto social de la digitalización,Limitaciones del acceso remoto,C
Lectura Crítica,Identificación de Tesis,Ingeniería,generica,"Lea y elija el mejor título. Fragmento: ""La sostenibilidad empresarial requiere equilibrar rentabilidad con responsabilidad social.""",Retos de implementación tecnológica,Limitaciones del acceso remoto,Equilibrio entre innovación y formación,Impacto social de la digitalización,D
Lectura Crítica,Interpretación Gráfica,Ingeniería,generica,"Lea y elija el mejor título. Fragmento: ""La sostenibilidad empresarial requiere equilibrar rentabilidad con responsabilidad social.""",Retos de implementación tecnológica,Equilibrio entre innovación y formación,Limitaciones del acceso remoto,Impacto social de la digitalización,D
Lectura Crítica,Identificación de Tesis,Salud,generica,"Lea y elija el mejor título. Fragmento: ""La adopción de tecnología en educación superior mejora el acceso pero exige formación docente.""",Equilibrio entre innovación y formación,Retos de implementación tecnológica,Impacto social de la digitalización,Limitaciones del acceso remoto,B
Lectura Crítica,Interpretación Gráfica,Ingeniería,generica,"Lea y elija el mejor título. Fragmento: ""Los sistemas de salud afrontan retos de cobertura y calidad en zonas rurales.""",Impacto social de la digitalización,Retos de implementación tecnológica,Equilibrio entre innovación y formación,Limitaciones del acceso remoto,A
Lectura Crítica,Recursos Humanos,Administración,especifica,"Lea y elija el mejor título. Fragmento: ""La adopción de tecnología en educación superior mejora el acceso pero exige formación docente.""",Impacto social de la digitalización,Retos de implementación tecnológica,Equilibrio entre innovación y formación,Limitaciones del acceso remoto,B
Lectura Crítica,Interpretación Gráfica,Tecnología,generica,"Lea y elija el mejor título. Fragmento: ""La adopción de tecnología en educación superior mejora el acceso pero exige formación docente.""",Impacto social de la digitalización,Limitaciones del acceso remoto,Retos de implementación tecnológica,Equilibrio entre innovación y formación,C
Lectura Crítica,Identificación de Tesis,Administración,generica,"Lea y elija el mejor título. Fragmento: ""La sostenibilidad empresarial requiere equilibrar rentabilidad con responsabilidad social.""",Impacto social de la digitalización,Limitaciones del acceso remoto,Equilibrio entre innovación y formación,Retos de implementación tecnológica,A
Lectura Crítica,Coherencia y Cohesión,Administración,generica,"Lea y elija el mejor título. Fragmento: ""La adopción de tecnología en educación superior mejora el acceso pero exige formación docente.""",Retos de implementación tecnológica,Equilibrio entre innovación y formación,Impacto social de la digitalización,Limitaciones del acceso remoto,A
Lectura Crítica,Comprensión de Textos,Administración,generica,"Lea y elija el mejor título. Fragmento: ""Los sistemas de salud afrontan retos de cobertura y calidad en zonas rurales.""",Impacto social de la digitalización,Equilibrio entre innovación y formación,Limitaciones del acceso remoto,Retos de implementación tecnológica,A
Lectura Crítica,Identificación de Tesis,Administración,generica,"Lea y elija el mejor título. Fragmento: ""La sostenibilidad empresarial requiere equilibrar rentabilidad con responsabilidad social.""",Retos de implementación tecnológica,Limitaciones del acceso remoto,Impacto social de la digitalización,Equilibrio entre innovación y formación,C
Lectura Crítica,Coherencia y Cohesión,Administración,generica,"Lea y elija el mejor título. Fragmento: ""Los sistemas de salud afrontan retos de cobertura y calidad en zonas rurales.""",Retos de implementación tecnológica,Impacto social de la digitalización,Limitaciones del acceso remoto,Equilibrio entre innovación y formación,B
Lectura Crítica,Interpretación Gráfica,Educación,generica,"Lea y elija el mejor título. Fragmento: ""La adopción de tecnología en educación superior mejora el acceso pero exige formación docente.""",Equilibrio entre innovación y formación,Retos de implementación tecnológica,Limitaciones del acceso remoto,Impacto social de la digitalización,B
Lectura Crítica,Tecnología Educativa,Educación,especifica,"Lea y elija el mejor título. Fragmento: ""La adopción de tecnología en educación superior mejora el acceso pero exige formación docente.""",Retos de implementación tecnológica,Impacto social de la digitalización,Limitaciones del acceso remoto,Equilibrio entre innovación y formación,A
Lectura Crítica,Interpretación Gráfica,Educación,generica,"Lea y elija el mejor título. Fragmento: ""La adopción de tecnología en educación superior mejora el acceso pero exige formación docente.""",Equilibrio entre innovación y formación,Impacto social de la digitalización,Limitaciones del acceso remoto,Retos de implementación tecnológica,D
Lectura Crítica,Tecnología Educativa,Educación,especifica,"Lea y elija el mejor título. Fragmento: ""La adopción de tecnología en educación superior mejora el acceso pero exige formación docente.""",Limitaciones del acceso remoto,Retos de implementación tecnológica,Impacto social de la digitalización,Equilibrio entre innovación y formación,B
Lectura Crítica,Interpretación Gráfica,Administración,generica,"Lea y elija el mejor título. Fragmento: ""La adopción de tecnología en educación superior mejora el acceso pero exige formación docente.""",Equilibrio entre innovación y formación,Limitaciones del acceso remoto,Retos de implementación tecnológica,Impacto social de la digitalización,C
Lectura Crítica,Redes y Telecomunicaciones,Ingeniería,especifica,"Lea y elija el mejor título. Fragmento: ""Los sistemas de salud afrontan retos de cobertura y calidad en zonas rurales.""",Impacto social de la digitalización,Retos de implementación tecnológica,Equilibrio entre innovación y formación,Limitaciones del acceso remoto,A
Lectura Crítica,Comprensión de Textos,Ingeniería,generica,"Lea y elija el mejor título. Fragmento: ""La sostenibilidad empresarial requiere equilibrar rentabilidad con responsabilidad social.""",Limitaciones del acceso remoto,Equilibrio entre innovación y formación,Impacto social de la digitalización,Retos de implementación tecnológica,C
Lectura Crítica,Coherencia y Cohesión,Derecho,generica,"Lea y elija el mejor título. Fragmento: ""La sostenibilidad empresarial requiere equilibrar rentabilidad con responsabilidad social.""",Limitaciones del acceso remoto,Impacto social de la digitalización,Retos de implementación tecnológica,Equilibrio entre innovación y formación,B
Lectura Crítica,Comprensión de Textos,Educación,generica,"Lea y elija el mejor título. Fragmento: ""La adopción de tecnología en educación superior mejora el acceso pero exige formación docente.""",Impacto social de la digitalización,Limitaciones del acceso remoto,Equilibrio entre innovación y formación,Retos de implementación tecnológica,D
Lectura Crítica,Seguridad Informática,Tecnología,especifica,"Lea y elija el mejor título. Fragmento: ""La sostenibilidad empresarial requiere equilibrar rentabilidad con responsabilidad social.""",Impacto social de la digitalización,Equilibrio entre innovación y formación,Retos de implementación tecnológica,Limitaciones del acceso remoto,A
Lectura Crítica,Coherencia y Cohesión,Salud,generica,"Lea y elija el mejor título. Fragmento: ""Los sistemas de salud afrontan retos de cobertura y calidad en zonas rurales.""",Limitaciones del acceso remoto,Equilibrio entre innovación y formación,Impacto social de la digitalización,Retos de implementación tecnológica,C
Lectura Crítica,Tecnología Educativa,Educación,especifica,"Lea y elija el mejor título. Fragmento: ""La sostenibilidad empresarial requiere equilibrar rentabilidad con responsabilidad social.""",Retos de implementación tecnológica,Limitaciones del acceso remoto,Impacto social de la digitalización,Equilibrio entre innovación y formación,C
Lectura Crítica,Fisiología,Salud,especifica,"Lea y elija el mejor título. Fragmento: ""La sostenibilidad empresarial requiere equilibrar rentabilidad con responsabilidad social.""",Retos de implementación tecnológica,Limitaciones del acceso remoto,Impacto social de la digitalización,Equilibrio entre innovación y formación,C
Lectura Crítica,Coherencia y Cohesión,Salud,generica,"Lea y elija el mejor título. Fragmento: ""La adopción de tecnología en educación superior mejora el acceso pero exige formación docente.""",Retos de implementación tecnológica,Impacto social de la digitalización,Equilibrio entre innovación y formación,Limitaciones del acceso remoto,A
Lectura Crítica,Evaluación Educativa,Educación,especifica,"Lea y elija el mejor título. Fragmento: ""La adopción de tecnología en educación superior mejora el acceso pero exige formación docente.""",Equilibrio entre innovación y formación,Impacto social de la digitalización,Retos de implementación tecnológica,Limitaciones del acceso remoto,C
Lectura Crítica,Interpretación Gráfica,Administración,generica,"Lea y elija el mejor título. Fragmento: ""La sostenibilidad empresarial requiere equilibrar rentabilidad con responsabilidad social.""",Limitaciones del acceso remoto,Equilibrio entre innovación y formación,Impacto social de la digitalización,Retos de implementación tecnológica,C
Lectura Crítica,Coherencia y Cohesión,Educación,generica,"Lea y elija el mejor título. Fragmento: ""La sostenibilidad empresarial requiere equilibrar rentabilidad con responsabilidad social.""",Equilibrio entre innovación y formación,Retos de implementación tecnológica,Limitaciones del acceso remoto,Impacto social de la digitalización,D
Lectura Crítica,Identificación de Tesis,Administración,generica,"Lea y elija el mejor título. Fragmento: ""La adopción de tecnología en educación superior mejora el acceso pero exige formación docente.""",Impacto social de la digitalización,Limitaciones del acceso remoto,Equilibrio entre innovación y formación,Retos de implementación tecnológica,D
Lectura Crítica,Comprensión de Textos,Derecho,generica,"Lea y elija el mejor título. Fragmento: ""La sostenibilidad empresarial requiere equilibrar rentabilidad con responsabilidad social.""",Retos de implementación tecnológica,Limitaciones del acceso remoto,Equilibrio entre innovación y formación,Impacto social de la digitalización,D
Lectura Crítica,Seguridad Informática,Tecnología,especifica,"Lea y elija el mejor título. Fragmento: ""La adopción de tecnología en educación superior mejora el acceso pero exige formación docente.""",Impacto social de la digitalización,Retos de implementación tecnológica,Limitaciones del acceso remoto,Equilibrio entre innovación y formación,B
Lectura Crítica,Recursos Humanos,Administración,especifica,"Lea y elija el mejor título. Fragmento: ""La adopción de tecnología en educación superior mejora el acceso pero exige formación docente.""",Retos de implementación tecnológica,Limitaciones del acceso remoto,Equilibrio entre innovación y formación,Impacto social de la digitalización,A
Lectura Crítica,Identificación de Tesis,Ingeniería,generica,"Lea y elija el mejor título. Fragmento: ""La adopción de tecnología en educación superior mejora el acceso pero exige formación docente.""",Retos de implementación tecnológica,Equilibrio entre innovación y formación,Limitaciones del acceso remoto,Impacto social de la digitalización,A
Lectura Crítica,Salud Pública,Salud,especifica,"Lea y elija el mejor título. Fragmento: ""La adopción de tecnología en educación superior mejora el acceso pero exige formación docente.""",Retos de implementación tecnológica,Limitaciones del acceso remoto,Equilibrio entre innovación y formación,Impacto social de la digitalización,A
Lectura Crítica,Comprensión de Textos,Educación,generica,"Lea y elija el mejor título. Fragmento: ""La adopción de tecnología en educación superior mejora el acceso pero exige formación docente.""",Retos de implementación tecnológica,Limitaciones del acceso remoto,Equilibrio entre innovación y formación,Impacto social de la digitalización,A
Lectura Crítica,Sistemas Embebidos,Ingeniería,especifica,"Lea y elija el mejor título. Fragmento: ""Los sistemas de salud afrontan retos de cobertura y calidad en zonas rurales.""",Limitaciones del acceso remoto,Retos de implementación tecnológica,Equilibrio entre innovación y formación,Impacto social de la digitalización,D
Lectura Crítica,Interpretación Gráfica,Ingeniería,generica,"Lea y elija el mejor título. Fragmento: ""Los sistemas de salud afrontan retos de cobertura y calidad en zonas rurales.""",Impacto social de la digitalización,Retos de implementación tecnológica,Equilibrio entre innovación y formación,Limitaciones del acceso remoto,A
Lectura Crítica,Análisis de Señales,Ingeniería,especifica,"Lea y elija el mejor título. Fragmento: ""La adopción de tecnología en educación superior mejora el acceso pero exige formación docente.""",Retos de implementación tecnológica,Limitaciones del acceso remoto,Impacto social de la digitalización,Equilibrio entre innovación y formación,A
Lectura Crítica,Farmacología,Salud,especifica,"Lea y elija el mejor título. Fragmento: ""La sostenibilidad empresarial requiere equilibrar rentabilidad con responsabilidad social.""",Limitaciones del acceso remoto,Equilibrio entre innovación y formación,Retos de implementación tecnológica,Impacto social de la digitalización,D
Lectura Crítica,Currículo,Educación,especifica,"Lea y elija el mejor título. Fragmento: ""La sostenibilidad empresarial requiere equilibrar rentabilidad con responsabilidad social.""",Impacto social de la digitalización,Retos de implementación tecnológica,Equilibrio entre innovación y formación,Limitaciones del acceso remoto,A
Lectura Crítica,Interpretación Gráfica,Tecnología,generica,"Lea y elija el mejor título. Fragmento: ""La adopción de tecnología en educación superior mejora el acceso pero exige formación docente.""",Impacto social de la digitalización,Limitaciones del acceso remoto,Retos de implementación tecnológica,Equilibrio entre innovación y formación,C
Lectura Crítica,Comprensión de Textos,Salud,generica,"Lea y elija el mejor título. Fragmento: ""La sostenibilidad empresarial requiere equilibrar rentabilidad con responsabilidad social.""",Limitaciones del acceso remoto,Equilibrio entre innovación y formación,Retos de implementación tecnológica,Impacto social de la digitalización,D
Lectura Crítica,Identificación de Tesis,Administración,generica,"Lea y elija el mejor título. Fragmento: ""Los sistemas de salud afrontan retos de cobertura y calidad en zonas rurales.""",Impacto social de la digitalización,Retos de implementación tecnológica,Equilibrio entre innovación y formación,Limitaciones del acceso remoto,A
Lectura Crítica,Identificación de Tesis,Tecnología,generica,"Lea y elija el mejor título. Fragmento: ""La sostenibilidad empresarial requiere equilibrar rentabilidad con responsabilidad social.""",Retos de implementación tecnológica,Limitaciones del acceso remoto,Equilibrio entre innovación y formación,Impacto social de la digitalización,D
Lectura Crítica,Interpretación Gráfica,Ingeniería,generica,"Lea y elija el mejor título. Fragmento: ""La adopción de tecnología en educación superior mejora el acceso pero exige formación docente.""",Retos de implementación tecnológica,Limitaciones del acceso remoto,Equilibrio entre innovación y formación,Impacto social de la digitalización,A
Lectura Crítica,Interpretación Gráfica,Salud,generica,"Lea y elija el mejor título. Fragmento: ""La adopción de tecnología en educación superior mejora el acceso pero exige formación docente.""",Limitaciones del acceso remoto,Equilibrio entre innovación y formación,Impacto social de la digitalización,Retos de implementación tecnológica,D
Lectura Crítica,Identificación de Tesis,Derecho,generica,"Lea y elija el mejor título. Fragmento: ""La sostenibilidad empresarial requiere equilibrar rentabilidad con responsabilidad social.""",Limitaciones del acceso remoto,Equilibrio entre innovación y formación,Impacto social de la digitalización,Retos de implementación tecnológica,C
Lectura Crítica,Identificación de Tesis,Ingeniería,generica,"Lea y elija el mejor título. Fragmento: ""La sostenibilidad empresarial requiere equilibrar rentabilidad con responsabilidad social.""",Retos de implementación tecnológica,Limitaciones del acceso remoto,Equilibrio entre innovación y formación,Impacto social de la digitalización,D
Lectura Crítica,Marketing,Administración,especifica,"Lea y elija el mejor título. Fragmento: ""La adopción de tecnología en educación superior mejora el acceso pero exige formación docente.""",Limitaciones del acceso remoto,Retos de implementación tecnológica,Impacto social de la digitalización,Equilibrio entre innovación y formación,B
Lectura Crítica,Interpretación Gráfica,Ingeniería,generica,"Lea y elija el mejor título. Fragmento: ""Los sistemas de salud afrontan retos de cobertura y calidad en zonas rurales.""",Equilibrio entre innovación y formación,Retos de implementación tecnológica,Limitaciones del acceso remoto,Impacto social de la digitalización,D
Lectura Crítica,Interpretación Gráfica,Educación,generica,"Lea y elija el mejor título. Fragmento: ""La sostenibilidad empresarial requiere equilibrar rentabilidad con responsabilidad social.""",Equilibrio entre innovación y formación,Limitaciones del acceso remoto,Retos de implementación tecnológica,Impacto social de la digitalización,D
Lectura Crítica,Interpretación Gráfica,Administración,generica,"Lea y elija el mejor título. Fragmento: ""La sostenibilidad empresarial requiere equilibrar rentabilidad con responsabilidad social.""",Equilibrio entre innovación y formación,Impacto social de la digitalización,Limitaciones del acceso remoto,Retos de implementación tecnológica,B
Lectura Crítica,Emprendimiento,Administración,especifica,"Lea y elija el mejor título. Fragmento: ""La adopción de tecnología en educación superior mejora el acceso pero exige formación docente.""",Impacto social de la digitalización,Retos de implementación tecnológica,Limitaciones del acceso remoto,Equilibrio entre innovación y formación,B
Lectura Crítica,Interpretación Gráfica,Salud,generica,"Lea y elija el mejor título. Fragmento: ""Los sistemas de salud afrontan retos de cobertura y calidad en zonas rurales.""",Retos de implementación tecnológica,Impacto social de la digitalización,Limitaciones del acceso remoto,Equilibrio entre innovación y formación,B
Lectura Crítica,Bases de Datos,Ingeniería,especifica,"Lea y elija el mejor título. Fragmento: ""Los sistemas de salud afrontan retos de cobertura y calidad en zonas rurales.""",Impacto social de la digitalización,Retos de implementación tecnológica,Limitaciones del acceso remoto,Equilibrio entre innovación y formación,A
Lectura Crítica,Sistemas Operativos,Tecnología,especifica,"Lea y elija el mejor título. Fragmento: ""La adopción de tecnología en educación superior mejora el acceso pero exige formación docente.""",Retos de implementación tecnológica,Limitaciones del acceso remoto,Impacto social de la digitalización,Equilibrio entre innovación y formación,A
Lectura Crítica,Interpretación Gráfica,Administración,generica,"Lea y elija el mejor título. Fragmento: ""La sostenibilidad empresarial requiere equilibrar rentabilidad con responsabilidad social.""",Limitaciones del acceso remoto,Equilibrio entre innovación y formación,Impacto social de la digitalización,Retos de implementación tecnológica,C
Lectura Crítica,Análisis de Señales,Ingeniería,especifica,"Lea y elija el mejor título. Fragmento: ""La sostenibilidad empresarial requiere equilibrar rentabilidad con responsabilidad social.""",Equilibrio entre innovación y formación,Impacto social de la digitalización,Limitaciones del acceso remoto,Retos de implementación tecnológica,B
Lectura Crítica,Interpretación Gráfica,Salud,generica,"Lea y elija el mejor título. Fragmento: ""La adopción de tecnología en educación superior mejora el acceso pero exige formación docente.""",Retos de implementación tecnológica,Equilibrio entre innovación y formación,Limitaciones del acceso remoto,Impacto social de la digitalización,A
Lectura Crítica,Identificación de Tesis,Educación,generica,"Lea y elija el mejor título. Fragmento: ""La adopción de tecnología en educación superior mejora el acceso pero exige formación docente.""",Impacto social de la digitalización,Retos de implementación tecnológica,Equilibrio entre innovación y formación,Limitaciones del acceso remoto,B
Lectura Crítica,Interpretación Gráfica,Tecnología,generica,"Lea y elija el mejor título. Fragmento: ""La adopción de tecnología en educación superior mejora el acceso pero exige formación docente.""",Retos de implementación tecnológica,Limitaciones del acceso remoto,Equilibrio entre innovación y formación,Impacto social de la digitalización,A
Lectura Crítica,Seguridad Informática,Tecnología,especifica,"Lea y elija el mejor título. Fragmento: ""Los sistemas de salud afrontan retos de cobertura y calidad en zonas rurales.""",Limitaciones del acceso remoto,Impacto social de la digitalización,Retos de implementación tecnológica,Equilibrio entre innovación y formación,B
Lectura Crítica,Ciencia de Datos,Tecnología,especifica,"Lea y elija el mejor título. Fragmento: ""La sostenibilidad empresarial requiere equilibrar rentabilidad con responsabilidad social.""",Retos de implementación tecnológica,Equilibrio entre innovación y formación,Limitaciones del acceso remoto,Impacto social de la digitalización,D
Lectura Crítica,Comprensión de Textos,Educación,generica,"Lea y elija el mejor título. Fragmento: ""La sostenibilidad empresarial requiere equilibrar rentabilidad con responsabilidad social.""",Limitaciones del acceso remoto,Impacto social de la digitalización,Equilibrio entre innovación y formación,Retos de implementación tecnológica,B
Lectura Crítica,Currículo,Educación,especifica,"Lea y elija el mejor título. Fragmento: ""La sostenibilidad empresarial requiere equilibrar rentabilidad con responsabilidad social.""",Retos de implementación tecnológica,Equilibrio entre innovación y formación,Limitaciones del acceso remoto,Impacto social de la digitalización,D
Lectura Crítica,Identificación de Tesis,Tecnología,generica,"Lea y elija el mejor título. Fragmento: ""La sostenibilidad empresarial requiere equilibrar rentabilidad con responsabilidad social.""",Equilibrio entre innovación y formación,Impacto social de la digitalización,Retos de implementación tecnológica,Limitaciones del acceso remoto,B
Lectura Crítica,Identificación de Tesis,Ingeniería,generica,"Lea y elija el mejor título. Fragmento: ""Los sistemas de salud afrontan retos de cobertura y calidad en zonas rurales.""",Retos de implementación tecnológica,Impacto social de la digitalización,Limitaciones del acceso remoto,Equilibrio entre innovación y formación,B
Lectura Crítica,Coherencia y Cohesión,Ingeniería,generica,"Lea y elija el mejor título. Fragmento: ""La adopción de tecnología en educación superior mejora el acceso pero exige formación docente.""",Retos de implementación tecnológica,Equilibrio entre innovación y formación,Limitaciones del acceso remoto,Impacto social de la digitalización,A
Lectura Crítica,Identificación de Tesis,Salud,generica,"Lea y elija el mejor título. Fragmento: ""La adopción de tecnología en educación superior mejora el acceso pero exige formación docente.""",Equilibrio entre innovación y formación,Retos de implementación tecnológica,Limitaciones del acceso remoto,Impacto social de la digitalización,B
Lectura Crítica,Identificación de Tesis,Administración,generica,"Lea y elija el mejor título. Fragmento: ""Los sistemas de salud afrontan retos de cobertura y calidad en zonas rurales.""",Impacto social de la digitalización,Equilibrio entre innovación y formación,Limitaciones del acceso remoto,Retos de implementación tecnológica,A
Lectura Crítica,Bases de Datos,Ingeniería,especifica,"Lea y elija el mejor título. Fragmento: ""La sostenibilidad empresarial requiere equilibrar rentabilidad con responsabilidad social.""",Retos de implementación tecnológica,Limitaciones del acceso remoto,Equilibrio entre innovación y formación,Impacto social de la digitalización,D
Lectura Crítica,Ciencia de Datos,Tecnología,especifica,"Lea y elija el mejor título. Fragmento: ""Los sistemas de salud afrontan retos de cobertura y calidad en zonas rurales.""",Equilibrio entre innovación y formación,Retos de implementación tecnológica,Impacto social de la digitalización,Limitaciones del acceso remoto,C
Lectura Crítica,Comprensión de Textos,Administración,generica,"Lea y elija el mejor título. Fragmento: ""La adopción de tecnología en educación superior mejora el acceso pero exige formación docente.""",Retos de implementación tecnológica,Limitaciones del acceso remoto,Impacto social de la digitalización,Equilibrio entre innovación y formación,A
Lectura Crítica,Identificación de Tesis,Salud,generica,"Lea y elija el mejor título. Fragmento: ""La adopción de tecnología en educación superior mejora el acceso pero exige formación docente.""",Retos de implementación tecnológica,Impacto social de la digitalización,Limitaciones del acceso remoto,Equilibrio entre innovación y formación,A
Lectura Crítica,Interpretación Gráfica,Administración,generica,"Lea y elija el mejor título. Fragmento: ""Los sistemas de salud afrontan retos de cobertura y calidad en zonas rurales.""",Equilibrio entre innovación y formación,Limitaciones del acceso remoto,Impacto social de la digitalización,Retos de implementación tecnológica,C
Lectura Crítica,Comprensión de Textos,Ingeniería,generica,"Lea y elija el mejor título. Fragmento: ""Los sistemas de salud afrontan retos de cobertura y calidad en zonas rurales.""",Retos de implementación tecnológica,Equilibrio entre innovación y formación,Impacto social de la digitalización,Limitaciones del acceso remoto,C
Lectura Crítica,Farmacología,Salud,especifica,"Lea y elija el mejor título. Fragmento: ""La adopción de tecnología en educación superior mejora el acceso pero exige formación docente.""",Retos de implementación tecnológica,Impacto social de la digitalización,Equilibrio entre innovación y formación,Limitaciones del acceso remoto,A
Lectura Crítica,Comprensión de Textos,Ingeniería,generica,"Lea y elija el mejor título. Fragmento: ""La adopción de tecnología en educación superior mejora el acceso pero exige formación docente.""",Equilibrio entre innovación y formación,Retos de implementación tecnológica,Limitaciones del acceso remoto,Impacto social de la digitalización,B
Lectura Crítica,Interpretación Gráfica,Tecnología,generica,"Lea y elija el mejor título. Fragmento: ""Los sistemas de salud afrontan retos de cobertura y calidad en zonas rurales.""",Limitaciones del acceso remoto,Equilibrio entre innovación y formación,Retos de implementación tecnológica,Impacto social de la digitalización,D
Lectura Crítica,Ingeniería de Software,Ingeniería,especifica,"Lea y elija el mejor título. Fragmento: ""La adopción de tecnología en educación superior mejora el acceso pero exige formación docente.""",Retos de implementación tecnológica,Limitaciones del acceso remoto,Equilibrio entre innovación y formación,Impacto social de la digitalización,A
Lectura Crítica,Recursos Humanos,Administración,especifica,"Lea y elija el mejor título. Fragmento: ""La adopción de tecnología en educación superior mejora el acceso pero exige formación docente.""",Impacto social de la digitalización,Equilibrio entre innovación y formación,Retos de implementación tecnológica,Limitaciones del acceso remoto,C
Lectura Crítica,Epidemiología,Salud,especifica,"Lea y elija el mejor título. Fragmento: ""La sostenibilidad empresarial requiere equilibrar rentabilidad con responsabilidad social.""",Retos de implementación tecnológica,Equilibrio entre innovación y formación,Impacto social de la digitalización,Limitaciones del acceso remoto,C
Lectura Crítica,Identificación de Tesis,Ingeniería,generica,"Lea y elija el mejor título. Fragmento: ""Los sistemas de salud afrontan retos de cobertura y calidad en zonas rurales.""",Limitaciones del acceso remoto,Retos de implementación tecnológica,Equilibrio entre innovación y formación,Impacto social de la digitalización,D
Lectura Crítica,Identificación de Tesis,Derecho,generica,"Lea y elija el mejor título. Fragmento: ""La adopción de tecnología en educación superior mejora el acceso pero exige formación docente.""",Retos de implementación tecnológica,Impacto social de la digitalización,Limitaciones del acceso remoto,Equilibrio entre innovación y formación,A
Lectura Crítica,Redes y Telecomunicaciones,Ingeniería,especifica,"Lea y elija el mejor título. Fragmento: ""La sostenibilidad empresarial requiere equilibrar rentabilidad con responsabilidad social.""",Limitaciones del acceso remoto,Equilibrio entre innovación y formación,Impacto social de la digitalización,Retos de implementación tecnológica,C
Razonamiento Cuantitativo,Aritmética,Ingeniería,generica,"En el contexto de Aritmética (Ingeniería), calcule el resultado de 99 * 4.",396,395,399,401,A
Razonamiento Cuantitativo,Álgebra,Ingeniería,generica,"En el contexto de Álgebra (Ingeniería), calcule el resultado de 24 + 3.",29,27,30,26,B
Razonamiento Cuantitativo,Geometría,Educación,generica,"En el contexto de Geometría (Educación), calcule el resultado de 43 - 2.",47,43,44,41,D
Razonamiento Cuantitativo,Aritmética,Salud,generica,"En el contexto de Aritmética (Salud), calcule el resultado de 54 * 17.",913,915,920,918,D
Razonamiento Cuantitativo,Didáctica,Educación,especifica,"En el contexto de Didáctica (Educación), calcule el resultado de 10 - 13.",-2,2,-3,-1,C
Razonamiento Cuantitativo,Evaluación Educativa,Educación,especifica,"En el contexto de Evaluación Educativa (Educación), calcule el resultado de 73 + 7.",80,75,83,81,A
Razonamiento Cuantitativo,Aritmética,Tecnología,generica,"En el contexto de Aritmética (Tecnología), calcule el resultado de 57 - 8.",55,51,49,52,C
Razonamiento Cuantitativo,Aritmética,Derecho,generica,"En el contexto de Aritmética (Derecho), calcule el resultado de 54 - 20.",34,29,40,39,A
Razonamiento Cuantitativo,Bioética,Salud,especifica,"En el contexto de Bioética (Salud), calcule el resultado de 84 + 9.",93,96,95,97,A
Razonamiento Cuantitativo,Logística,Administración,especifica,"En el contexto de Logística (Administración), calcule el resultado de 76 + 13.",88,85,89,91,C
Razonamiento Cuantitativo,Aritmética,Salud,generica,"En el contexto de Aritmética (Salud), calcule el resultado de 91 - 5.",82,88,87,86,D
Razonamiento Cuantitativo,Derecho Civil,Derecho,especifica,"En el contexto de Derecho Civil (Derecho), calcule el resultado de 69 + 2.",67,75,73,71,D
Razonamiento Cuantitativo,Aritmética,Tecnología,generica,"En el contexto de Aritmética (Tecnología), calcule el resultado de 68 - 15.",57,55,53,54,C
Razonamiento Cuantitativo,Geometría,Salud,generica,"En el contexto de Geometría (Salud), calcule el resultado de 76 * 7.",529,536,532,531,C
Razonamiento Cuantitativo,Marketing,Administración,especifica,"En el contexto de Marketing (Administración), calcule el resultado de 76 + 13.",91,84,89,94,C
Razonamiento Cuantitativo,Farmacología,Salud,especifica,"En el contexto de Farmacología (Salud), calcule el resultado de 36 - 7.",24,29,34,30,B
Razonamiento Cuantitativo,Geometría,Ingeniería,generica,"En el contexto de Geometría (Ingeniería), calcule el resultado de 63 * 13.",816,821,819,824,C
Razonamiento Cuantitativo,Aritmética,Administración,generica,"En el contexto de Aritmética (Administración), calcule el resultado de 91 - 8.",81,87,89,83,D
Razonamiento Cuantitativo,Teoría del Derecho,Derecho,especifica,"En el contexto de Teoría del Derecho (Derecho), calcule el resultado de 55 - 9.",46,49,51,48,A
Razonamiento Cuantitativo,Estadística,Educación,generica,"En el contexto de Estadística (Educación), calcule el resultado de 51 - 17.",34,36,31,39,A
Razonamiento Cuantitativo,Bases de Datos,Ingeniería,especifica,"En el contexto de Bases de Datos (Ingeniería), calcule el resultado de 27 - 18.",9,8,11,4,A
Razonamiento Cuantitativo,Álgebra,Derecho,generica,"En el contexto de Álgebra (Derecho), calcule el resultado de 33 - 16.",17,22,15,20,A
Razonamiento Cuantitativo,Álgebra,Administración,generica,"En el contexto de Álgebra (Administración), calcule el resultado de 77 * 4.",309,310,313,308,D
Razonamiento Cuantitativo,Aritmética,Salud,generica,"En el contexto de Aritmética (Salud), calcule el resultado de 71 + 16.",83,87,93,86,B
Razonamiento Cuantitativo,Geometría,Tecnología,generica,"En el contexto de Geometría (Tecnología), calcule el resultado de 57 - 15.",42,37,41,46,A
Razonamiento Cuantitativo,Fisiología,Salud,especifica,"En el contexto de Fisiología (Salud), calcule el resultado de 14 * 8.",115,114,117,112,D
Razonamiento Cuantitativo,Geometría,Educación,generica,"En el contexto de Geometría (Educación), calcule el resultado de 42 + 19.",61,65,64,66,A
Razonamiento Cuantitativo,Estadística,Ingeniería,generica,"En el contexto de Estadística (Ingeniería), calcule el resultado de 48 * 6.",288,287,294,293,A
Razonamiento Cuantitativo,Álgebra,Ingeniería,generica,"En el contexto de Álgebra (Ingeniería), calcule el resultado de 70 * 3.",213,215,210,216,C
Razonamiento Cuantitativo,Sistemas Operativos,Tecnología,especifica,"En el contexto de Sistemas Operativos (Tecnología), calcule el resultado de 22 + 7.",29,25,30,31,A
Razonamiento Cuantitativo,Aritmética,Salud,generica,"En el contexto de Aritmética (Salud), calcule el resultado de 65 * 20.",1295,1305,1301,1300,D
Razonamiento Cuantitativo,Análisis de Señales,Ingeniería,especifica,"En el contexto de Análisis de Señales (Ingeniería), calcule el resultado de 85 - 6.",79,75,78,84,A
Razonamiento Cuantitativo,Aritmética,Salud,generica,"En el contexto de Aritmética (Salud), calcule el resultado de 21 + 8.",30,24,31,29,D
Razonamiento Cuantitativo,Álgebra,Ingeniería,generica,"En el contexto de Álgebra (Ingeniería), calcule el resultado de 20 * 11.",217,226,220,224,C
Razonamiento Cuantitativo,Análisis de Señales,Ingeniería,especifica,"En el contexto de Análisis de Señales (Ingeniería), calcule el resultado de 20 - 14.",6,11,10,1,A
Razonamiento Cuantitativo,Teoría del Derecho,Derecho,especifica,"En el contexto de Teoría del Derecho (Derecho), calcule el resultado de 96 + 7.",104,107,106,103,D
Razonamiento Cuantitativo,Estadística,Derecho,generica,"En el contexto de Estadística (Derecho), calcule el resultado de 17 * 12.",209,203,206,204,D
Razonamiento Cuantitativo,Derecho Penal,Derecho,especifica,"En el contexto de Derecho Penal (Derecho), calcule el resultado de 67 * 11.",733,737,740,738,B
Razonamiento Cuantitativo,Geometría,Derecho,generica,"En el contexto de Geometría (Derecho), calcule el resultado de 54 + 19.",79,76,73,77,C
Razonamiento Cuantitativo,Álgebra,Tecnología,generica,"En el contexto de Álgebra (Tecnología), calcule el resultado de 42 + 20.",67,66,62,57,C
Razonamiento Cuantitativo,Estadística,Derecho,generica,"En el contexto de Estadística (Derecho), calcule el resultado de 76 - 12.",62,64,70,63,B
Razonamiento Cuantitativo,Fisiología,Salud,especifica,"En el contexto de Fisiología (Salud), calcule el resultado de 41 - 3.",34,42,38,35,C
Razonamiento Cuantitativo,Aritmética,Educación,generica,"En el contexto de Aritmética (Educación), calcule el resultado de 22 + 3.",25,27,30,31,A
Razonamiento Cuantitativo,Epidemiología,Salud,especifica,"En el contexto de Epidemiología (Salud), calcule el resultado de 26 + 10.",38,35,36,33,C
Razonamiento Cuantitativo,Aritmética,Tecnología,generica,"En el contexto de Aritmética (Tecnología), calcule el resultado de 86 + 14.",100,101,103,104,A
Razonamiento Cuantitativo,Álgebra,Administración,generica,"En el contexto de Álgebra (Administración), calcule el resultado de 57 * 9.",511,510,513,514,C
Razonamiento Cuantitativo,Teoría del Derecho,Derecho,especifica,"En el contexto de Teoría del Derecho (Derecho), calcule el resultado de 17 + 5.",26,25,19,22,D
Razonamiento Cuantitativo,Estadística,Salud,generica,"En el contexto de Estadística (Salud), calcule el resultado de 59 - 5.",52,54,58,56,B
Razonamiento Cuantitativo,Álgebra,Ingeniería,generica,"En el contexto de Álgebra (Ingeniería), calcule el resultado de 19 * 13.",250,248,247,249,C
Razonamiento Cuantitativo,Estadística,Tecnología,generica,"En el contexto de Estadística (Tecnología), calcule el resultado de 38 + 3.",41,46,43,45,A
Razonamiento Cuantitativo,Estadística,Educación,generica,"En el contexto de Estadística (Educación), calcule el resultado de 52 - 7.",48,45,47,41,B
Razonamiento Cuantitativo,Álgebra,Educación,generica,"En el contexto de Álgebra (Educación), calcule el resultado de 56 - 15.",39,41,42,44,B
Razonamiento Cuantitativo,Administración Financiera,Administración,especifica,"En el contexto de Administración Financiera (Administración), calcule el resultado de 66 - 18.",43,53,48,44,C
Razonamiento Cuantitativo,Redes y Telecomunicaciones,Ingeniería,especifica,"En el contexto de Redes y Telecomunicaciones (Ingeniería), calcule el resultado de 45 + 20.",63,67,60,65,D
Razonamiento Cuantitativo,Álgebra,Administración,generica,"En el contexto de Álgebra (Administración), calcule el resultado de 84 + 11.",97,95,100,94,B
Razonamiento Cuantitativo,Seguridad Informática,Tecnología,especifica,"En el contexto de Seguridad Informática (Tecnología), calcule el resultado de 21 - 2.",22,19,16,15,B
Razonamiento Cuantitativo,Aritmética,Tecnología,generica,"En el contexto de Aritmética (Tecnología), calcule el resultado de 55 - 18.",38,32,39,37,D
Razonamiento Cuantitativo,Tecnología Educativa,Educación,especifica,"En el contexto de Tecnología Educativa (Educación), calcule el resultado de 67 + 18.",85,91,88,83,A
Razonamiento Cuantitativo,Aritmética,Educación,generica,"En el contexto de Aritmética (Educación), calcule el resultado de 12 * 5.",55,62,65,60,D
Razonamiento Cuantitativo,Ingeniería de Software,Ingeniería,especifica,"En el contexto de Ingeniería de Software (Ingeniería), calcule el resultado de 44 - 5.",39,40,38,44,A
Razonamiento Cuantitativo,Geometría,Administración,generica,"En el contexto de Geometría (Administración), calcule el resultado de 60 + 7.",67,68,73,72,A
Razonamiento Cuantitativo,Estadística,Salud,generica,"En el contexto de Estadística (Salud), calcule el resultado de 65 - 20.",45,50,40,46,A
Razonamiento Cuantitativo,Ciencia de Datos,Tecnología,especifica,"En el contexto de Ciencia de Datos (Tecnología), calcule el resultado de 23 + 18.",37,47,41,42,C
Razonamiento Cuantitativo,Farmacología,Salud,especifica,"En el contexto de Farmacología (Salud), calcule el resultado de 91 + 3.",99,94,89,96,B
Razonamiento Cuantitativo,Álgebra,Derecho,generica,"En el contexto de Álgebra (Derecho), calcule el resultado de 15 + 11.",26,28,24,29,A
Razonamiento Cuantitativo,Álgebra,Derecho,generica,"En el contexto de Álgebra (Derecho), calcule el resultado de 66 * 5.",330,332,335,333,A
Razonamiento Cuantitativo,Geometría,Tecnología,generica,"En el contexto de Geometría (Tecnología), calcule el resultado de 88 + 20.",104,114,108,111,C
Razonamiento Cuantitativo,Salud Pública,Salud,especifica,"En el contexto de Salud Pública (Salud), calcule el resultado de 41 + 12.",54,53,56,58,B
Razonamiento Cuantitativo,Estadística,Derecho,generica,"En el contexto de Estadística (Derecho), calcule el resultado de 46 - 8.",38,40,41,37,A
Razonamiento Cuantitativo,Geometría,Derecho,generica,"En el contexto de Geometría (Derecho), calcule el resultado de 55 * 5.",278,275,277,279,B
Razonamiento Cuantitativo,Derecho Civil,Derecho,especifica,"En el contexto de Derecho Civil (Derecho), calcule el resultado de 76 * 5.",379,384,382,380,D
Razonamiento Cuantitativo,Álgebra,Salud,generica,"En el contexto de Álgebra (Salud), calcule el resultado de 63 * 10.",625,630,634,633,B
Razonamiento Cuantitativo,Geometría,Tecnología,generica,"En el contexto de Geometría (Tecnología), calcule el resultado de 58 - 16.",45,47,39,42,D
Razonamiento Cuantitativo,Bases de Datos,Ingeniería,especifica,"En el contexto de Bases de Datos (Ingeniería), calcule el resultado de 51 - 9.",41,44,43,42,D
Razonamiento Cuantitativo,Teoría del Derecho,Derecho,especifica,"En el contexto de Teoría del Derecho (Derecho), calcule el resultado de 76 * 18.",1371,1368,1372,1370,B
Razonamiento Cuantitativo,Geometría,Derecho,generica,"En el contexto de Geometría (Derecho), calcule el resultado de 57 - 18.",43,45,37,39,D
Razonamiento Cuantitativo,Aritmética,Tecnología,generica,"En el contexto de Aritmética (Tecnología), calcule el resultado de 31 - 13.",16,22,18,15,C
Razonamiento Cuantitativo,Teoría del Derecho,Derecho,especifica,"En el contexto de Teoría del Derecho (Derecho), calcule el resultado de 90 * 7.",630,634,632,633,A
Razonamiento Cuantitativo,Aritmética,Educación,generica,"En el contexto de Aritmética (Educación), calcule el resultado de 98 + 15.",114,113,108,116,B
Razonamiento Cuantitativo,Álgebra,Tecnología,generica,"En el contexto de Álgebra (Tecnología), calcule el resultado de 73 * 19.",1391,1393,1387,1390,C
Razonamiento Cuantitativo,Aritmética,Administración,generica,"En el contexto de Aritmética (Administración), calcule el resultado de 13 + 5.",22,18,23,21,B
Razonamiento Cuantitativo,Ciencia de Datos,Tecnología,especifica,"En el contexto de Ciencia de Datos (Tecnología), calcule el resultado de 28 - 9.",21,19,20,16,B
Razonamiento Cuantitativo,Salud Pública,Salud,especifica,"En el contexto de Salud Pública (Salud), calcule el resultado de 16 - 9.",3,5,7,2,C
Razonamiento Cuantitativo,Geometría,Educación,generica,"En el contexto de Geometría (Educación), calcule el resultado de 48 * 15.",723,719,720,725,C
Razonamiento Cuantitativo,Farmacología,Salud,especifica,"En el contexto de Farmacología (Salud), calcule el resultado de 12 + 9.",21,19,26,24,A
Razonamiento Cuantitativo,Aritmética,Educación,generica,"En el contexto de Aritmética (Educación), calcule el resultado de 25 - 15.",10,6,5,14,A
Razonamiento Cuantitativo,Aritmética,Ingeniería,generica,"En el contexto de Aritmética (Ingeniería), calcule el resultado de 53 + 6.",54,57,61,59,D
Razonamiento Cuantitativo,Álgebra,Administración,generica,"En el contexto de Álgebra (Administración), calcule el resultado de 61 * 14.",857,854,856,849,B
Razonamiento Cuantitativo,Derecho Laboral,Derecho,especifica,"En el contexto de Derecho Laboral (Derecho), calcule el resultado de 57 + 19.",76,74,71,81,A
Razonamiento Cuantitativo,Seguridad Informática,Tecnología,especifica,"En el contexto de Seguridad Informática (Tecnología), calcule el resultado de 13 + 20.",30,33,38,35,B
Razonamiento Cuantitativo,Administración Financiera,Administración,especifica,"En el contexto de Administración Financiera (Administración), calcule el resultado de 18 - 19.",-3,-4,-1,4,C
Razonamiento Cuantitativo,Estadística,Tecnología,generica,"En el contexto de Estadística (Tecnología), calcule el resultado de 61 * 16.",976,978,980,974,A
Razonamiento Cuantitativo,Seguridad Informática,Tecnología,especifica,"En el contexto de Seguridad Informática (Tecnología), calcule el resultado de 41 - 14.",27,24,31,26,A
Razonamiento Cuantitativo,Álgebra,Salud,generica,"En el contexto de Álgebra (Salud), calcule el resultado de 65 - 8.",59,57,61,60,B
Razonamiento Cuantitativo,Geometría,Tecnología,generica,"En el contexto de Geometría (Tecnología), calcule el resultado de 95 - 20.",81,74,75,72,C
Razonamiento Cuantitativo,Redes y Telecomunicaciones,Ingeniería,especifica,"En el contexto de Redes y Telecomunicaciones (Ingeniería), calcule el resultado de 54 - 4.",50,55,54,45,A
Razonamiento Cuantitativo,Epidemiología,Salud,especifica,"En el contexto de Epidemiología (Salud), calcule el resultado de 98 * 16.",1568,1563,1564,1570,A
Razonamiento Cuantitativo,Álgebra,Administración,generica,"En el contexto de Álgebra (Administración), calcule el resultado de 79 + 10.",88,89,85,92,B
Razonamiento Cuantitativo,Geometría,Administración,generica,"En el contexto de Geometría (Administración), calcule el resultado de 95 + 17.",118,108,112,110,C
Razonamiento Cuantitativo,Marketing,Administración,especifica,"En el contexto de Marketing (Administración), calcule el resultado de 85 + 20.",101,105,109,107,B
Razonamiento Cuantitativo,Salud Pública,Salud,especifica,"En el contexto de Salud Pública (Salud), calcule el resultado de 98 + 11.",107,109,112,110,B
Razonamiento Cuantitativo,Aritmética,Tecnología,generica,"En el contexto de Aritmética (Tecnología), calcule el resultado de 30 - 12.",18,23,21,17,A
Razonamiento Cuantitativo,Bases de Datos,Ingeniería,especifica,"En el contexto de Bases de Datos (Ingeniería), calcule el resultado de 82 + 10.",88,92,97,96,B
Razonamiento Cuantitativo,Estadística,Tecnología,generica,"En el contexto de Estadística (Tecnología), calcule el resultado de 93 + 9.",102,105,98,101,A
Razonamiento Cuantitativo,Álgebra,Tecnología,generica,"En el contexto de Álgebra (Tecnología), calcule el resultado de 23 * 11.",258,256,253,249,C
Razonamiento Cuantitativo,Derecho Civil,Derecho,especifica,"En el contexto de Derecho Civil (Derecho), calcule el resultado de 40 + 3.",39,47,43,45,C
Razonamiento Cuantitativo,Marketing,Administración,especifica,"En el contexto de Marketing (Administración), calcule el resultado de 27 * 16.",435,432,433,428,B
Razonamiento Cuantitativo,Derecho Laboral,Derecho,especifica,"En el contexto de Derecho Laboral (Derecho), calcule el resultado de 64 - 6.",60,58,62,59,B
Razonamiento Cuantitativo,Estadística,Tecnología,generica,"En el contexto de Estadística (Tecnología), calcule el resultado de 10 * 16.",166,162,160,164,C
Razonamiento Cuantitativo,Bases de Datos,Ingeniería,especifica,"En el contexto de Bases de Datos (Ingeniería), calcule el resultado de 87 * 11.",962,960,957,959,C
Razonamiento Cuantitativo,Geometría,Administración,generica,"En el contexto de Geometría (Administración), calcule el resultado de 98 + 4.",106,102,108,107,B
Razonamiento Cuantitativo,Álgebra,Salud,generica,"En el contexto de Álgebra (Salud), calcule el resultado de 33 * 8.",268,270,264,263,C
Razonamiento Cuantitativo,Álgebra,Administración,generica,"En el contexto de Álgebra (Administración), calcule el resultado de 79 * 20.",1582,1586,1575,1580,D
Razonamiento Cuantitativo,Aritmética,Salud,generica,"En el contexto de Aritmética (Salud), calcule el resultado de 90 + 18.",106,113,108,107,C
Razonamiento Cuantitativo,Estadística,Salud,generica,"En el contexto de Estadística (Salud), calcule el resultado de 15 * 2.",34,32,30,25,C
Razonamiento Cuantitativo,Derecho Penal,Derecho,especifica,"En el contexto de Derecho Penal (Derecho), calcule el resultado de 82 * 5.",407,414,410,411,C
Razonamiento Cuantitativo,Derecho Civil,Derecho,especifica,"En el contexto de Derecho Civil (Derecho), calcule el resultado de 72 * 3.",220,215,216,213,C
Razonamiento Cuantitativo,Administración Financiera,Administración,especifica,"En el contexto de Administración Financiera (Administración), calcule el resultado de 84 + 16.",97,100,101,99,B
Razonamiento Cuantitativo,Sistemas Operativos,Tecnología,especifica,"En el contexto de Sistemas Operativos (Tecnología), calcule el resultado de 85 * 10.",849,853,847,850,D
Razonamiento Cuantitativo,Ingeniería de Software,Ingeniería,especifica,"En el contexto de Ingeniería de Software (Ingeniería), calcule el resultado de 19 * 7.",133,129,137,138,A
Razonamiento Cuantitativo,Álgebra,Educación,generica,"En el contexto de Álgebra (Educación), calcule el resultado de 49 * 6.",289,292,298,294,D
Razonamiento Cuantitativo,Bioética,Salud,especifica,"En el contexto de Bioética (Salud), calcule el resultado de 10 * 12.",124,120,118,122,B
Razonamiento Cuantitativo,Ciencia de Datos,Tecnología,especifica,"En el contexto de Ciencia de Datos (Tecnología), calcule el resultado de 59 + 10.",69,73,75,74,A
Razonamiento Cuantitativo,Derecho Constitucional,Derecho,especifica,"En el contexto de Derecho Constitucional (Derecho), calcule el resultado de 35 * 15.",525,522,526,531,A
Razonamiento Cuantitativo,Currículo,Educación,especifica,"En el contexto de Currículo (Educación), calcule el resultado de 56 * 18.",1008,1012,1014,1010,A
Razonamiento Cuantitativo,Geometría,Tecnología,generica,"En el contexto de Geometría (Tecnología), calcule el resultado de 74 + 13.",89,85,91,87,D
Razonamiento Cuantitativo,Álgebra,Administración,generica,"En el contexto de Álgebra (Administración), calcule el resultado de 48 - 11.",34,37,43,40,B
Razonamiento Cuantitativo,Geometría,Educación,generica,"En el contexto de Geometría (Educación), calcule el resultado de 55 * 15.",822,828,825,826,C
Razonamiento Cuantitativo,Marketing,Administración,especifica,"En el contexto de Marketing (Administración), calcule el resultado de 16 - 14.",2,1,6,5,A
Razonamiento Cuantitativo,Administración Financiera,Administración,especifica,"En el contexto de Administración Financiera (Administración), calcule el resultado de 19 - 20.",-1,5,-3,1,A
Razonamiento Cuantitativo,Estadística,Ingeniería,generica,"En el contexto de Estadística (Ingeniería), calcule el resultado de 13 - 17.",-3,2,-4,-7,C
Razonamiento Cuantitativo,Farmacología,Salud,especifica,"En el contexto de Farmacología (Salud), calcule el resultado de 42 + 16.",64,59,55,58,D
Razonamiento Cuantitativo,Álgebra,Administración,generica,"En el contexto de Álgebra (Administración), calcule el resultado de 36 * 6.",217,216,220,219,B
Razonamiento Cuantitativo,Recursos Humanos,Administración,especifica,"En el contexto de Recursos Humanos (Administración), calcule el resultado de 71 * 3.",217,213,218,219,B
Razonamiento Cuantitativo,Geometría,Administración,generica,"En el contexto de Geometría (Administración), calcule el resultado de 22 + 13.",37,30,35,34,C
Razonamiento Cuantitativo,Derecho Civil,Derecho,especifica,"En el contexto de Derecho Civil (Derecho), calcule el resultado de 87 * 13.",1129,1134,1131,1132,C
Razonamiento Cuantitativo,Recursos Humanos,Administración,especifica,"En el contexto de Recursos Humanos (Administración), calcule el resultado de 59 + 16.",72,74,77,75,D
Razonamiento Cuantitativo,Geometría,Ingeniería,generica,"En el contexto de Geometría (Ingeniería), calcule el resultado de 62 * 14.",865,866,872,868,D
Razonamiento Cuantitativo,Geometría,Educación,generica,"En el contexto de Geometría (Educación), calcule el resultado de 92 - 10.",86,78,82,77,C
Razonamiento Cuantitativo,Geometría,Ingeniería,generica,"En el contexto de Geometría (Ingeniería), calcule el resultado de 41 - 7.",40,34,30,29,B
Razonamiento Cuantitativo,Sistemas Embebidos,Ingeniería,especifica,"En el contexto de Sistemas Embebidos (Ingeniería), calcule el resultado de 33 + 15.",47,52,48,46,C
Razonamiento Cuantitativo,Derecho Constitucional,Derecho,especifica,"En el contexto de Derecho Constitucional (Derecho), calcule el resultado de 31 * 16.",496,500,498,492,A
Razonamiento Cuantitativo,Álgebra,Ingeniería,generica,"En el contexto de Álgebra (Ingeniería), calcule el resultado de 83 * 15.",1247,1244,1245,1242,C
Razonamiento Cuantitativo,Aritmética,Administración,generica,"En el contexto de Aritmética (Administración), calcule el resultado de 32 * 9.",288,290,283,294,A
Razonamiento Cuantitativo,Evaluación Educativa,Educación,especifica,"En el contexto de Evaluación Educativa (Educación), calcule el resultado de 19 * 10.",190,193,189,188,A
Razonamiento Cuantitativo,Bioética,Salud,especifica,"En el contexto de Bioética (Salud), calcule el resultado de 44 - 2.",44,46,42,47,C
Razonamiento Cuantitativo,Seguridad Informática,Tecnología,especifica,"En el contexto de Seguridad Informática (Tecnología), calcule el resultado de 64 * 12.",772,771,768,770,C
Razonamiento Cuantitativo,Seguridad Informática,Tecnología,especifica,"En el contexto de Seguridad Informática (Tecnología), calcule el resultado de 40 * 8.",321,315,320,319,C
Razonamiento Cuantitativo,Teoría del Derecho,Derecho,especifica,"En el contexto de Teoría del Derecho (Derecho), calcule el resultado de 83 - 2.",86,84,85,81,D
Razonamiento Cuantitativo,Bioética,Salud,especifica,"En el contexto de Bioética (Salud), calcule el resultado de 88 + 12.",105,106,100,103,C
Razonamiento Cuantitativo,Álgebra,Derecho,generica,"En el contexto de Álgebra (Derecho), calcule el resultado de 18 - 18.",-3,-2,-5,0,D
Razonamiento Cuantitativo,Geometría,Educación,generica,"En el contexto de Geometría (Educación), calcule el resultado de 25 + 15.",40,41,43,44,A
Razonamiento Cuantitativo,Geometría,Educación,generica,"En el contexto de Geometría (Educación), calcule el resultado de 98 - 5.",96,91,93,98,C
Razonamiento Cuantitativo,Derecho Laboral,Derecho,especifica,"En el contexto de Derecho Laboral (Derecho), calcule el resultado de 57 - 18.",43,39,41,37,B
Razonamiento Cuantitativo,Currículo,Educación,especifica,"En el contexto de Currículo (Educación), calcule el resultado de 51 + 10.",63,61,64,57,B
Razonamiento Cuantitativo,Currículo,Educación,especifica,"En el contexto de Currículo (Educación), calcule el resultado de 15 - 16.",-1,2,-4,4,A
Razonamiento Cuantitativo,Fisiología,Salud,especifica,"En el contexto de Fisiología (Salud), calcule el resultado de 89 * 8.",714,711,717,712,D
Razonamiento Cuantitativo,Aritmética,Derecho,generica,"En el contexto de Aritmética (Derecho), calcule el resultado de 23 * 20.",456,464,461,460,D
Razonamiento Cuantitativo,Derecho Constitucional,Derecho,especifica,"En el contexto de Derecho Constitucional (Derecho), calcule el resultado de 95 * 9.",857,855,850,859,B
Razonamiento Cuantitativo,Aritmética,Ingeniería,generica,"En el contexto de Aritmética (Ingeniería), calcule el resultado de 83 + 2.",81,88,87,85,D
Razonamiento Cuantitativo,Fisiología,Salud,especifica,"En el contexto de Fisiología (Salud), calcule el resultado de 51 + 12.",63,67,58,66,A
Razonamiento Cuantitativo,Estadística,Salud,generica,"En el contexto de Estadística (Salud), calcule el resultado de 81 * 14.",1131,1135,1139,1134,D
Razonamiento Cuantitativo,Aritmética,Educación,generica,"En el contexto de Aritmética (Educación), calcule el resultado de 36 * 19.",684,689,679,687,A
Razonamiento Cuantitativo,Epidemiología,Salud,especifica,"En el contexto de Epidemiología (Salud), calcule el resultado de 94 * 3.",282,277,287,279,A
Razonamiento Cuantitativo,Recursos Humanos,Administración,especifica,"En el contexto de Recursos Humanos (Administración), calcule el resultado de 35 * 8.",278,276,280,285,C
Razonamiento Cuantitativo,Aritmética,Ingeniería,generica,"En el contexto de Aritmética (Ingeniería), calcule el resultado de 86 + 17.",106,103,105,109,B
Razonamiento Cuantitativo,Marketing,Administración,especifica,"En el contexto de Marketing (Administración), calcule el resultado de 76 - 5.",75,67,70,71,D
Razonamiento Cuantitativo,Marketing,Administración,especifica,"En el contexto de Marketing (Administración), calcule el resultado de 15 - 7.",13,14,8,5,C
Razonamiento Cuantitativo,Álgebra,Educación,generica,"En el contexto de Álgebra (Educación), calcule el resultado de 29 - 9.",21,17,20,16,C
Razonamiento Cuantitativo,Emprendimiento,Administración,especifica,"En el contexto de Emprendimiento (Administración), calcule el resultado de 52 + 14.",66,69,68,67,A
Razonamiento Cuantitativo,Geometría,Educación,generica,"En el contexto de Geometría (Educación), calcule el resultado de 21 - 8.",19,13,16,8,B
Razonamiento Cuantitativo,Evaluación Educativa,Educación,especifica,"En el contexto de Evaluación Educativa (Educación), calcule el resultado de 84 + 11.",92,95,94,101,B
Razonamiento Cuantitativo,Estadística,Ingeniería,generica,"En el contexto de Estadística (Ingeniería), calcule el resultado de 67 + 17.",84,81,85,88,A
Razonamiento Cuantitativo,Ingeniería de Software,Ingeniería,especifica,"En el contexto de Ingeniería de Software (Ingeniería), calcule el resultado de 30 - 14.",11,18,15,16,D
Razonamiento Cuantitativo,Estadística,Salud,generica,"En el contexto de Estadística (Salud), calcule el resultado de 19 * 13.",247,249,250,248,A
Razonamiento Cuantitativo,Aritmética,Educación,generica,"En el contexto de Aritmética (Educación), calcule el resultado de 23 + 9.",32,34,27,36,A
Razonamiento Cuantitativo,Aritmética,Administración,generica,"En el contexto de Aritmética (Administración), calcule el resultado de 74 - 10.",64,66,62,69,A
Razonamiento Cuantitativo,Aritmética,Ingeniería,generica,"En el contexto de Aritmética (Ingeniería), calcule el resultado de 72 + 20.",90,92,89,96,B
Razonamiento Cuantitativo,Redes y Telecomunicaciones,Ingeniería,especifica,"En el contexto de Redes y Telecomunicaciones (Ingeniería), calcule el resultado de 39 * 9.",357,351,353,350,B
Razonamiento Cuantitativo,Marketing,Administración,especifica,"En el contexto de Marketing (Administración), calcule el resultado de 48 + 12.",58,63,65,60,D
Razonamiento Cuantitativo,Álgebra,Administración,generica,"En el contexto de Álgebra (Administración), calcule el resultado de 29 + 13.",46,45,42,40,C
Razonamiento Cuantitativo,Estadística,Ingeniería,generica,"En el contexto de Estadística (Ingeniería), calcule el resultado de 18 + 4.",18,23,22,26,C
Razonamiento Cuantitativo,Estadística,Administración,generica,"En el contexto de Estadística (Administración), calcule el resultado de 16 * 16.",261,260,256,251,C
Razonamiento Cuantitativo,Geometría,Administración,generica,"En el contexto de Geometría (Administración), calcule el resultado de 81 - 9.",73,72,77,78,B
Razonamiento Cuantitativo,Estadística,Ingeniería,generica,"En el contexto de Estadística (Ingeniería), calcule el resultado de 94 - 15.",80,78,84,79,D
Razonamiento Cuantitativo,Álgebra,Derecho,generica,"En el contexto de Álgebra (Derecho), calcule el resultado de 52 + 19.",71,72,66,75,A
Razonamiento Cuantitativo,Geometría,Educación,generica,"En el contexto de Geometría (Educación), calcule el resultado de 62 + 19.",81,80,82,83,A
Razonamiento Cuantitativo,Estadística,Educación,generica,"En el contexto de Estadística (Educación), calcule el resultado de 88 - 14.",72,80,78,74,D
Razonamiento Cuantitativo,Ingeniería de Software,Ingeniería,especifica,"En el contexto de Ingeniería de Software (Ingeniería), calcule el resultado de 41 * 16.",662,660,658,656,D
Razonamiento Cuantitativo,Estadística,Tecnología,generica,"En el contexto de Estadística (Tecnología), calcule el resultado de 66 - 10.",58,61,59,56,D
Razonamiento Cuantitativo,Arquitectura de Computadores,Tecnología,especifica,"En el contexto de Arquitectura de Computadores (Tecnología), calcule el resultado de 97 * 5.",491,489,488,485,D
Razonamiento Cuantitativo,Estadística,Salud,generica,"En el contexto de Estadística (Salud), calcule el resultado de 28 * 8.",227,225,224,230,C
Razonamiento Cuantitativo,Didáctica,Educación,especifica,"En el contexto de Didáctica (Educación), calcule el resultado de 63 - 19.",48,44,47,46,B
Razonamiento Cuantitativo,Bases de Datos,Ingeniería,especifica,"En el contexto de Bases de Datos (Ingeniería), calcule el resultado de 27 * 8.",216,220,211,215,A
Razonamiento Cuantitativo,Bioética,Salud,especifica,"En el contexto de Bioética (Salud), calcule el resultado de 98 - 7.",95,87,94,91,D
Razonamiento Cuantitativo,Geometría,Ingeniería,generica,"En el contexto de Geometría (Ingeniería), calcule el resultado de 74 * 15.",1112,1114,1109,1110,D
Razonamiento Cuantitativo,Estadística,Ingeniería,generica,"En el contexto de Estadística (Ingeniería), calcule el resultado de 60 - 18.",43,42,44,38,B
Razonamiento Cuantitativo,Didáctica,Educación,especifica,"En el contexto de Didáctica (Educación), calcule el resultado de 80 * 5.",400,401,405,403,A
Razonamiento Cuantitativo,Estadística,Salud,generica,"En el contexto de Estadística (Salud), calcule el resultado de 61 - 14.",44,50,47,52,C
Razonamiento Cuantitativo,Aritmética,Salud,generica,"En el contexto de Aritmética (Salud), calcule el resultado de 83 * 9.",747,745,751,750,A
Competencias Ciudadanas,Participación y Responsabilidad,Derecho,generica,"Situación (Participación y Responsabilidad, Derecho): En una asamblea estudiantil se debate asignar presupuesto solo a un programa que beneficia a un grupo minoritario. ¿Cuál es la acción más acorde con los valores democráticos?",Defender el derecho a la igualdad y buscar un acuerdo que incluya a todos,Imponer por mayoría la asignación sin dialogar,Ignorar a la minoría para evitar conflictos,Cancelar la asamblea por falta de consenso,A
Competencias Ciudadanas,Seguridad Informática,Tecnología,especifica,"Situación (Seguridad Informática, Tecnología): En un barrio, dos vecinos discuten por el ruido nocturno. ¿Cuál es la acción más acorde con los valores democráticos?",Proponer reglas de convivencia mediadas por la comunidad,Amenazar con sanciones sin diálogo,Ignorar el problema por considerarlo personal,Publicar en redes sociales para presionar,A
Competencias Ciudadanas,Emprendimiento,Administración,especifica,"Situación (Emprendimiento, Administración): En un barrio, dos vecinos discuten por el ruido nocturno. ¿Cuál es la acción más acorde con los valores democráticos?",Proponer reglas de convivencia mediadas por la comunidad,Amenazar con sanciones sin diálogo,Ignorar el problema por considerarlo personal,Publicar en redes sociales para presionar,A
Competencias Ciudadanas,"Pluralidad, Identidad y Valoración de las Diferencias",Tecnología,generica,"Situación (Pluralidad, Identidad y Valoración de las Diferencias, Tecnología): En un barrio, dos vecinos discuten por el ruido nocturno. ¿Cuál es la acción más acorde con los valores democráticos?",Proponer reglas de convivencia mediadas por la comunidad,Amenazar con sanciones sin diálogo,Ignorar el problema por considerarlo personal,Publicar en redes sociales para presionar,A
Competencias Ciudadanas,Convivencia y Paz,Derecho,generica,"Situación (Convivencia y Paz, Derecho): En un barrio, dos vecinos discuten por el ruido nocturno. ¿Cuál es la acción más acorde con los valores democráticos?",Proponer reglas de convivencia mediadas por la comunidad,Amenazar con sanciones sin diálogo,Ignorar el problema por considerarlo personal,Publicar en redes sociales para presionar,A
Competencias Ciudadanas,"Pluralidad, Identidad y Valoración de las Diferencias",Ingeniería,generica,"Situación (Pluralidad, Identidad y Valoración de las Diferencias, Ingeniería): En una asamblea estudiantil se debate asignar presupuesto solo a un programa que beneficia a un grupo minoritario. ¿Cuál es la acción más acorde con los valores democráticos?",Defender el derecho a la igualdad y buscar un acuerdo que incluya a todos,Imponer por mayoría la asignación sin dialogar,Ignorar a la minoría para evitar conflictos,Cancelar la asamblea por falta de consenso,A
Competencias Ciudadanas,"Pluralidad, Identidad y Valoración de las Diferencias",Educación,generica,"Situación (Pluralidad, Identidad y Valoración de las Diferencias, Educación): En una asamblea estudiantil se debate asignar presupuesto solo a un programa que beneficia a un grupo minoritario. ¿Cuál es la acción más acorde con los valores democráticos?",Defender el derecho a la igualdad y buscar un acuerdo que incluya a todos,Imponer por mayoría la asignación sin dialogar,Ignorar a la minoría para evitar conflictos,Cancelar la asamblea por falta de consenso,A
Competencias Ciudadanas,Bases de Datos,Ingeniería,especifica,"Situación (Bases de Datos, Ingeniería): En una asamblea estudiantil se debate asignar presupuesto solo a un programa que beneficia a un grupo minoritario. ¿Cuál es la acción más acorde con los valores democráticos?",Defender el derecho a la igualdad y buscar un acuerdo que incluya a todos,Imponer por mayoría la asignación sin dialogar,Ignorar a la minoría para evitar conflictos,Cancelar la asamblea por falta de consenso,A
Competencias Ciudadanas,Convivencia y Paz,Ingeniería,generica,"Situación (Convivencia y Paz, Ingeniería): En un barrio, dos vecinos discuten por el ruido nocturno. ¿Cuál es la acción más acorde con los valores democráticos?",Proponer reglas de convivencia mediadas por la comunidad,Amenazar con sanciones sin diálogo,Ignorar el problema por considerarlo personal,Publicar en redes sociales para presionar,A
Competencias Ciudadanas,Participación y Responsabilidad,Educación,generica,"Situación (Participación y Responsabilidad, Educación): En una asamblea estudiantil se debate asignar presupuesto solo a un programa que beneficia a un grupo minoritario. ¿Cuál es la acción más acorde con los valores democráticos?",Defender el derecho a la igualdad y buscar un acuerdo que incluya a todos,Imponer por mayoría la asignación sin dialogar,Ignorar a la minoría para evitar conflictos,Cancelar la asamblea por falta de consenso,A
Competencias Ciudadanas,Participación y Responsabilidad,Ingeniería,generica,"Situación (Participación y Responsabilidad, Ingeniería): En una asamblea estudiantil se debate asignar presupuesto solo a un programa que beneficia a un grupo minoritario. ¿Cuál es la acción más acorde con los valores democráticos?",Defender el derecho a la igualdad y buscar un acuerdo que incluya a todos,Imponer por mayoría la asignación sin dialogar,Ignorar a la minoría para evitar conflictos,Cancelar la asamblea por falta de consenso,A
Competencias Ciudadanas,"Pluralidad, Identidad y Valoración de las Diferencias",Salud,generica,"Situación (Pluralidad, Identidad y Valoración de las Diferencias, Salud): En un barrio, dos vecinos discuten por el ruido nocturno. ¿Cuál es la acción más acorde con los valores democráticos?",Proponer reglas de convivencia mediadas por la comunidad,Amenazar con sanciones sin diálogo,Ignorar el problema por considerarlo personal,Publicar en redes sociales para presionar,A
Competencias Ciudadanas,Convivencia y Paz,Educación,generica,"Situación (Convivencia y Paz, Educación): En una asamblea estudiantil se debate asignar presupuesto solo a un programa que beneficia a un grupo minoritario. ¿Cuál es la acción más acorde con los valores democráticos?",Defender el derecho a la igualdad y buscar un acuerdo que incluya a todos,Imponer por mayoría la asignación sin dialogar,Ignorar a la minoría para evitar conflictos,Cancelar la asamblea por falta de consenso,A
Competencias Ciudadanas,Derecho Penal,Derecho,especifica,"Situación (Derecho Penal, Derecho): En un barrio, dos vecinos discuten por el ruido nocturno. ¿Cuál es la acción más acorde con los valores democráticos?",Proponer reglas de convivencia mediadas por la comunidad,Amenazar con sanciones sin diálogo,Ignorar el problema por considerarlo personal,Publicar en redes sociales para presionar,A
Competencias Ciudadanas,Convivencia y Paz,Derecho,generica,"Situación (Convivencia y Paz, Derecho): En una asamblea estudiantil se debate asignar presupuesto solo a un programa que beneficia a un grupo minoritario. ¿Cuál es la acción más acorde con los valores democráticos?",Defender el derecho a la igualdad y buscar un acuerdo que incluya a todos,Imponer por mayoría la asignación sin dialogar,Ignorar a la minoría para evitar conflictos,Cancelar la asamblea por falta de consenso,A
Competencias Ciudadanas,"Pluralidad, Identidad y Valoración de las Diferencias",Administración,generica,"Situación (Pluralidad, Identidad y Valoración de las Diferencias, Administración): En un barrio, dos vecinos discuten por el ruido nocturno. ¿Cuál es la acción más acorde con los valores democráticos?",Proponer reglas de convivencia mediadas por la comunidad,Amenazar con sanciones sin diálogo,Ignorar el problema por considerarlo personal,Publicar en redes sociales para presionar,A
Competencias Ciudadanas,"Pluralidad, Identidad y Valoración de las Diferencias",Salud,generica,"Situación (Pluralidad, Identidad y Valoración de las Diferencias, Salud): En un barrio, dos vecinos discuten por el ruido nocturno. ¿Cuál es la acción más acorde con los valores democráticos?",Proponer reglas de convivencia mediadas por la comunidad,Amenazar con sanciones sin diálogo,Ignorar el problema por considerarlo personal,Publicar en redes sociales para presionar,A
Competencias Ciudadanas,Convivencia y Paz,Tecnología,generica,"Situación (Convivencia y Paz, Tecnología): En un barrio, dos vecinos discuten por el ruido nocturno. ¿Cuál es la acción más acorde con los valores democráticos?",Proponer reglas de convivencia mediadas por la comunidad,Amenazar con sanciones sin diálogo,Ignorar el problema por considerarlo personal,Publicar en redes sociales para presionar,A
Competencias Ciudadanas,"Pluralidad, Identidad y Valoración de las Diferencias",Salud,generica,"Situación (Pluralidad, Identidad y Valoración de las Diferencias, Salud): En un barrio, dos vecinos discuten por el ruido nocturno. ¿Cuál es la acción más acorde con los valores democráticos?",Proponer reglas de convivencia mediadas por la comunidad,Amenazar con sanciones sin diálogo,Ignorar el problema por considerarlo personal,Publicar en redes sociales para presionar,A
Competencias Ciudadanas,Administración Financiera,Administración,especifica,"Situación (Administración Financiera, Administración): En un barrio, dos vecinos discuten por el ruido nocturno. ¿Cuál es la acción más acorde con los valores democráticos?",Proponer reglas de convivencia mediadas por la comunidad,Amenazar con sanciones sin diálogo,Ignorar el problema por considerarlo personal,Publicar en redes sociales para presionar,A
Competencias Ciudadanas,Participación y Responsabilidad,Derecho,generica,"Situación (Participación y Responsabilidad, Derecho): En una asamblea estudiantil se debate asignar presupuesto solo a un programa que beneficia a un grupo minoritario. ¿Cuál es la acción más acorde con los valores democráticos?",Defender el derecho a la igualdad y buscar un acuerdo que incluya a todos,Imponer por mayoría la asignación sin dialogar,Ignorar a la minoría para evitar conflictos,Cancelar la asamblea por falta de consenso,A
Competencias Ciudadanas,Convivencia y Paz,Tecnología,generica,"Situación (Convivencia y Paz, Tecnología): En un barrio, dos vecinos discuten por el ruido nocturno. ¿Cuál es la acción más acorde con los valores democráticos?",Proponer reglas de convivencia mediadas por la comunidad,Amenazar con sanciones sin diálogo,Ignorar el problema por considerarlo personal,Publicar en redes sociales para presionar,A
Competencias Ciudadanas,Epidemiología,Salud,especifica,"Situación (Epidemiología, Salud): En un barrio, dos vecinos discuten por el ruido nocturno. ¿Cuál es la acción más acorde con los valores democráticos?",Proponer reglas de convivencia mediadas por la comunidad,Amenazar con sanciones sin diálogo,Ignorar el problema por considerarlo personal,Publicar en redes sociales para presionar,A
Competencias Ciudadanas,Convivencia y Paz,Administración,generica,"Situación (Convivencia y Paz, Administración): En una asamblea estudiantil se debate asignar presupuesto solo a un programa que beneficia a un grupo minoritario. ¿Cuál es la acción más acorde con los valores democráticos?",Defender el derecho a la igualdad y buscar un acuerdo que incluya a todos,Imponer por mayoría la asignación sin dialogar,Ignorar a la minoría para evitar conflictos,Cancelar la asamblea por falta de consenso,A
Competencias Ciudadanas,Convivencia y Paz,Salud,generica,"Situación (Convivencia y Paz, Salud): En una asamblea estudiantil se debate asignar presupuesto solo a un programa que beneficia a un grupo minoritario. ¿Cuál es la acción más acorde con los valores democráticos?",Defender el derecho a la igualdad y buscar un acuerdo que incluya a todos,Imponer por mayoría la asignación sin dialogar,Ignorar a la minoría para evitar conflictos,Cancelar la asamblea por falta de consenso,A
Competencias Ciudadanas,Arquitectura de Computadores,Tecnología,especifica,"Situación (Arquitectura de Computadores, Tecnología): En un barrio, dos vecinos discuten por el ruido nocturno. ¿Cuál es la acción más acorde con los valores democráticos?",Proponer reglas de convivencia mediadas por la comunidad,Amenazar con sanciones sin diálogo,Ignorar el problema por considerarlo personal,Publicar en redes sociales para presionar,A
Competencias Ciudadanas,Marketing,Administración,especifica,"Situación (Marketing, Administración): En un barrio, dos vecinos discuten por el ruido nocturno. ¿Cuál es la acción más acorde con los valores democráticos?",Proponer reglas de convivencia mediadas por la comunidad,Amenazar con sanciones sin diálogo,Ignorar el problema por considerarlo personal,Publicar en redes sociales para presionar,A
Competencias Ciudadanas,"Pluralidad, Identidad y Valoración de las Diferencias",Administración,generica,"Situación (Pluralidad, Identidad y Valoración de las Diferencias, Administración): En un barrio, dos vecinos discuten por el ruido nocturno. ¿Cuál es la acción más acorde con los valores democráticos?",Proponer reglas de convivencia mediadas por la comunidad,Amenazar con sanciones sin diálogo,Ignorar el problema por considerarlo personal,Publicar en redes sociales para presionar,A
Competencias Ciudadanas,Arquitectura de Computadores,Tecnología,especifica,"Situación (Arquitectura de Computadores, Tecnología): En una asamblea estudiantil se debate asignar presupuesto solo a un programa que beneficia a un grupo minoritario. ¿Cuál es la acción más acorde con los valores democráticos?",Defender el derecho a la igualdad y buscar un acuerdo que incluya a todos,Imponer por mayoría la asignación sin dialogar,Ignorar a la minoría para evitar conflictos,Cancelar la asamblea por falta de consenso,A
Competencias Ciudadanas,Participación y Responsabilidad,Ingeniería,generica,"Situación (Participación y Responsabilidad, Ingeniería): En una asamblea estudiantil se debate asignar presupuesto solo a un programa que beneficia a un grupo minoritario. ¿Cuál es la acción más acorde con los valores democráticos?",Defender el derecho a la igualdad y buscar un acuerdo que incluya a todos,Imponer por mayoría la asignación sin dialogar,Ignorar a la minoría para evitar conflictos,Cancelar la asamblea por falta de consenso,A
Competencias Ciudadanas,Desarrollo Web,Tecnología,especifica,"Situación (Desarrollo Web, Tecnología): En un barrio, dos vecinos discuten por el ruido nocturno. ¿Cuál es la acción más acorde con los valores democráticos?",Proponer reglas de convivencia mediadas por la comunidad,Amenazar con sanciones sin diálogo,Ignorar el problema por considerarlo personal,Publicar en redes sociales para presionar,A
Competencias Ciudadanas,Convivencia y Paz,Derecho,generica,"Situación (Convivencia y Paz, Derecho): En un barrio, dos vecinos discuten por el ruido nocturno. ¿Cuál es la acción más acorde con los valores democráticos?",Proponer reglas de convivencia mediadas por la comunidad,Amenazar con sanciones sin diálogo,Ignorar el problema por considerarlo personal,Publicar en redes sociales para presionar,A
Competencias Ciudadanas,Convivencia y Paz,Educación,generica,"Situación (Convivencia y Paz, Educación): En una asamblea estudiantil se debate asignar presupuesto solo a un programa que beneficia a un grupo minoritario. ¿Cuál es la acción más acorde con los valores democráticos?",Defender el derecho a la igualdad y buscar un acuerdo que incluya a todos,Imponer por mayoría la asignación sin dialogar,Ignorar a la minoría para evitar conflictos,Cancelar la asamblea por falta de consenso,A
Competencias Ciudadanas,Convivencia y Paz,Tecnología,generica,"Situación (Convivencia y Paz, Tecnología): En un barrio, dos vecinos discuten por el ruido nocturno. ¿Cuál es la acción más acorde con los valores democráticos?",Proponer reglas de convivencia mediadas por la comunidad,Amenazar con sanciones sin diálogo,Ignorar el problema por considerarlo personal,Publicar en redes sociales para presionar,A
Competencias Ciudadanas,Convivencia y Paz,Ingeniería,generica,"Situación (Convivencia y Paz, Ingeniería): En un barrio, dos vecinos discuten por el ruido nocturno. ¿Cuál es la acción más acorde con los valores democráticos?",Proponer reglas de convivencia mediadas por la comunidad,Amenazar con sanciones sin diálogo,Ignorar el problema por considerarlo personal,Publicar en redes sociales para presionar,A
Competencias Ciudadanas,Convivencia y Paz,Salud,generica,"Situación (Convivencia y Paz, Salud): En un barrio, dos vecinos discuten por el ruido nocturno. ¿Cuál es la acción más acorde con los valores democráticos?",Proponer reglas de convivencia mediadas por la comunidad,Amenazar con sanciones sin diálogo,Ignorar el problema por considerarlo personal,Publicar en redes sociales para presionar,A
Competencias Ciudadanas,Convivencia y Paz,Educación,generica,"Situación (Convivencia y Paz, Educación): En una asamblea estudiantil se debate asignar presupuesto solo a un programa que beneficia a un grupo minoritario. ¿Cuál es la acción más acorde con los valores democráticos?",Defender el derecho a la igualdad y buscar un acuerdo que incluya a todos,Imponer por mayoría la asignación sin dialogar,Ignorar a la minoría para evitar conflictos,Cancelar la asamblea por falta de consenso,A
Competencias Ciudadanas,"Pluralidad, Identidad y Valoración de las Diferencias",Derecho,generica,"Situación (Pluralidad, Identidad y Valoración de las Diferencias, Derecho): En un barrio, dos vecinos discuten por el ruido nocturno. ¿Cuál es la acción más acorde con los valores democráticos?",Proponer reglas de convivencia mediadas por la comunidad,Amenazar con sanciones sin diálogo,Ignorar el problema por considerarlo personal,Publicar en redes sociales para presionar,A
Competencias Ciudadanas,"Pluralidad, Identidad y Valoración de las Diferencias",Administración,generica,"Situación (Pluralidad, Identidad y Valoración de las Diferencias, Administración): En una asamblea estudiantil se debate asignar presupuesto solo a un programa que beneficia a un grupo minoritario. ¿Cuál es la acción más acorde con los valores democráticos?",Defender el derecho a la igualdad y buscar un acuerdo que incluya a todos,Imponer por mayoría la asignación sin dialogar,Ignorar a la minoría para evitar conflictos,Cancelar la asamblea por falta de consenso,A
Competencias Ciudadanas,Logística,Administración,especifica,"Situación (Logística, Administración): En un barrio, dos vecinos discuten por el ruido nocturno. ¿Cuál es la acción más acorde con los valores democráticos?",Proponer reglas de convivencia mediadas por la comunidad,Amenazar con sanciones sin diálogo,Ignorar el problema por considerarlo personal,Publicar en redes sociales para presionar,A
Competencias Ciudadanas,Sistemas Operativos,Tecnología,especifica,"Situación (Sistemas Operativos, Tecnología): En un barrio, dos vecinos discuten por el ruido nocturno. ¿Cuál es la acción más acorde con los valores democráticos?",Proponer reglas de convivencia mediadas por la comunidad,Amenazar con sanciones sin diálogo,Ignorar el problema por considerarlo personal,Publicar en redes sociales para presionar,A
Competencias Ciudadanas,Convivencia y Paz,Administración,generica,"Situación (Convivencia y Paz, Administración): En una asamblea estudiantil se debate asignar presupuesto solo a un programa que beneficia a un grupo minoritario. ¿Cuál es la acción más acorde con los valores democráticos?",Defender el derecho a la igualdad y buscar un acuerdo que incluya a todos,Imponer por mayoría la asignación sin dialogar,Ignorar a la minoría para evitar conflictos,Cancelar la asamblea por falta de consenso,A
Competencias Ciudadanas,Participación y Responsabilidad,Tecnología,generica,"Situación (Participación y Responsabilidad, Tecnología): En una asamblea estudiantil se debate asignar presupuesto solo a un programa que beneficia a un grupo minoritario. ¿Cuál es la acción más acorde con los valores democráticos?",Defender el derecho a la igualdad y buscar un acuerdo que incluya a todos,Imponer por mayoría la asignación sin dialogar,Ignorar a la minoría para evitar conflictos,Cancelar la asamblea por falta de consenso,A
Competencias Ciudadanas,Ingeniería de Software,Ingeniería,especifica,"Situación (Ingeniería de Software, Ingeniería): En un barrio, dos vecinos discuten por el ruido nocturno. ¿Cuál es la acción más acorde con los valores democráticos?",Proponer reglas de convivencia mediadas por la comunidad,Amenazar con sanciones sin diálogo,Ignorar el problema por considerarlo personal,Publicar en redes sociales para presionar,A
Competencias Ciudadanas,"Pluralidad, Identidad y Valoración de las Diferencias",Ingeniería,generica,"Situación (Pluralidad, Identidad y Valoración de las Diferencias, Ingeniería): En una asamblea estudiantil se debate asignar presupuesto solo a un programa que beneficia a un grupo minoritario. ¿Cuál es la acción más acorde con los valores democráticos?",Defender el derecho a la igualdad y buscar un acuerdo que incluya a todos,Imponer por mayoría la asignación sin dialogar,Ignorar a la minoría para evitar conflictos,Cancelar la asamblea por falta de consenso,A
Competencias Ciudadanas,"Pluralidad, Identidad y Valoración de las Diferencias",Educación,generica,"Situación (Pluralidad, Identidad y Valoración de las Diferencias, Educación): En un barrio, dos vecinos discuten por el ruido nocturno. ¿Cuál es la acción más acorde con los valores democráticos?",Proponer reglas de convivencia mediadas por la comunidad,Amenazar con sanciones sin diálogo,Ignorar el problema por considerarlo personal,Publicar en redes sociales para presionar,A
Competencias Ciudadanas,Fisiología,Salud,especifica,"Situación (Fisiología, Salud): En una asamblea estudiantil se debate asignar presupuesto solo a un programa que beneficia a un grupo minoritario. ¿Cuál es la acción más acorde con los valores democráticos?",Defender el derecho a la igualdad y buscar un acuerdo que incluya a todos,Imponer por mayoría la asignación sin dialogar,Ignorar a la minoría para evitar conflictos,Cancelar la asamblea por falta de consenso,A
Competencias Ciudadanas,Participación y Responsabilidad,Administración,generica,"Situación (Participación y Responsabilidad, Administración): En un barrio, dos vecinos discuten por el ruido nocturno. ¿Cuál es la acción más acorde con los valores democráticos?",Proponer reglas de convivencia mediadas por la comunidad,Amenazar con sanciones sin diálogo,Ignorar el problema por considerarlo personal,Publicar en redes sociales para presionar,A
Competencias Ciudadanas,Convivencia y Paz,Ingeniería,generica,"Situación (Convivencia y Paz, Ingeniería): En una asamblea estudiantil se debate asignar presupuesto solo a un programa que beneficia a un grupo minoritario. ¿Cuál es la acción más acorde con los valores democráticos?",Defender el derecho a la igualdad y buscar un acuerdo que incluya a todos,Imponer por mayoría la asignación sin dialogar,Ignorar a la minoría para evitar conflictos,Cancelar la asamblea por falta de consenso,A
Competencias Ciudadanas,"Pluralidad, Identidad y Valoración de las Diferencias",Salud,generica,"Situación (Pluralidad, Identidad y Valoración de las Diferencias, Salud): En un barrio, dos vecinos discuten por el ruido nocturno. ¿Cuál es la acción más acorde con los valores democráticos?",Proponer reglas de convivencia mediadas por la comunidad,Amenazar con sanciones sin diálogo,Ignorar el problema por considerarlo personal,Publicar en redes sociales para presionar,A
Competencias Ciudadanas,"Pluralidad, Identidad y Valoración de las Diferencias",Ingeniería,generica,"Situación (Pluralidad, Identidad y Valoración de las Diferencias, Ingeniería): En una asamblea estudiantil se debate asignar presupuesto solo a un programa que beneficia a un grupo minoritario. ¿Cuál es la acción más acorde con los valores democráticos?",Defender el derecho a la igualdad y buscar un acuerdo que incluya a todos,Imponer por mayoría la asignación sin dialogar,Ignorar a la minoría para evitar conflictos,Cancelar la asamblea por falta de consenso,A
Competencias Ciudadanas,"Pluralidad, Identidad y Valoración de las Diferencias",Salud,generica,"Situación (Pluralidad, Identidad y Valoración de las Diferencias, Salud): En una asamblea estudiantil se debate asignar presupuesto solo a un programa que beneficia a un grupo minoritario. ¿Cuál es la acción más acorde con los valores democráticos?",Defender el derecho a la igualdad y buscar un acuerdo que incluya a todos,Imponer por mayoría la asignación sin dialogar,Ignorar a la minoría para evitar conflictos,Cancelar la asamblea por falta de consenso,A
Competencias Ciudadanas,Seguridad Informática,Tecnología,especifica,"Situación (Seguridad Informática, Tecnología): En una asamblea estudiantil se debate asignar presupuesto solo a un programa que beneficia a un grupo minoritario. ¿Cuál es la acción más acorde con los valores democráticos?",Defender el derecho a la igualdad y buscar un acuerdo que incluya a todos,Imponer por mayoría la asignación sin dialogar,Ignorar a la minoría para evitar conflictos,Cancelar la asamblea por falta de consenso,A
Competencias Ciudadanas,Análisis de Señales,Ingeniería,especifica,"Situación (Análisis de Señales, Ingeniería): En un barrio, dos vecinos discuten por el ruido nocturno. ¿Cuál es la acción más acorde con los valores democráticos?",Proponer reglas de convivencia mediadas por la comunidad,Amenazar con sanciones sin diálogo,Ignorar el problema por considerarlo personal,Publicar en redes sociales para presionar,A
Competencias Ciudadanas,Redes y Telecomunicaciones,Ingeniería,especifica,"Situación (Redes y Telecomunicaciones, Ingeniería): En una asamblea estudiantil se debate asignar presupuesto solo a un programa que beneficia a un grupo minoritario. ¿Cuál es la acción más acorde con los valores democráticos?",Defender el derecho a la igualdad y buscar un acuerdo que incluya a todos,Imponer por mayoría la asignación sin dialogar,Ignorar a la minoría para evitar conflictos,Cancelar la asamblea por falta de consenso,A
Competencias Ciudadanas,"Pluralidad, Identidad y Valoración de las Diferencias",Salud,generica,"Situación (Pluralidad, Identidad y Valoración de las Diferencias, Salud): En una asamblea estudiantil se debate asignar presupuesto solo a un programa que beneficia a un grupo minoritario. ¿Cuál es la acción más acorde con los valores democráticos?",Defender el derecho a la igualdad y buscar un acuerdo que incluya a todos,Imponer por mayoría la asignación sin dialogar,Ignorar a la minoría para evitar conflictos,Cancelar la asamblea por falta de consenso,A
Competencias Ciudadanas,Arquitectura de Computadores,Tecnología,especifica,"Situación (Arquitectura de Computadores, Tecnología): En una asamblea estudiantil se debate asignar presupuesto solo a un programa que beneficia a un grupo minoritario. ¿Cuál es la acción más acorde con los valores democráticos?",Defender el derecho a la igualdad y buscar un acuerdo que incluya a todos,Imponer por mayoría la asignación sin dialogar,Ignorar a la minoría para evitar conflictos,Cancelar la asamblea por falta de consenso,A
Competencias Ciudadanas,Redes y Telecomunicaciones,Ingeniería,especifica,"Situación (Redes y Telecomunicaciones, Ingeniería): En una asamblea estudiantil se debate asignar presupuesto solo a un programa que beneficia a un grupo minoritario. ¿Cuál es la acción más acorde con los valores democráticos?",Defender el derecho a la igualdad y buscar un acuerdo que incluya a todos,Imponer por mayoría la asignación sin dialogar,Ignorar a la minoría para evitar conflictos,Cancelar la asamblea por falta de consenso,A
Competencias Ciudadanas,Participación y Responsabilidad,Ingeniería,generica,"Situación (Participación y Responsabilidad, Ingeniería): En una asamblea estudiantil se debate asignar presupuesto solo a un programa que beneficia a un grupo minoritario. ¿Cuál es la acción más acorde con los valores democráticos?",Defender el derecho a la igualdad y buscar un acuerdo que incluya a todos,Imponer por mayoría la asignación sin dialogar,Ignorar a la minoría para evitar conflictos,Cancelar la asamblea por falta de consenso,A
Competencias Ciudadanas,Administración Financiera,Administración,especifica,"Situación (Administración Financiera, Administración): En un barrio, dos vecinos discuten por el ruido nocturno. ¿Cuál es la acción más acorde con los valores democráticos?",Proponer reglas de convivencia mediadas por la comunidad,Amenazar con sanciones sin diálogo,Ignorar el problema por considerarlo personal,Publicar en redes sociales para presionar,A
Competencias Ciudadanas,Participación y Responsabilidad,Educación,generica,"Situación (Participación y Responsabilidad, Educación): En una asamblea estudiantil se debate asignar presupuesto solo a un programa que beneficia a un grupo minoritario. ¿Cuál es la acción más acorde con los valores democráticos?",Defender el derecho a la igualdad y buscar un acuerdo que incluya a todos,Imponer por mayoría la asignación sin dialogar,Ignorar a la minoría para evitar conflictos,Cancelar la asamblea por falta de consenso,A
Competencias Ciudadanas,Salud Pública,Salud,especifica,"Situación (Salud Pública, Salud): En una asamblea estudiantil se debate asignar presupuesto solo a un programa que beneficia a un grupo minoritario. ¿Cuál es la acción más acorde con los valores democráticos?",Defender el derecho a la igualdad y buscar un acuerdo que incluya a todos,Imponer por mayoría la asignación sin dialogar,Ignorar a la minoría para evitar conflictos,Cancelar la asamblea por falta de consenso,A
Competencias Ciudadanas,"Pluralidad, Identidad y Valoración de las Diferencias",Administración,generica,"Situación (Pluralidad, Identidad y Valoración de las Diferencias, Administración): En una asamblea estudiantil se debate asignar presupuesto solo a un programa que beneficia a un grupo minoritario. ¿Cuál es la acción más acorde con los valores democráticos?",Defender el derecho a la igualdad y buscar un acuerdo que incluya a todos,Imponer por mayoría la asignación sin dialogar,Ignorar a la minoría para evitar conflictos,Cancelar la asamblea por falta de consenso,A
Competencias Ciudadanas,Convivencia y Paz,Derecho,generica,"Situación (Convivencia y Paz, Derecho): En un barrio, dos vecinos discuten por el ruido nocturno. ¿Cuál es la acción más acorde con los valores democráticos?",Proponer reglas de convivencia mediadas por la comunidad,Amenazar con sanciones sin diálogo,Ignorar el problema por considerarlo personal,Publicar en redes sociales para presionar,A
Competencias Ciudadanas,Convivencia y Paz,Ingeniería,generica,"Situación (Convivencia y Paz, Ingeniería): En una asamblea estudiantil se debate asignar presupuesto solo a un programa que beneficia a un grupo minoritario. ¿Cuál es la acción más acorde con los valores democráticos?",Defender el derecho a la igualdad y buscar un acuerdo que incluya a todos,Imponer por mayoría la asignación sin dialogar,Ignorar a la minoría para evitar conflictos,Cancelar la asamblea por falta de consenso,A
Competencias Ciudadanas,"Pluralidad, Identidad y Valoración de las Diferencias",Derecho,generica,"Situación (Pluralidad, Identidad y Valoración de las Diferencias, Derecho): En una asamblea estudiantil se debate asignar presupuesto solo a un programa que beneficia a un grupo minoritario. ¿Cuál es la acción más acorde con los valores democráticos?",Defender el derecho a la igualdad y buscar un acuerdo que incluya a todos,Imponer por mayoría la asignación sin dialogar,Ignorar a la minoría para evitar conflictos,Cancelar la asamblea por falta de consenso,A
Competencias Ciudadanas,"Pluralidad, Identidad y Valoración de las Diferencias",Tecnología,generica,"Situación (Pluralidad, Identidad y Valoración de las Diferencias, Tecnología): En un barrio, dos vecinos discuten por el ruido nocturno. ¿Cuál es la acción más acorde con los valores democráticos?",Proponer reglas de convivencia mediadas por la comunidad,Amenazar con sanciones sin diálogo,Ignorar el problema por considerarlo personal,Publicar en redes sociales para presionar,A
Competencias Ciudadanas,Convivencia y Paz,Salud,generica,"Situación (Convivencia y Paz, Salud): En una asamblea estudiantil se debate asignar presupuesto solo a un programa que beneficia a un grupo minoritario. ¿Cuál es la acción más acorde con los valores democráticos?",Defender el derecho a la igualdad y buscar un acuerdo que incluya a todos,Imponer por mayoría la asignación sin dialogar,Ignorar a la minoría para evitar conflictos,Cancelar la asamblea por falta de consenso,A
Competencias Ciudadanas,"Pluralidad, Identidad y Valoración de las Diferencias",Ingeniería,generica,"Situación (Pluralidad, Identidad y Valoración de las Diferencias, Ingeniería): En un barrio, dos vecinos discuten por el ruido nocturno. ¿Cuál es la acción más acorde con los valores democráticos?",Proponer reglas de convivencia mediadas por la comunidad,Amenazar con sanciones sin diálogo,Ignorar el problema por considerarlo personal,Publicar en redes sociales para presionar,A
Competencias Ciudadanas,"Pluralidad, Identidad y Valoración de las Diferencias",Administración,generica,"Situación (Pluralidad, Identidad y Valoración de las Diferencias, Administración): En una asamblea estudiantil se debate asignar presupuesto solo a un programa que beneficia a un grupo minoritario. ¿Cuál es la acción más acorde con los valores democráticos?",Defender el derecho a la igualdad y buscar un acuerdo que incluya a todos,Imponer por mayoría la asignación sin dialogar,Ignorar a la minoría para evitar conflictos,Cancelar la asamblea por falta de consenso,A
Competencias Ciudadanas,Convivencia y Paz,Tecnología,generica,"Situación (Convivencia y Paz, Tecnología): En una asamblea estudiantil se debate asignar presupuesto solo a un programa que beneficia a un grupo minoritario. ¿Cuál es la acción más acorde con los valores democráticos?",Defender el derecho a la igualdad y buscar un acuerdo que incluya a todos,Imponer por mayoría la asignación sin dialogar,Ignorar a la minoría para evitar conflictos,Cancelar la asamblea por falta de consenso,A
Competencias Ciudadanas,"Pluralidad, Identidad y Valoración de las Diferencias",Derecho,generica,"Situación (Pluralidad, Identidad y Valoración de las Diferencias, Derecho): En una asamblea estudiantil se debate asignar presupuesto solo a un programa que beneficia a un grupo minoritario. ¿Cuál es la acción más acorde con los valores democráticos?",Defender el derecho a la igualdad y buscar un acuerdo que incluya a todos,Imponer por mayoría la asignación sin dialogar,Ignorar a la minoría para evitar conflictos,Cancelar la asamblea por falta de consenso,A
Competencias Ciudadanas,Ingeniería de Software,Ingeniería,especifica,"Situación (Ingeniería de Software, Ingeniería): En una asamblea estudiantil se debate asignar presupuesto solo a un programa que beneficia a un grupo minoritario. ¿Cuál es la acción más acorde con los valores democráticos?",Defender el derecho a la igualdad y buscar un acuerdo que incluya a todos,Imponer por mayoría la asignación sin dialogar,Ignorar a la minoría para evitar conflictos,Cancelar la asamblea por falta de consenso,A
Competencias Ciudadanas,Participación y Responsabilidad,Educación,generica,"Situación (Participación y Responsabilidad, Educación): En un barrio, dos vecinos discuten por el ruido nocturno. ¿Cuál es la acción más acorde con los valores democráticos?",Proponer reglas de convivencia mediadas por la comunidad,Amenazar con sanciones sin diálogo,Ignorar el problema por considerarlo personal,Publicar en redes sociales para presionar,A
Competencias Ciudadanas,"Pluralidad, Identidad y Valoración de las Diferencias",Administración,generica,"Situación (Pluralidad, Identidad y Valoración de las Diferencias, Administración): En un barrio, dos vecinos discuten por el ruido nocturno. ¿Cuál es la acción más acorde con los valores democráticos?",Proponer reglas de convivencia mediadas por la comunidad,Amenazar con sanciones sin diálogo,Ignorar el problema por considerarlo personal,Publicar en redes sociales para presionar,A
Competencias Ciudadanas,Convivencia y Paz,Administración,generica,"Situación (Convivencia y Paz, Administración): En una asamblea estudiantil se debate asignar presupuesto solo a un programa que beneficia a un grupo minoritario. ¿Cuál es la acción más acorde con los valores democráticos?",Defender el derecho a la igualdad y buscar un acuerdo que incluya a todos,Imponer por mayoría la asignación sin dialogar,Ignorar a la minoría para evitar conflictos,Cancelar la asamblea por falta de consenso,A
Competencias Ciudadanas,Análisis de Señales,Ingeniería,especifica,"Situación (Análisis de Señales, Ingeniería): En una asamblea estudiantil se debate asignar presupuesto solo a un programa que beneficia a un grupo minoritario. ¿Cuál es la acción más acorde con los valores democráticos?",Defender el derecho a la igualdad y buscar un acuerdo que incluya a todos,Imponer por mayoría la asignación sin dialogar,Ignorar a la minoría para evitar conflictos,Cancelar la asamblea por falta de consenso,A
Competencias Ciudadanas,Participación y Responsabilidad,Derecho,generica,"Situación (Participación y Responsabilidad, Derecho): En una asamblea estudiantil se debate asignar presupuesto solo a un programa que beneficia a un grupo minoritario. ¿Cuál es la acción más acorde con los valores democráticos?",Defender el derecho a la igualdad y buscar un acuerdo que incluya a todos,Imponer por mayoría la asignación sin dialogar,Ignorar a la minoría para evitar conflictos,Cancelar la asamblea por falta de consenso,A
Competencias Ciudadanas,Arquitectura de Computadores,Tecnología,especifica,"Situación (Arquitectura de Computadores, Tecnología): En una asamblea estudiantil se debate asignar presupuesto solo a un programa que beneficia a un grupo minoritario. ¿Cuál es la acción más acorde con los valores democráticos?",Defender el derecho a la igualdad y buscar un acuerdo que incluya a todos,Imponer por mayoría la asignación sin dialogar,Ignorar a la minoría para evitar conflictos,Cancelar la asamblea por falta de consenso,A
Competencias Ciudadanas,Ingeniería de Software,Ingeniería,especifica,"Situación (Ingeniería de Software, Ingeniería): En una asamblea estudiantil se debate asignar presupuesto solo a un programa que beneficia a un grupo minoritario. ¿Cuál es la acción más acorde con los valores democráticos?",Defender el derecho a la igualdad y buscar un acuerdo que incluya a todos,Imponer por mayoría la asignación sin dialogar,Ignorar a la minoría para evitar conflictos,Cancelar la asamblea por falta de consenso,A
Competencias Ciudadanas,Salud Pública,Salud,especifica,"Situación (Salud Pública, Salud): En una asamblea estudiantil se debate asignar presupuesto solo a un programa que beneficia a un grupo minoritario. ¿Cuál es la acción más acorde con los valores democráticos?",Defender el derecho a la igualdad y buscar un acuerdo que incluya a todos,Imponer por mayoría la asignación sin dialogar,Ignorar a la minoría para evitar conflictos,Cancelar la asamblea por falta de consenso,A
Competencias Ciudadanas,Teoría del Derecho,Derecho,especifica,"Situación (Teoría del Derecho, Derecho): En un barrio, dos vecinos discuten por el ruido nocturno. ¿Cuál es la acción más acorde con los valores democráticos?",Proponer reglas de convivencia mediadas por la comunidad,Amenazar con sanciones sin diálogo,Ignorar el problema por considerarlo personal,Publicar en redes sociales para presionar,A
Competencias Ciudadanas,Participación y Responsabilidad,Tecnología,generica,"Situación (Participación y Responsabilidad, Tecnología): En un barrio, dos vecinos discuten por el ruido nocturno. ¿Cuál es la acción más acorde con los valores democráticos?",Proponer reglas de convivencia mediadas por la comunidad,Amenazar con sanciones sin diálogo,Ignorar el problema por considerarlo personal,Publicar en redes sociales para presionar,A
Competencias Ciudadanas,Convivencia y Paz,Ingeniería,generica,"Situación (Convivencia y Paz, Ingeniería): En una asamblea estudiantil se debate asignar presupuesto solo a un programa que beneficia a un grupo minoritario. ¿Cuál es la acción más acorde con los valores democráticos?",Defender el derecho a la igualdad y buscar un acuerdo que incluya a todos,Imponer por mayoría la asignación sin dialogar,Ignorar a la minoría para evitar conflictos,Cancelar la asamblea por falta de consenso,A
Competencias Ciudadanas,"Pluralidad, Identidad y Valoración de las Diferencias",Salud,generica,"Situación (Pluralidad, Identidad y Valoración de las Diferencias, Salud): En un barrio, dos vecinos discuten por el ruido nocturno. ¿Cuál es la acción más acorde con los valores democráticos?",Proponer reglas de convivencia mediadas por la comunidad,Amenazar con sanciones sin diálogo,Ignorar el problema por considerarlo personal,Publicar en redes sociales para presionar,A
Competencias Ciudadanas,Derecho Civil,Derecho,especifica,"Situación (Derecho Civil, Derecho): En un barrio, dos vecinos discuten por el ruido nocturno. ¿Cuál es la acción más acorde con los valores democráticos?",Proponer reglas de convivencia mediadas por la comunidad,Amenazar con sanciones sin diálogo,Ignorar el problema por considerarlo personal,Publicar en redes sociales para presionar,A
Competencias Ciudadanas,"Pluralidad, Identidad y Valoración de las Diferencias",Administración,generica,"Situación (Pluralidad, Identidad y Valoración de las Diferencias, Administración): En una asamblea estudiantil se debate asignar presupuesto solo a un programa que beneficia a un grupo minoritario. ¿Cuál es la acción más acorde con los valores democráticos?",Defender el derecho a la igualdad y buscar un acuerdo que incluya a todos,Imponer por mayoría la asignación sin dialogar,Ignorar a la minoría para evitar conflictos,Cancelar la asamblea por falta de consenso,A
Competencias Ciudadanas,Participación y Responsabilidad,Educación,generica,"Situación (Participación y Responsabilidad, Educación): En un barrio, dos vecinos discuten por el ruido nocturno. ¿Cuál es la acción más acorde con los valores democráticos?",Proponer reglas de convivencia mediadas por la comunidad,Amenazar con sanciones sin diálogo,Ignorar el problema por considerarlo personal,Publicar en redes sociales para presionar,A
Competencias Ciudadanas,Redes y Telecomunicaciones,Ingeniería,especifica,"Situación (Redes y Telecomunicaciones, Ingeniería): En un barrio, dos vecinos discuten por el ruido nocturno. ¿Cuál es la acción más acorde con los valores democráticos?",Proponer reglas de convivencia mediadas por la comunidad,Amenazar con sanciones sin diálogo,Ignorar el problema por considerarlo personal,Publicar en redes sociales para presionar,A
Competencias Ciudadanas,Convivencia y Paz,Ingeniería,generica,"Situación (Convivencia y Paz, Ingeniería): En una asamblea estudiantil se debate asignar presupuesto solo a un programa que beneficia a un grupo minoritario. ¿Cuál es la acción más acorde con los valores democráticos?",Defender el derecho a la igualdad y buscar un acuerdo que incluya a todos,Imponer por mayoría la asignación sin dialogar,Ignorar a la minoría para evitar conflictos,Cancelar la asamblea por falta de consenso,A
Competencias Ciudadanas,Participación y Responsabilidad,Educación,generica,"Situación (Participación y Responsabilidad, Educación): En un barrio, dos vecinos discuten por el ruido nocturno. ¿Cuál es la acción más acorde con los valores democráticos?",Proponer reglas de convivencia mediadas por la comunidad,Amenazar con sanciones sin diálogo,Ignorar el problema por considerarlo personal,Publicar en redes sociales para presionar,A
Competencias Ciudadanas,Participación y Responsabilidad,Ingeniería,generica,"Situación (Participación y Responsabilidad, Ingeniería): En una asamblea estudiantil se debate asignar presupuesto solo a un programa que beneficia a un grupo minoritario. ¿Cuál es la acción más acorde con los valores democráticos?",Defender el derecho a la igualdad y buscar un acuerdo que incluya a todos,Imponer por mayoría la asignación sin dialogar,Ignorar a la minoría para evitar conflictos,Cancelar la asamblea por falta de consenso,A
Competencias Ciudadanas,"Pluralidad, Identidad y Valoración de las Diferencias",Administración,generica,"Situación (Pluralidad, Identidad y Valoración de las Diferencias, Administración): En una asamblea estudiantil se debate asignar presupuesto solo a un programa que beneficia a un grupo minoritario. ¿Cuál es la acción más acorde con los valores democráticos?",Defender el derecho a la igualdad y buscar un acuerdo que incluya a todos,Imponer por mayoría la asignación sin dialogar,Ignorar a la minoría para evitar conflictos,Cancelar la asamblea por falta de consenso,A
Competencias Ciudadanas,Epidemiología,Salud,especifica,"Situación (Epidemiología, Salud): En una asamblea estudiantil se debate asignar presupuesto solo a un programa que beneficia a un grupo minoritario. ¿Cuál es la acción más acorde con los valores democráticos?",Defender el derecho a la igualdad y buscar un acuerdo que incluya a todos,Imponer por mayoría la asignación sin dialogar,Ignorar a la minoría para evitar conflictos,Cancelar la asamblea por falta de consenso,A
Competencias Ciudadanas,Participación y Responsabilidad,Tecnología,generica,"Situación (Participación y Responsabilidad, Tecnología): En una asamblea estudiantil se debate asignar presupuesto solo a un programa que beneficia a un grupo minoritario. ¿Cuál es la acción más acorde con los valores democráticos?",Defender el derecho a la igualdad y buscar un acuerdo que incluya a todos,Imponer por mayoría la asignación sin dialogar,Ignorar a la minoría para evitar conflictos,Cancelar la asamblea por falta de consenso,A
Competencias Ciudadanas,"Pluralidad, Identidad y Valoración de las Diferencias",Tecnología,generica,"Situación (Pluralidad, Identidad y Valoración de las Diferencias, Tecnología): En una asamblea estudiantil se debate asignar presupuesto solo a un programa que beneficia a un grupo minoritario. ¿Cuál es la acción más acorde con los valores democráticos?",Defender el derecho a la igualdad y buscar un acuerdo que incluya a todos,Imponer por mayoría la asignación sin dialogar,Ignorar a la minoría para evitar conflictos,Cancelar la asamblea por falta de consenso,A
Competencias Ciudadanas,Logística,Administración,especifica,"Situación (Logística, Administración): En una asamblea estudiantil se debate asignar presupuesto solo a un programa que beneficia a un grupo minoritario. ¿Cuál es la acción más acorde con los valores democráticos?",Defender el derecho a la igualdad y buscar un acuerdo que incluya a todos,Imponer por mayoría la asignación sin dialogar,Ignorar a la minoría para evitar conflictos,Cancelar la asamblea por falta de consenso,A
Competencias Ciudadanas,Ciencia de Datos,Tecnología,especifica,"Situación (Ciencia de Datos, Tecnología): En un barrio, dos vecinos discuten por el ruido nocturno. ¿Cuál es la acción más acorde con los valores democráticos?",Proponer reglas de convivencia mediadas por la comunidad,Amenazar con sanciones sin diálogo,Ignorar el problema por considerarlo personal,Publicar en redes sociales para presionar,A
Competencias Ciudadanas,Convivencia y Paz,Administración,generica,"Situación (Convivencia y Paz, Administración): En una asamblea estudiantil se debate asignar presupuesto solo a un programa que beneficia a un grupo minoritario. ¿Cuál es la acción más acorde con los valores democráticos?",Defender el derecho a la igualdad y buscar un acuerdo que incluya a todos,Imponer por mayoría la asignación sin dialogar,Ignorar a la minoría para evitar conflictos,Cancelar la asamblea por falta de consenso,A
Competencias Ciudadanas,Ciencia de Datos,Tecnología,especifica,"Situación (Ciencia de Datos, Tecnología): En una asamblea estudiantil se debate asignar presupuesto solo a un programa que beneficia a un grupo minoritario. ¿Cuál es la acción más acorde con los valores democráticos?",Defender el derecho a la igualdad y buscar un acuerdo que incluya a todos,Imponer por mayoría la asignación sin dialogar,Ignorar a la minoría para evitar conflictos,Cancelar la asamblea por falta de consenso,A
Competencias Ciudadanas,Convivencia y Paz,Tecnología,generica,"Situación (Convivencia y Paz, Tecnología): En un barrio, dos vecinos discuten por el ruido nocturno. ¿Cuál es la acción más acorde con los valores democráticos?",Proponer reglas de convivencia mediadas por la comunidad,Amenazar con sanciones sin diálogo,Ignorar el problema por considerarlo personal,Publicar en redes sociales para presionar,A
Competencias Ciudadanas,"Pluralidad, Identidad y Valoración de las Diferencias",Educación,generica,"Situación (Pluralidad, Identidad y Valoración de las Diferencias, Educación): En una asamblea estudiantil se debate asignar presupuesto solo a un programa que beneficia a un grupo minoritario. ¿Cuál es la acción más acorde con los valores democráticos?",Defender el derecho a la igualdad y buscar un acuerdo que incluya a todos,Imponer por mayoría la asignación sin dialogar,Ignorar a la minoría para evitar conflictos,Cancelar la asamblea por falta de consenso,A
Competencias Ciudadanas,Participación y Responsabilidad,Derecho,generica,"Situación (Participación y Responsabilidad, Derecho): En una asamblea estudiantil se debate asignar presupuesto solo a un programa que beneficia a un grupo minoritario. ¿Cuál es la acción más acorde con los valores democráticos?",Defender el derecho a la igualdad y buscar un acuerdo que incluya a todos,Imponer por mayoría la asignación sin dialogar,Ignorar a la minoría para evitar conflictos,Cancelar la asamblea por falta de consenso,A
Competencias Ciudadanas,"Pluralidad, Identidad y Valoración de las Diferencias",Administración,generica,"Situación (Pluralidad, Identidad y Valoración de las Diferencias, Administración): En un barrio, dos vecinos discuten por el ruido nocturno. ¿Cuál es la acción más acorde con los valores democráticos?",Proponer reglas de convivencia mediadas por la comunidad,Amenazar con sanciones sin diálogo,Ignorar el problema por considerarlo personal,Publicar en redes sociales para presionar,A
Competencias Ciudadanas,Ciencia de Datos,Tecnología,especifica,"Situación (Ciencia de Datos, Tecnología): En un barrio, dos vecinos discuten por el ruido nocturno. ¿Cuál es la acción más acorde con los valores democráticos?",Proponer reglas de convivencia mediadas por la comunidad,Amenazar con sanciones sin diálogo,Ignorar el problema por considerarlo personal,Publicar en redes sociales para presionar,A
Competencias Ciudadanas,Recursos Humanos,Administración,especifica,"Situación (Recursos Humanos, Administración): En un barrio, dos vecinos discuten por el ruido nocturno. ¿Cuál es la acción más acorde con los valores democráticos?",Proponer reglas de convivencia mediadas por la comunidad,Amenazar con sanciones sin diálogo,Ignorar el problema por considerarlo personal,Publicar en redes sociales para presionar,A
Competencias Ciudadanas,"Pluralidad, Identidad y Valoración de las Diferencias",Salud,generica,"Situación (Pluralidad, Identidad y Valoración de las Diferencias, Salud): En una asamblea estudiantil se debate asignar presupuesto solo a un programa que beneficia a un grupo minoritario. ¿Cuál es la acción más acorde con los valores democráticos?",Defender el derecho a la igualdad y buscar un acuerdo que incluya a todos,Imponer por mayoría la asignación sin dialogar,Ignorar a la minoría para evitar conflictos,Cancelar la asamblea por falta de consenso,A
Competencias Ciudadanas,Salud Pública,Salud,especifica,"Situación (Salud Pública, Salud): En un barrio, dos vecinos discuten por el ruido nocturno. ¿Cuál es la acción más acorde con los valores democráticos?",Proponer reglas de convivencia mediadas por la comunidad,Amenazar con sanciones sin diálogo,Ignorar el problema por considerarlo personal,Publicar en redes sociales para presionar,A
Competencias Ciudadanas,Convivencia y Paz,Educación,generica,"Situación (Convivencia y Paz, Educación): En una asamblea estudiantil se debate asignar presupuesto solo a un programa que beneficia a un grupo minoritario. ¿Cuál es la acción más acorde con los valores democráticos?",Defender el derecho a la igualdad y buscar un acuerdo que incluya a todos,Imponer por mayoría la asignación sin dialogar,Ignorar a la minoría para evitar conflictos,Cancelar la asamblea por falta de consenso,A
Competencias Ciudadanas,Fisiología,Salud,especifica,"Situación (Fisiología, Salud): En una asamblea estudiantil se debate asignar presupuesto solo a un programa que beneficia a un grupo minoritario. ¿Cuál es la acción más acorde con los valores democráticos?",Defender el derecho a la igualdad y buscar un acuerdo que incluya a todos,Imponer por mayoría la asignación sin dialogar,Ignorar a la minoría para evitar conflictos,Cancelar la asamblea por falta de consenso,A
Competencias Ciudadanas,Recursos Humanos,Administración,especifica,"Situación (Recursos Humanos, Administración): En un barrio, dos vecinos discuten por el ruido nocturno. ¿Cuál es la acción más acorde con los valores democráticos?",Proponer reglas de convivencia mediadas por la comunidad,Amenazar con sanciones sin diálogo,Ignorar el problema por considerarlo personal,Publicar en redes sociales para presionar,A
Competencias Ciudadanas,Convivencia y Paz,Derecho,generica,"Situación (Convivencia y Paz, Derecho): En una asamblea estudiantil se debate asignar presupuesto solo a un programa que beneficia a un grupo minoritario. ¿Cuál es la acción más acorde con los valores democráticos?",Defender el derecho a la igualdad y buscar un acuerdo que incluya a todos,Imponer por mayoría la asignación sin dialogar,Ignorar a la minoría para evitar conflictos,Cancelar la asamblea por falta de consenso,A
Competencias Ciudadanas,"Pluralidad, Identidad y Valoración de las Diferencias",Ingeniería,generica,"Situación (Pluralidad, Identidad y Valoración de las Diferencias, Ingeniería): En un barrio, dos vecinos discuten por el ruido nocturno. ¿Cuál es la acción más acorde con los valores democráticos?",Proponer reglas de convivencia mediadas por la comunidad,Amenazar con sanciones sin diálogo,Ignorar el problema por considerarlo personal,Publicar en redes sociales para presionar,A
Competencias Ciudadanas,Convivencia y Paz,Tecnología,generica,"Situación (Convivencia y Paz, Tecnología): En una asamblea estudiantil se debate asignar presupuesto solo a un programa que beneficia a un grupo minoritario. ¿Cuál es la acción más acorde con los valores democráticos?",Defender el derecho a la igualdad y buscar un acuerdo que incluya a todos,Imponer por mayoría la asignación sin dialogar,Ignorar a la minoría para evitar conflictos,Cancelar la asamblea por falta de consenso,A
Competencias Ciudadanas,Convivencia y Paz,Salud,generica,"Situación (Convivencia y Paz, Salud): En un barrio, dos vecinos discuten por el ruido nocturno. ¿Cuál es la acción más acorde con los valores democráticos?",Proponer reglas de convivencia mediadas por la comunidad,Amenazar con sanciones sin diálogo,Ignorar el problema por considerarlo personal,Publicar en redes sociales para presionar,A
Competencias Ciudadanas,Psicopedagogía,Educación,especifica,"Situación (Psicopedagogía, Educación): En una asamblea estudiantil se debate asignar presupuesto solo a un programa que beneficia a un grupo minoritario. ¿Cuál es la acción más acorde con los valores democráticos?",Defender el derecho a la igualdad y buscar un acuerdo que incluya a todos,Imponer por mayoría la asignación sin dialogar,Ignorar a la minoría para evitar conflictos,Cancelar la asamblea por falta de consenso,A
Competencias Ciudadanas,Convivencia y Paz,Ingeniería,generica,"Situación (Convivencia y Paz, Ingeniería): En un barrio, dos vecinos discuten por el ruido nocturno. ¿Cuál es la acción más acorde con los valores democráticos?",Proponer reglas de convivencia mediadas por la comunidad,Amenazar con sanciones sin diálogo,Ignorar el problema por considerarlo personal,Publicar en redes sociales para presionar,A
Competencias Ciudadanas,Recursos Humanos,Administración,especifica,"Situación (Recursos Humanos, Administración): En un barrio, dos vecinos discuten por el ruido nocturno. ¿Cuál es la acción más acorde con los valores democráticos?",Proponer reglas de convivencia mediadas por la comunidad,Amenazar con sanciones sin diálogo,Ignorar el problema por considerarlo personal,Publicar en redes sociales para presionar,A
Competencias Ciudadanas,Derecho Penal,Derecho,especifica,"Situación (Derecho Penal, Derecho): En un barrio, dos vecinos discuten por el ruido nocturno. ¿Cuál es la acción más acorde con los valores democráticos?",Proponer reglas de convivencia mediadas por la comunidad,Amenazar con sanciones sin diálogo,Ignorar el problema por considerarlo personal,Publicar en redes sociales para presionar,A
Competencias Ciudadanas,Participación y Responsabilidad,Tecnología,generica,"Situación (Participación y Responsabilidad, Tecnología): En una asamblea estudiantil se debate asignar presupuesto solo a un programa que beneficia a un grupo minoritario. ¿Cuál es la acción más acorde con los valores democráticos?",Defender el derecho a la igualdad y buscar un acuerdo que incluya a todos,Imponer por mayoría la asignación sin dialogar,Ignorar a la minoría para evitar conflictos,Cancelar la asamblea por falta de consenso,A
Competencias Ciudadanas,Derecho Penal,Derecho,especifica,"Situación (Derecho Penal, Derecho): En una asamblea estudiantil se debate asignar presupuesto solo a un programa que beneficia a un grupo minoritario. ¿Cuál es la acción más acorde con los valores democráticos?",Defender el derecho a la igualdad y buscar un acuerdo que incluya a todos,Imponer por mayoría la asignación sin dialogar,Ignorar a la minoría para evitar conflictos,Cancelar la asamblea por falta de consenso,A
Competencias Ciudadanas,Didáctica,Educación,especifica,"Situación (Didáctica, Educación): En una asamblea estudiantil se debate asignar presupuesto solo a un programa que beneficia a un grupo minoritario. ¿Cuál es la acción más acorde con los valores democráticos?",Defender el derecho a la igualdad y buscar un acuerdo que incluya a todos,Imponer por mayoría la asignación sin dialogar,Ignorar a la minoría para evitar conflictos,Cancelar la asamblea por falta de consenso,A
Competencias Ciudadanas,Convivencia y Paz,Tecnología,generica,"Situación (Convivencia y Paz, Tecnología): En un barrio, dos vecinos discuten por el ruido nocturno. ¿Cuál es la acción más acorde con los valores democráticos?",Proponer reglas de convivencia mediadas por la comunidad,Amenazar con sanciones sin diálogo,Ignorar el problema por considerarlo personal,Publicar en redes sociales para presionar,A
Competencias Ciudadanas,Participación y Responsabilidad,Educación,generica,"Situación (Participación y Responsabilidad, Educación): En un barrio, dos vecinos discuten por el ruido nocturno. ¿Cuál es la acción más acorde con los valores democráticos?",Proponer reglas de convivencia mediadas por la comunidad,Amenazar con sanciones sin diálogo,Ignorar el problema por considerarlo personal,Publicar en redes sociales para presionar,A
Competencias Ciudadanas,"Pluralidad, Identidad y Valoración de las Diferencias",Ingeniería,generica,"Situación (Pluralidad, Identidad y Valoración de las Diferencias, Ingeniería): En un barrio, dos vecinos discuten por el ruido nocturno. ¿Cuál es la acción más acorde con los valores democráticos?",Proponer reglas de convivencia mediadas por la comunidad,Amenazar con sanciones sin diálogo,Ignorar el problema por considerarlo personal,Publicar en redes sociales para presionar,A
Competencias Ciudadanas,Convivencia y Paz,Educación,generica,"Situación (Convivencia y Paz, Educación): En un barrio, dos vecinos discuten por el ruido nocturno. ¿Cuál es la acción más acorde con los valores democráticos?",Proponer reglas de convivencia mediadas por la comunidad,Amenazar con sanciones sin diálogo,Ignorar el problema por considerarlo personal,Publicar en redes sociales para presionar,A
Competencias Ciudadanas,Convivencia y Paz,Salud,generica,"Situación (Convivencia y Paz, Salud): En un barrio, dos vecinos discuten por el ruido nocturno. ¿Cuál es la acción más acorde con los valores democráticos?",Proponer reglas de convivencia mediadas por la comunidad,Amenazar con sanciones sin diálogo,Ignorar el problema por considerarlo personal,Publicar en redes sociales para presionar,A
Competencias Ciudadanas,Derecho Constitucional,Derecho,especifica,"Situación (Derecho Constitucional, Derecho): En un barrio, dos vecinos discuten por el ruido nocturno. ¿Cuál es la acción más acorde con los valores democráticos?",Proponer reglas de convivencia mediadas por la comunidad,Amenazar con sanciones sin diálogo,Ignorar el problema por considerarlo personal,Publicar en redes sociales para presionar,A
Competencias Ciudadanas,Convivencia y Paz,Ingeniería,generica,"Situación (Convivencia y Paz, Ingeniería): En una asamblea estudiantil se debate asignar presupuesto solo a un programa que beneficia a un grupo minoritario. ¿Cuál es la acción más acorde con los valores democráticos?",Defender el derecho a la igualdad y buscar un acuerdo que incluya a todos,Imponer por mayoría la asignación sin dialogar,Ignorar a la minoría para evitar conflictos,Cancelar la asamblea por falta de consenso,A
Competencias Ciudadanas,Convivencia y Paz,Salud,generica,"Situación (Convivencia y Paz, Salud): En una asamblea estudiantil se debate asignar presupuesto solo a un programa que beneficia a un grupo minoritario. ¿Cuál es la acción más acorde con los valores democráticos?",Defender el derecho a la igualdad y buscar un acuerdo que incluya a todos,Imponer por mayoría la asignación sin dialogar,Ignorar a la minoría para evitar conflictos,Cancelar la asamblea por falta de consenso,A
Competencias Ciudadanas,Participación y Responsabilidad,Ingeniería,generica,"Situación (Participación y Responsabilidad, Ingeniería): En un barrio, dos vecinos discuten por el ruido nocturno. ¿Cuál es la acción más acorde con los valores democráticos?",Proponer reglas de convivencia mediadas por la comunidad,Amenazar con sanciones sin diálogo,Ignorar el problema por considerarlo personal,Publicar en redes sociales para presionar,A
Competencias Ciudadanas,Logística,Administración,especifica,"Situación (Logística, Administración): En una asamblea estudiantil se debate asignar presupuesto solo a un programa que beneficia a un grupo minoritario. ¿Cuál es la acción más acorde con los valores democráticos?",Defender el derecho a la igualdad y buscar un acuerdo que incluya a todos,Imponer por mayoría la asignación sin dialogar,Ignorar a la minoría para evitar conflictos,Cancelar la asamblea por falta de consenso,A
Competencias Ciudadanas,Participación y Responsabilidad,Ingeniería,generica,"Situación (Participación y Responsabilidad, Ingeniería): En una asamblea estudiantil se debate asignar presupuesto solo a un programa que beneficia a un grupo minoritario. ¿Cuál es la acción más acorde con los valores democráticos?",Defender el derecho a la igualdad y buscar un acuerdo que incluya a todos,Imponer por mayoría la asignación sin dialogar,Ignorar a la minoría para evitar conflictos,Cancelar la asamblea por falta de consenso,A
Competencias Ciudadanas,Teoría del Derecho,Derecho,especifica,"Situación (Teoría del Derecho, Derecho): En una asamblea estudiantil se debate asignar presupuesto solo a un programa que beneficia a un grupo minoritario. ¿Cuál es la acción más acorde con los valores democráticos?",Defender el derecho a la igualdad y buscar un acuerdo que incluya a todos,Imponer por mayoría la asignación sin dialogar,Ignorar a la minoría para evitar conflictos,Cancelar la asamblea por falta de consenso,A
Competencias Ciudadanas,Análisis de Señales,Ingeniería,especifica,"Situación (Análisis de Señales, Ingeniería): En una asamblea estudiantil se debate asignar presupuesto solo a un programa que beneficia a un grupo minoritario. ¿Cuál es la acción más acorde con los valores democráticos?",Defender el derecho a la igualdad y buscar un acuerdo que incluya a todos,Imponer por mayoría la asignación sin dialogar,Ignorar a la minoría para evitar conflictos,Cancelar la asamblea por falta de consenso,A
Competencias Ciudadanas,"Pluralidad, Identidad y Valoración de las Diferencias",Administración,generica,"Situación (Pluralidad, Identidad y Valoración de las Diferencias, Administración): En un barrio, dos vecinos discuten por el ruido nocturno. ¿Cuál es la acción más acorde con los valores democráticos?",Proponer reglas de convivencia mediadas por la comunidad,Amenazar con sanciones sin diálogo,Ignorar el problema por considerarlo personal,Publicar en redes sociales para presionar,A
Competencias Ciudadanas,Participación y Responsabilidad,Administración,generica,"Situación (Participación y Responsabilidad, Administración): En un barrio, dos vecinos discuten por el ruido nocturno. ¿Cuál es la acción más acorde con los valores democráticos?",Proponer reglas de convivencia mediadas por la comunidad,Amenazar con sanciones sin diálogo,Ignorar el problema por considerarlo personal,Publicar en redes sociales para presionar,A
Competencias Ciudadanas,Farmacología,Salud,especifica,"Situación (Farmacología, Salud): En una asamblea estudiantil se debate asignar presupuesto solo a un programa que beneficia a un grupo minoritario. ¿Cuál es la acción más acorde con los valores democráticos?",Defender el derecho a la igualdad y buscar un acuerdo que incluya a todos,Imponer por mayoría la asignación sin dialogar,Ignorar a la minoría para evitar conflictos,Cancelar la asamblea por falta de consenso,A
Competencias Ciudadanas,Bases de Datos,Ingeniería,especifica,"Situación (Bases de Datos, Ingeniería): En una asamblea estudiantil se debate asignar presupuesto solo a un programa que beneficia a un grupo minoritario. ¿Cuál es la acción más acorde con los valores democráticos?",Defender el derecho a la igualdad y buscar un acuerdo que incluya a todos,Imponer por mayoría la asignación sin dialogar,Ignorar a la minoría para evitar conflictos,Cancelar la asamblea por falta de consenso,A
Competencias Ciudadanas,Participación y Responsabilidad,Administración,generica,"Situación (Participación y Responsabilidad, Administración): En una asamblea estudiantil se debate asignar presupuesto solo a un programa que beneficia a un grupo minoritario. ¿Cuál es la acción más acorde con los valores democráticos?",Defender el derecho a la igualdad y buscar un acuerdo que incluya a todos,Imponer por mayoría la asignación sin dialogar,Ignorar a la minoría para evitar conflictos,Cancelar la asamblea por falta de consenso,A
Competencias Ciudadanas,Sistemas Embebidos,Ingeniería,especifica,"Situación (Sistemas Embebidos, Ingeniería): En un barrio, dos vecinos discuten por el ruido nocturno. ¿Cuál es la acción más acorde con los valores democráticos?",Proponer reglas de convivencia mediadas por la comunidad,Amenazar con sanciones sin diálogo,Ignorar el problema por considerarlo personal,Publicar en redes sociales para presionar,A
Competencias Ciudadanas,Convivencia y Paz,Educación,generica,"Situación (Convivencia y Paz, Educación): En una asamblea estudiantil se debate asignar presupuesto solo a un programa que beneficia a un grupo minoritario. ¿Cuál es la acción más acorde con los valores democráticos?",Defender el derecho a la igualdad y buscar un acuerdo que incluya a todos,Imponer por mayoría la asignación sin dialogar,Ignorar a la minoría para evitar conflictos,Cancelar la asamblea por falta de consenso,A
Competencias Ciudadanas,"Pluralidad, Identidad y Valoración de las Diferencias",Tecnología,generica,"Situación (Pluralidad, Identidad y Valoración de las Diferencias, Tecnología): En una asamblea estudiantil se debate asignar presupuesto solo a un programa que beneficia a un grupo minoritario. ¿Cuál es la acción más acorde con los valores democráticos?",Defender el derecho a la igualdad y buscar un acuerdo que incluya a todos,Imponer por mayoría la asignación sin dialogar,Ignorar a la minoría para evitar conflictos,Cancelar la asamblea por falta de consenso,A
Competencias Ciudadanas,Teoría del Derecho,Derecho,especifica,"Situación (Teoría del Derecho, Derecho): En una asamblea estudiantil se debate asignar presupuesto solo a un programa que beneficia a un grupo minoritario. ¿Cuál es la acción más acorde con los valores democráticos?",Defender el derecho a la igualdad y buscar un acuerdo que incluya a todos,Imponer por mayoría la asignación sin dialogar,Ignorar a la minoría para evitar conflictos,Cancelar la asamblea por falta de consenso,A
Competencias Ciudadanas,Participación y Responsabilidad,Tecnología,generica,"Situación (Participación y Responsabilidad, Tecnología): En un barrio, dos vecinos discuten por el ruido nocturno. ¿Cuál es la acción más acorde con los valores democráticos?",Proponer reglas de convivencia mediadas por la comunidad,Amenazar con sanciones sin diálogo,Ignorar el problema por considerarlo personal,Publicar en redes sociales para presionar,A
Competencias Ciudadanas,Participación y Responsabilidad,Tecnología,generica,"Situación (Participación y Responsabilidad, Tecnología): En una asamblea estudiantil se debate asignar presupuesto solo a un programa que beneficia a un grupo minoritario. ¿Cuál es la acción más acorde con los valores democráticos?",Defender el derecho a la igualdad y buscar un acuerdo que incluya a todos,Imponer por mayoría la asignación sin dialogar,Ignorar a la minoría para evitar conflictos,Cancelar la asamblea por falta de consenso,A
Competencias Ciudadanas,"Pluralidad, Identidad y Valoración de las Diferencias",Tecnología,generica,"Situación (Pluralidad, Identidad y Valoración de las Diferencias, Tecnología): En un barrio, dos vecinos discuten por el ruido nocturno. ¿Cuál es la acción más acorde con los valores democráticos?",Proponer reglas de convivencia mediadas por la comunidad,Amenazar con sanciones sin diálogo,Ignorar el problema por considerarlo personal,Publicar en redes sociales para presionar,A
Competencias Ciudadanas,Convivencia y Paz,Tecnología,generica,"Situación (Convivencia y Paz, Tecnología): En una asamblea estudiantil se debate asignar presupuesto solo a un programa que beneficia a un grupo minoritario. ¿Cuál es la acción más acorde con los valores democráticos?",Defender el derecho a la igualdad y buscar un acuerdo que incluya a todos,Imponer por mayoría la asignación sin dialogar,Ignorar a la minoría para evitar conflictos,Cancelar la asamblea por falta de consenso,A
Competencias Ciudadanas,Convivencia y Paz,Educación,generica,"Situación (Convivencia y Paz, Educación): En una asamblea estudiantil se debate asignar presupuesto solo a un programa que beneficia a un grupo minoritario. ¿Cuál es la acción más acorde con los valores democráticos?",Defender el derecho a la igualdad y buscar un acuerdo que incluya a todos,Imponer por mayoría la asignación sin dialogar,Ignorar a la minoría para evitar conflictos,Cancelar la asamblea por falta de consenso,A
Competencias Ciudadanas,Psicopedagogía,Educación,especifica,"Situación (Psicopedagogía, Educación): En una asamblea estudiantil se debate asignar presupuesto solo a un programa que beneficia a un grupo minoritario. ¿Cuál es la acción más acorde con los valores democráticos?",Defender el derecho a la igualdad y buscar un acuerdo que incluya a todos,Imponer por mayoría la asignación sin dialogar,Ignorar a la minoría para evitar conflictos,Cancelar la asamblea por falta de consenso,A
Competencias Ciudadanas,"Pluralidad, Identidad y Valoración de las Diferencias",Ingeniería,generica,"Situación (Pluralidad, Identidad y Valoración de las Diferencias, Ingeniería): En una asamblea estudiantil se debate asignar presupuesto solo a un programa que beneficia a un grupo minoritario. ¿Cuál es la acción más acorde con los valores democráticos?",Defender el derecho a la igualdad y buscar un acuerdo que incluya a todos,Imponer por mayoría la asignación sin dialogar,Ignorar a la minoría para evitar conflictos,Cancelar la asamblea por falta de consenso,A
Competencias Ciudadanas,Participación y Responsabilidad,Ingeniería,generica,"Situación (Participación y Responsabilidad, Ingeniería): En una asamblea estudiantil se debate asignar presupuesto solo a un programa que beneficia a un grupo minoritario. ¿Cuál es la acción más acorde con los valores democráticos?",Defender el derecho a la igualdad y buscar un acuerdo que incluya a todos,Imponer por mayoría la asignación sin dialogar,Ignorar a la minoría para evitar conflictos,Cancelar la asamblea por falta de consenso,A
Competencias Ciudadanas,"Pluralidad, Identidad y Valoración de las Diferencias",Ingeniería,generica,"Situación (Pluralidad, Identidad y Valoración de las Diferencias, Ingeniería): En un barrio, dos vecinos discuten por el ruido nocturno. ¿Cuál es la acción más acorde con los valores democráticos?",Proponer reglas de convivencia mediadas por la comunidad,Amenazar con sanciones sin diálogo,Ignorar el problema por considerarlo personal,Publicar en redes sociales para presionar,A
Competencias Ciudadanas,Desarrollo Web,Tecnología,especifica,"Situación (Desarrollo Web, Tecnología): En una asamblea estudiantil se debate asignar presupuesto solo a un programa que beneficia a un grupo minoritario. ¿Cuál es la acción más acorde con los valores democráticos?",Defender el derecho a la igualdad y buscar un acuerdo que incluya a todos,Imponer por mayoría la asignación sin dialogar,Ignorar a la minoría para evitar conflictos,Cancelar la asamblea por falta de consenso,A
Competencias Ciudadanas,Marketing,Administración,especifica,"Situación (Marketing, Administración): En un barrio, dos vecinos discuten por el ruido nocturno. ¿Cuál es la acción más acorde con los valores democráticos?",Proponer reglas de convivencia mediadas por la comunidad,Amenazar con sanciones sin diálogo,Ignorar el problema por considerarlo personal,Publicar en redes sociales para presionar,A
Competencias Ciudadanas,Participación y Responsabilidad,Salud,generica,"Situación (Participación y Responsabilidad, Salud): En una asamblea estudiantil se debate asignar presupuesto solo a un programa que beneficia a un grupo minoritario. ¿Cuál es la acción más acorde con los valores democráticos?",Defender el derecho a la igualdad y buscar un acuerdo que incluya a todos,Imponer por mayoría la asignación sin dialogar,Ignorar a la minoría para evitar conflictos,Cancelar la asamblea por falta de consenso,A
Competencias Ciudadanas,Participación y Responsabilidad,Salud,generica,"Situación (Participación y Responsabilidad, Salud): En una asamblea estudiantil se debate asignar presupuesto solo a un programa que beneficia a un grupo minoritario. ¿Cuál es la acción más acorde con los valores democráticos?",Defender el derecho a la igualdad y buscar un acuerdo que incluya a todos,Imponer por mayoría la asignación sin dialogar,Ignorar a la minoría para evitar conflictos,Cancelar la asamblea por falta de consenso,A
Competencias Ciudadanas,Convivencia y Paz,Derecho,generica,"Situación (Convivencia y Paz, Derecho): En una asamblea estudiantil se debate asignar presupuesto solo a un programa que beneficia a un grupo minoritario. ¿Cuál es la acción más acorde con los valores democráticos?",Defender el derecho a la igualdad y buscar un acuerdo que incluya a todos,Imponer por mayoría la asignación sin dialogar,Ignorar a la minoría para evitar conflictos,Cancelar la asamblea por falta de consenso,A
Competencias Ciudadanas,Participación y Responsabilidad,Ingeniería,generica,"Situación (Participación y Responsabilidad, Ingeniería): En un barrio, dos vecinos discuten por el ruido nocturno. ¿Cuál es la acción más acorde con los valores democráticos?",Proponer reglas de convivencia mediadas por la comunidad,Amenazar con sanciones sin diálogo,Ignorar el problema por considerarlo personal,Publicar en redes sociales para presionar,A
Competencias Ciudadanas,"Pluralidad, Identidad y Valoración de las Diferencias",Salud,generica,"Situación (Pluralidad, Identidad y Valoración de las Diferencias, Salud): En un barrio, dos vecinos discuten por el ruido nocturno. ¿Cuál es la acción más acorde con los valores democráticos?",Proponer reglas de convivencia mediadas por la comunidad,Amenazar con sanciones sin diálogo,Ignorar el problema por considerarlo personal,Publicar en redes sociales para presionar,A
Competencias Ciudadanas,"Pluralidad, Identidad y Valoración de las Diferencias",Administración,generica,"Situación (Pluralidad, Identidad y Valoración de las Diferencias, Administración): En una asamblea estudiantil se debate asignar presupuesto solo a un programa que beneficia a un grupo minoritario. ¿Cuál es la acción más acorde con los valores democráticos?",Defender el derecho a la igualdad y buscar un acuerdo que incluya a todos,Imponer por mayoría la asignación sin dialogar,Ignorar a la minoría para evitar conflictos,Cancelar la asamblea por falta de consenso,A
Competencias Ciudadanas,Evaluación Educativa,Educación,especifica,"Situación (Evaluación Educativa, Educación): En una asamblea estudiantil se debate asignar presupuesto solo a un programa que beneficia a un grupo minoritario. ¿Cuál es la acción más acorde con los valores democráticos?",Defender el derecho a la igualdad y buscar un acuerdo que incluya a todos,Imponer por mayoría la asignación sin dialogar,Ignorar a la minoría para evitar conflictos,Cancelar la asamblea por falta de consenso,A
Competencias Ciudadanas,Participación y Responsabilidad,Derecho,generica,"Situación (Participación y Responsabilidad, Derecho): En una asamblea estudiantil se debate asignar presupuesto solo a un programa que beneficia a un grupo minoritario. ¿Cuál es la acción más acorde con los valores democráticos?",Defender el derecho a la igualdad y buscar un acuerdo que incluya a todos,Imponer por mayoría la asignación sin dialogar,Ignorar a la minoría para evitar conflictos,Cancelar la asamblea por falta de consenso,A
Competencias Ciudadanas,Convivencia y Paz,Administración,generica,"Situación (Convivencia y Paz, Administración): En una asamblea estudiantil se debate asignar presupuesto solo a un programa que beneficia a un grupo minoritario. ¿Cuál es la acción más acorde con los valores democráticos?",Defender el derecho a la igualdad y buscar un acuerdo que incluya a todos,Imponer por mayoría la asignación sin dialogar,Ignorar a la minoría para evitar conflictos,Cancelar la asamblea por falta de consenso,A
Competencias Ciudadanas,Teoría del Derecho,Derecho,especifica,"Situación (Teoría del Derecho, Derecho): En un barrio, dos vecinos discuten por el ruido nocturno. ¿Cuál es la acción más acorde con los valores democráticos?",Proponer reglas de convivencia mediadas por la comunidad,Amenazar con sanciones sin diálogo,Ignorar el problema por considerarlo personal,Publicar en redes sociales para presionar,A
Competencias Ciudadanas,Derecho Penal,Derecho,especifica,"Situación (Derecho Penal, Derecho): En un barrio, dos vecinos discuten por el ruido nocturno. ¿Cuál es la acción más acorde con los valores democráticos?",Proponer reglas de convivencia mediadas por la comunidad,Amenazar con sanciones sin diálogo,Ignorar el problema por considerarlo personal,Publicar en redes sociales para presionar,A
Competencias Ciudadanas,Convivencia y Paz,Tecnología,generica,"Situación (Convivencia y Paz, Tecnología): En un barrio, dos vecinos discuten por el ruido nocturno. ¿Cuál es la acción más acorde con los valores democráticos?",Proponer reglas de convivencia mediadas por la comunidad,Amenazar con sanciones sin diálogo,Ignorar el problema por considerarlo personal,Publicar en redes sociales para presionar,A
Competencias Ciudadanas,Bases de Datos,Ingeniería,especifica,"Situación (Bases de Datos, Ingeniería): En una asamblea estudiantil se debate asignar presupuesto solo a un programa que beneficia a un grupo minoritario. ¿Cuál es la acción más acorde con los valores democráticos?",Defender el derecho a la igualdad y buscar un acuerdo que incluya a todos,Imponer por mayoría la asignación sin dialogar,Ignorar a la minoría para evitar conflictos,Cancelar la asamblea por falta de consenso,A
Competencias Ciudadanas,Evaluación Educativa,Educación,especifica,"Situación (Evaluación Educativa, Educación): En una asamblea estudiantil se debate asignar presupuesto solo a un programa que beneficia a un grupo minoritario. ¿Cuál es la acción más acorde con los valores democráticos?",Defender el derecho a la igualdad y buscar un acuerdo que incluya a todos,Imponer por mayoría la asignación sin dialogar,Ignorar a la minoría para evitar conflictos,Cancelar la asamblea por falta de consenso,A
Competencias Ciudadanas,Participación y Responsabilidad,Salud,generica,"Situación (Participación y Responsabilidad, Salud): En un barrio, dos vecinos discuten por el ruido nocturno. ¿Cuál es la acción más acorde con los valores democráticos?",Proponer reglas de convivencia mediadas por la comunidad,Amenazar con sanciones sin diálogo,Ignorar el problema por considerarlo personal,Publicar en redes sociales para presionar,A
Competencias Ciudadanas,Desarrollo Web,Tecnología,especifica,"Situación (Desarrollo Web, Tecnología): En una asamblea estudiantil se debate asignar presupuesto solo a un programa que beneficia a un grupo minoritario. ¿Cuál es la acción más acorde con los valores democráticos?",Defender el derecho a la igualdad y buscar un acuerdo que incluya a todos,Imponer por mayoría la asignación sin dialogar,Ignorar a la minoría para evitar conflictos,Cancelar la asamblea por falta de consenso,A
Competencias Ciudadanas,"Pluralidad, Identidad y Valoración de las Diferencias",Salud,generica,"Situación (Pluralidad, Identidad y Valoración de las Diferencias, Salud): En un barrio, dos vecinos discuten por el ruido nocturno. ¿Cuál es la acción más acorde con los valores democráticos?",Proponer reglas de convivencia mediadas por la comunidad,Amenazar con sanciones sin diálogo,Ignorar el problema por considerarlo personal,Publicar en redes sociales para presionar,A
Competencias Ciudadanas,Derecho Penal,Derecho,especifica,"Situación (Derecho Penal, Derecho): En un barrio, dos vecinos discuten por el ruido nocturno. ¿Cuál es la acción más acorde con los valores democráticos?",Proponer reglas de convivencia mediadas por la comunidad,Amenazar con sanciones sin diálogo,Ignorar el problema por considerarlo personal,Publicar en redes sociales para presionar,A
Competencias Ciudadanas,Participación y Responsabilidad,Ingeniería,generica,"Situación (Participación y Responsabilidad, Ingeniería): En un barrio, dos vecinos discuten por el ruido nocturno. ¿Cuál es la acción más acorde con los valores democráticos?",Proponer reglas de convivencia mediadas por la comunidad,Amenazar con sanciones sin diálogo,Ignorar el problema por considerarlo personal,Publicar en redes sociales para presionar,A
Competencias Ciudadanas,Recursos Humanos,Administración,especifica,"Situación (Recursos Humanos, Administración): En una asamblea estudiantil se debate asignar presupuesto solo a un programa que beneficia a un grupo minoritario. ¿Cuál es la acción más acorde con los valores democráticos?",Defender el derecho a la igualdad y buscar un acuerdo que incluya a todos,Imponer por mayoría la asignación sin dialogar,Ignorar a la minoría para evitar conflictos,Cancelar la asamblea por falta de consenso,A
Competencias Ciudadanas,"Pluralidad, Identidad y Valoración de las Diferencias",Salud,generica,"Situación (Pluralidad, Identidad y Valoración de las Diferencias, Salud): En un barrio, dos vecinos discuten por el ruido nocturno. ¿Cuál es la acción más acorde con los valores democráticos?",Proponer reglas de convivencia mediadas por la comunidad,Amenazar con sanciones sin diálogo,Ignorar el problema por considerarlo personal,Publicar en redes sociales para presionar,A
Competencias Ciudadanas,Arquitectura de Computadores,Tecnología,especifica,"Situación (Arquitectura de Computadores, Tecnología): En un barrio, dos vecinos discuten por el ruido nocturno. ¿Cuál es la acción más acorde con los valores democráticos?",Proponer reglas de convivencia mediadas por la comunidad,Amenazar con sanciones sin diálogo,Ignorar el problema por considerarlo personal,Publicar en redes sociales para presionar,A
Competencias Ciudadanas,Administración Financiera,Administración,especifica,"Situación (Administración Financiera, Administración): En un barrio, dos vecinos discuten por el ruido nocturno. ¿Cuál es la acción más acorde con los valores democráticos?",Proponer reglas de convivencia mediadas por la comunidad,Amenazar con sanciones sin diálogo,Ignorar el problema por considerarlo personal,Publicar en redes sociales para presionar,A
Competencias Ciudadanas,"Pluralidad, Identidad y Valoración de las Diferencias",Salud,generica,"Situación (Pluralidad, Identidad y Valoración de las Diferencias, Salud): En una asamblea estudiantil se debate asignar presupuesto solo a un programa que beneficia a un grupo minoritario. ¿Cuál es la acción más acorde con los valores democráticos?",Defender el derecho a la igualdad y buscar un acuerdo que incluya a todos,Imponer por mayoría la asignación sin dialogar,Ignorar a la minoría para evitar conflictos,Cancelar la asamblea por falta de consenso,A
Competencias Ciudadanas,Fisiología,Salud,especifica,"Situación (Fisiología, Salud): En un barrio, dos vecinos discuten por el ruido nocturno. ¿Cuál es la acción más acorde con los valores democráticos?",Proponer reglas de convivencia mediadas por la comunidad,Amenazar con sanciones sin diálogo,Ignorar el problema por considerarlo personal,Publicar en redes sociales para presionar,A
Competencias Ciudadanas,Redes y Telecomunicaciones,Ingeniería,especifica,"Situación (Redes y Telecomunicaciones, Ingeniería): En un barrio, dos vecinos discuten por el ruido nocturno. ¿Cuál es la acción más acorde con los valores democráticos?",Proponer reglas de convivencia mediadas por la comunidad,Amenazar con sanciones sin diálogo,Ignorar el problema por considerarlo personal,Publicar en redes sociales para presionar,A
Competencias Ciudadanas,Fisiología,Salud,especifica,"Situación (Fisiología, Salud): En un barrio, dos vecinos discuten por el ruido nocturno. ¿Cuál es la acción más acorde con los valores democráticos?",Proponer reglas de convivencia mediadas por la comunidad,Amenazar con sanciones sin diálogo,Ignorar el problema por considerarlo personal,Publicar en redes sociales para presionar,A
Competencias Ciudadanas,Seguridad Informática,Tecnología,especifica,"Situación (Seguridad Informática, Tecnología): En un barrio, dos vecinos discuten por el ruido nocturno. ¿Cuál es la acción más acorde con los valores democráticos?",Proponer reglas de convivencia mediadas por la comunidad,Amenazar con sanciones sin diálogo,Ignorar el problema por considerarlo personal,Publicar en redes sociales para presionar,A
Competencias Ciudadanas,Convivencia y Paz,Educación,generica,"Situación (Convivencia y Paz, Educación): En una asamblea estudiantil se debate asignar presupuesto solo a un programa que beneficia a un grupo minoritario. ¿Cuál es la acción más acorde con los valores democráticos?",Defender el derecho a la igualdad y buscar un acuerdo que incluya a todos,Imponer por mayoría la asignación sin dialogar,Ignorar a la minoría para evitar conflictos,Cancelar la asamblea por falta de consenso,A
Competencias Ciudadanas,"Pluralidad, Identidad y Valoración de las Diferencias",Educación,generica,"Situación (Pluralidad, Identidad y Valoración de las Diferencias, Educación): En una asamblea estudiantil se debate asignar presupuesto solo a un programa que beneficia a un grupo minoritario. ¿Cuál es la acción más acorde con los valores democráticos?",Defender el derecho a la igualdad y buscar un acuerdo que incluya a todos,Imponer por mayoría la asignación sin dialogar,Ignorar a la minoría para evitar conflictos,Cancelar la asamblea por falta de consenso,A
Competencias Ciudadanas,Salud Pública,Salud,especifica,"Situación (Salud Pública, Salud): En un barrio, dos vecinos discuten por el ruido nocturno. ¿Cuál es la acción más acorde con los valores democráticos?",Proponer reglas de convivencia mediadas por la comunidad,Amenazar con sanciones sin diálogo,Ignorar el problema por considerarlo personal,Publicar en redes sociales para presionar,A
Competencias Ciudadanas,Participación y Responsabilidad,Derecho,generica,"Situación (Participación y Responsabilidad, Derecho): En un barrio, dos vecinos discuten por el ruido nocturno. ¿Cuál es la acción más acorde con los valores democráticos?",Proponer reglas de convivencia mediadas por la comunidad,Amenazar con sanciones sin diálogo,Ignorar el problema por considerarlo personal,Publicar en redes sociales para presionar,A
Competencias Ciudadanas,Tecnología Educativa,Educación,especifica,"Situación (Tecnología Educativa, Educación): En un barrio, dos vecinos discuten por el ruido nocturno. ¿Cuál es la acción más acorde con los valores democráticos?",Proponer reglas de convivencia mediadas por la comunidad,Amenazar con sanciones sin diálogo,Ignorar el problema por considerarlo personal,Publicar en redes sociales para presionar,A
Competencias Ciudadanas,Administración Financiera,Administración,especifica,"Situación (Administración Financiera, Administración): En una asamblea estudiantil se debate asignar presupuesto solo a un programa que beneficia a un grupo minoritario. ¿Cuál es la acción más acorde con los valores democráticos?",Defender el derecho a la igualdad y buscar un acuerdo que incluya a todos,Imponer por mayoría la asignación sin dialogar,Ignorar a la minoría para evitar conflictos,Cancelar la asamblea por falta de consenso,A
Competencias Ciudadanas,"Pluralidad, Identidad y Valoración de las Diferencias",Salud,generica,"Situación (Pluralidad, Identidad y Valoración de las Diferencias, Salud): En un barrio, dos vecinos discuten por el ruido nocturno. ¿Cuál es la acción más acorde con los valores democráticos?",Proponer reglas de convivencia mediadas por la comunidad,Amenazar con sanciones sin diálogo,Ignorar el problema por considerarlo personal,Publicar en redes sociales para presionar,A
Competencias Ciudadanas,Derecho Penal,Derecho,especifica,"Situación (Derecho Penal, Derecho): En una asamblea estudiantil se debate asignar presupuesto solo a un programa que beneficia a un grupo minoritario. ¿Cuál es la acción más acorde con los valores democráticos?",Defender el derecho a la igualdad y buscar un acuerdo que incluya a todos,Imponer por mayoría la asignación sin dialogar,Ignorar a la minoría para evitar conflictos,Cancelar la asamblea por falta de consenso,A
Competencias Ciudadanas,Currículo,Educación,especifica,"Situación (Currículo, Educación): En un barrio, dos vecinos discuten por el ruido nocturno. ¿Cuál es la acción más acorde con los valores democráticos?",Proponer reglas de convivencia mediadas por la comunidad,Amenazar con sanciones sin diálogo,Ignorar el problema por considerarlo personal,Publicar en redes sociales para presionar,A
Competencias Ciudadanas,Logística,Administración,especifica,"Situación (Logística, Administración): En un barrio, dos vecinos discuten por el ruido nocturno. ¿Cuál es la acción más acorde con los valores democráticos?",Proponer reglas de convivencia mediadas por la comunidad,Amenazar con sanciones sin diálogo,Ignorar el problema por considerarlo personal,Publicar en redes sociales para presionar,A
Competencias Ciudadanas,Desarrollo Web,Tecnología,especifica,"Situación (Desarrollo Web, Tecnología): En una asamblea estudiantil se debate asignar presupuesto solo a un programa que beneficia a un grupo minoritario. ¿Cuál es la acción más acorde con los valores democráticos?",Defender el derecho a la igualdad y buscar un acuerdo que incluya a todos,Imponer por mayoría la asignación sin dialogar,Ignorar a la minoría para evitar conflictos,Cancelar la asamblea por falta de consenso,A
Competencias Ciudadanas,Logística,Administración,especifica,"Situación (Logística, Administración): En un barrio, dos vecinos discuten por el ruido nocturno. ¿Cuál es la acción más acorde con los valores democráticos?",Proponer reglas de convivencia mediadas por la comunidad,Amenazar con sanciones sin diálogo,Ignorar el problema por considerarlo personal,Publicar en redes sociales para presionar,A
Competencias Ciudadanas,Convivencia y Paz,Tecnología,generica,"Situación (Convivencia y Paz, Tecnología): En una asamblea estudiantil se debate asignar presupuesto solo a un programa que beneficia a un grupo minoritario. ¿Cuál es la acción más acorde con los valores democráticos?",Defender el derecho a la igualdad y buscar un acuerdo que incluya a todos,Imponer por mayoría la asignación sin dialogar,Ignorar a la minoría para evitar conflictos,Cancelar la asamblea por falta de consenso,A
Competencias Ciudadanas,Ingeniería de Software,Ingeniería,especifica,"Situación (Ingeniería de Software, Ingeniería): En una asamblea estudiantil se debate asignar presupuesto solo a un programa que beneficia a un grupo minoritario. ¿Cuál es la acción más acorde con los valores democráticos?",Defender el derecho a la igualdad y buscar un acuerdo que incluya a todos,Imponer por mayoría la asignación sin dialogar,Ignorar a la minoría para evitar conflictos,Cancelar la asamblea por falta de consenso,A
Competencias Ciudadanas,Convivencia y Paz,Ingeniería,generica,"Situación (Convivencia y Paz, Ingeniería): En un barrio, dos vecinos discuten por el ruido nocturno. ¿Cuál es la acción más acorde con los valores democráticos?",Proponer reglas de convivencia mediadas por la comunidad,Amenazar con sanciones sin diálogo,Ignorar el problema por considerarlo personal,Publicar en redes sociales para presionar,A
Competencias Ciudadanas,Sistemas Operativos,Tecnología,especifica,"Situación (Sistemas Operativos, Tecnología): En una asamblea estudiantil se debate asignar presupuesto solo a un programa que beneficia a un grupo minoritario. ¿Cuál es la acción más acorde con los valores democráticos?",Defender el derecho a la igualdad y buscar un acuerdo que incluya a todos,Imponer por mayoría la asignación sin dialogar,Ignorar a la minoría para evitar conflictos,Cancelar la asamblea por falta de consenso,A
Competencias Ciudadanas,Convivencia y Paz,Ingeniería,generica,"Situación (Convivencia y Paz, Ingeniería): En una asamblea estudiantil se debate asignar presupuesto solo a un programa que beneficia a un grupo minoritario. ¿Cuál es la acción más acorde con los valores democráticos?",Defender el derecho a la igualdad y buscar un acuerdo que incluya a todos,Imponer por mayoría la asignación sin dialogar,Ignorar a la minoría para evitar conflictos,Cancelar la asamblea por falta de consenso,A
Comunicación Escrita,Estructura de Textos,Administración,generica,Complete el conector adecuado en contexto de Estructura de Textos (Administración): La propuesta es clara ___ carece de indicadores medibles.,pero,porque,ya que,pues,A
Comunicación Escrita,Uso de Conectores,Educación,generica,Complete el conector adecuado en contexto de Uso de Conectores (Educación): La propuesta es clara ___ carece de indicadores medibles.,pero,porque,ya que,pues,A
Comunicación Escrita,Bioética,Salud,especifica,"Complete el conector adecuado en contexto de Bioética (Salud): ___ la evidencia es contundente, el informe recomienda cautela.",Aunque,Porque,Ya que,Si,A
Comunicación Escrita,Uso de Conectores,Ingeniería,generica,"Complete el conector adecuado en contexto de Uso de Conectores (Ingeniería): ___ la evidencia es contundente, el informe recomienda cautela.",Aunque,Porque,Ya que,Si,A
Comunicación Escrita,Bases de Datos,Ingeniería,especifica,"Complete el conector adecuado en contexto de Bases de Datos (Ingeniería): ___ la evidencia es contundente, el informe recomienda cautela.",Aunque,Porque,Ya que,Si,A
Comunicación Escrita,Adecuación y Cohesión,Tecnología,generica,"Complete el conector adecuado en contexto de Adecuación y Cohesión (Tecnología): El proyecto carece de resultados, ___ su financiación debe reevaluarse.",por consiguiente,sin embargo,de hecho,no obstante,A
Comunicación Escrita,Adecuación y Cohesión,Administración,generica,"Complete el conector adecuado en contexto de Adecuación y Cohesión (Administración): ___ la evidencia es contundente, el informe recomienda cautela.",Aunque,Porque,Ya que,Si,A
Comunicación Escrita,Emprendimiento,Administración,especifica,"Complete el conector adecuado en contexto de Emprendimiento (Administración): El proyecto carece de resultados, ___ su financiación debe reevaluarse.",por consiguiente,sin embargo,de hecho,no obstante,A
Comunicación Escrita,Evaluación Educativa,Educación,especifica,"Complete el conector adecuado en contexto de Evaluación Educativa (Educación): El proyecto carece de resultados, ___ su financiación debe reevaluarse.",por consiguiente,sin embargo,de hecho,no obstante,A
Comunicación Escrita,Ingeniería de Software,Ingeniería,especifica,"Complete el conector adecuado en contexto de Ingeniería de Software (Ingeniería): ___ la evidencia es contundente, el informe recomienda cautela.",Aunque,Porque,Ya que,Si,A
Comunicación Escrita,Adecuación y Cohesión,Derecho,generica,"Complete el conector adecuado en contexto de Adecuación y Cohesión (Derecho): El proyecto carece de resultados, ___ su financiación debe reevaluarse.",por consiguiente,sin embargo,de hecho,no obstante,A
Comunicación Escrita,Fisiología,Salud,especifica,Complete el conector adecuado en contexto de Fisiología (Salud): La propuesta es clara ___ carece de indicadores medibles.,pero,porque,ya que,pues,A
Comunicación Escrita,Sistemas Embebidos,Ingeniería,especifica,Complete el conector adecuado en contexto de Sistemas Embebidos (Ingeniería): La propuesta es clara ___ carece de indicadores medibles.,pero,porque,ya que,pues,A
Comunicación Escrita,Estructura de Textos,Salud,generica,Complete el conector adecuado en contexto de Estructura de Textos (Salud): La propuesta es clara ___ carece de indicadores medibles.,pero,porque,ya que,pues,A
Comunicación Escrita,Adecuación y Cohesión,Administración,generica,"Complete el conector adecuado en contexto de Adecuación y Cohesión (Administración): El proyecto carece de resultados, ___ su financiación debe reevaluarse.",por consiguiente,sin embargo,de hecho,no obstante,A
Comunicación Escrita,Logística,Administración,especifica,"Complete el conector adecuado en contexto de Logística (Administración): El proyecto carece de resultados, ___ su financiación debe reevaluarse.",por consiguiente,sin embargo,de hecho,no obstante,A
Comunicación Escrita,Adecuación y Cohesión,Derecho,generica,"Complete el conector adecuado en contexto de Adecuación y Cohesión (Derecho): ___ la evidencia es contundente, el informe recomienda cautela.",Aunque,Porque,Ya que,Si,A
Comunicación Escrita,Estructura de Textos,Ingeniería,generica,"Complete el conector adecuado en contexto de Estructura de Textos (Ingeniería): ___ la evidencia es contundente, el informe recomienda cautela.",Aunque,Porque,Ya que,Si,A
Comunicación Escrita,Adecuación y Cohesión,Derecho,generica,Complete el conector adecuado en contexto de Adecuación y Cohesión (Derecho): La propuesta es clara ___ carece de indicadores medibles.,pero,porque,ya que,pues,A
Comunicación Escrita,Estructura de Textos,Tecnología,generica,"Complete el conector adecuado en contexto de Estructura de Textos (Tecnología): ___ la evidencia es contundente, el informe recomienda cautela.",Aunque,Porque,Ya que,Si,A
Comunicación Escrita,Recursos Humanos,Administración,especifica,"Complete el conector adecuado en contexto de Recursos Humanos (Administración): ___ la evidencia es contundente, el informe recomienda cautela.",Aunque,Porque,Ya que,Si,A
Comunicación Escrita,Uso de Conectores,Administración,generica,"Complete el conector adecuado en contexto de Uso de Conectores (Administración): El proyecto carece de resultados, ___ su financiación debe reevaluarse.",por consiguiente,sin embargo,de hecho,no obstante,A
Comunicación Escrita,Ciencia de Datos,Tecnología,especifica,"Complete el conector adecuado en contexto de Ciencia de Datos (Tecnología): El proyecto carece de resultados, ___ su financiación debe reevaluarse.",por consiguiente,sin embargo,de hecho,no obstante,A
Comunicación Escrita,Uso de Conectores,Educación,generica,"Complete el conector adecuado en contexto de Uso de Conectores (Educación): ___ la evidencia es contundente, el informe recomienda cautela.",Aunque,Porque,Ya que,Si,A
Comunicación Escrita,Uso de Conectores,Derecho,generica,"Complete el conector adecuado en contexto de Uso de Conectores (Derecho): ___ la evidencia es contundente, el informe recomienda cautela.",Aunque,Porque,Ya que,Si,A
Comunicación Escrita,Estructura de Textos,Educación,generica,"Complete el conector adecuado en contexto de Estructura de Textos (Educación): ___ la evidencia es contundente, el informe recomienda cautela.",Aunque,Porque,Ya que,Si,A
Comunicación Escrita,Seguridad Informática,Tecnología,especifica,"Complete el conector adecuado en contexto de Seguridad Informática (Tecnología): ___ la evidencia es contundente, el informe recomienda cautela.",Aunque,Porque,Ya que,Si,A
Comunicación Escrita,Adecuación y Cohesión,Administración,generica,Complete el conector adecuado en contexto de Adecuación y Cohesión (Administración): La propuesta es clara ___ carece de indicadores medibles.,pero,porque,ya que,pues,A
Comunicación Escrita,Teoría del Derecho,Derecho,especifica,Complete el conector adecuado en contexto de Teoría del Derecho (Derecho): La propuesta es clara ___ carece de indicadores medibles.,pero,porque,ya que,pues,A
Comunicación Escrita,Didáctica,Educación,especifica,Complete el conector adecuado en contexto de Didáctica (Educación): La propuesta es clara ___ carece de indicadores medibles.,pero,porque,ya que,pues,A
Comunicación Escrita,Sistemas Embebidos,Ingeniería,especifica,"Complete el conector adecuado en contexto de Sistemas Embebidos (Ingeniería): El proyecto carece de resultados, ___ su financiación debe reevaluarse.",por consiguiente,sin embargo,de hecho,no obstante,A
Comunicación Escrita,Adecuación y Cohesión,Ingeniería,generica,Complete el conector adecuado en contexto de Adecuación y Cohesión (Ingeniería): La propuesta es clara ___ carece de indicadores medibles.,pero,porque,ya que,pues,A
Comunicación Escrita,Uso de Conectores,Administración,generica,Complete el conector adecuado en contexto de Uso de Conectores (Administración): La propuesta es clara ___ carece de indicadores medibles.,pero,porque,ya que,pues,A
Comunicación Escrita,Bioética,Salud,especifica,Complete el conector adecuado en contexto de Bioética (Salud): La propuesta es clara ___ carece de indicadores medibles.,pero,porque,ya que,pues,A
Comunicación Escrita,Bioética,Salud,especifica,Complete el conector adecuado en contexto de Bioética (Salud): La propuesta es clara ___ carece de indicadores medibles.,pero,porque,ya que,pues,A
Comunicación Escrita,Uso de Conectores,Ingeniería,generica,"Complete el conector adecuado en contexto de Uso de Conectores (Ingeniería): ___ la evidencia es contundente, el informe recomienda cautela.",Aunque,Porque,Ya que,Si,A
Comunicación Escrita,Sistemas Operativos,Tecnología,especifica,"Complete el conector adecuado en contexto de Sistemas Operativos (Tecnología): ___ la evidencia es contundente, el informe recomienda cautela.",Aunque,Porque,Ya que,Si,A
Comunicación Escrita,Uso de Conectores,Derecho,generica,Complete el conector adecuado en contexto de Uso de Conectores (Derecho): La propuesta es clara ___ carece de indicadores medibles.,pero,porque,ya que,pues,A
Comunicación Escrita,Adecuación y Cohesión,Derecho,generica,"Complete el conector adecuado en contexto de Adecuación y Cohesión (Derecho): ___ la evidencia es contundente, el informe recomienda cautela.",Aunque,Porque,Ya que,Si,A
Comunicación Escrita,Seguridad Informática,Tecnología,especifica,Complete el conector adecuado en contexto de Seguridad Informática (Tecnología): La propuesta es clara ___ carece de indicadores medibles.,pero,porque,ya que,pues,A
Comunicación Escrita,Adecuación y Cohesión,Ingeniería,generica,"Complete el conector adecuado en contexto de Adecuación y Cohesión (Ingeniería): ___ la evidencia es contundente, el informe recomienda cautela.",Aunque,Porque,Ya que,Si,A
Comunicación Escrita,Arquitectura de Computadores,Tecnología,especifica,"Complete el conector adecuado en contexto de Arquitectura de Computadores (Tecnología): ___ la evidencia es contundente, el informe recomienda cautela.",Aunque,Porque,Ya que,Si,A
Comunicación Escrita,Evaluación Educativa,Educación,especifica,Complete el conector adecuado en contexto de Evaluación Educativa (Educación): La propuesta es clara ___ carece de indicadores medibles.,pero,porque,ya que,pues,A
Comunicación Escrita,Bases de Datos,Ingeniería,especifica,"Complete el conector adecuado en contexto de Bases de Datos (Ingeniería): ___ la evidencia es contundente, el informe recomienda cautela.",Aunque,Porque,Ya que,Si,A
Comunicación Escrita,Teoría del Derecho,Derecho,especifica,"Complete el conector adecuado en contexto de Teoría del Derecho (Derecho): ___ la evidencia es contundente, el informe recomienda cautela.",Aunque,Porque,Ya que,Si,A
Comunicación Escrita,Uso de Conectores,Administración,generica,Complete el conector adecuado en contexto de Uso de Conectores (Administración): La propuesta es clara ___ carece de indicadores medibles.,pero,porque,ya que,pues,A
Comunicación Escrita,Estructura de Textos,Educación,generica,"Complete el conector adecuado en contexto de Estructura de Textos (Educación): El proyecto carece de resultados, ___ su financiación debe reevaluarse.",por consiguiente,sin embargo,de hecho,no obstante,A
Comunicación Escrita,Uso de Conectores,Derecho,generica,Complete el conector adecuado en contexto de Uso de Conectores (Derecho): La propuesta es clara ___ carece de indicadores medibles.,pero,porque,ya que,pues,A
Comunicación Escrita,Seguridad Informática,Tecnología,especifica,"Complete el conector adecuado en contexto de Seguridad Informática (Tecnología): ___ la evidencia es contundente, el informe recomienda cautela.",Aunque,Porque,Ya que,Si,A
Comunicación Escrita,Recursos Humanos,Administración,especifica,"Complete el conector adecuado en contexto de Recursos Humanos (Administración): El proyecto carece de resultados, ___ su financiación debe reevaluarse.",por consiguiente,sin embargo,de hecho,no obstante,A
Comunicación Escrita,Fisiología,Salud,especifica,Complete el conector adecuado en contexto de Fisiología (Salud): La propuesta es clara ___ carece de indicadores medibles.,pero,porque,ya que,pues,A
Comunicación Escrita,Emprendimiento,Administración,especifica,"Complete el conector adecuado en contexto de Emprendimiento (Administración): ___ la evidencia es contundente, el informe recomienda cautela.",Aunque,Porque,Ya que,Si,A
Comunicación Escrita,Estructura de Textos,Derecho,generica,"Complete el conector adecuado en contexto de Estructura de Textos (Derecho): ___ la evidencia es contundente, el informe recomienda cautela.",Aunque,Porque,Ya que,Si,A
Comunicación Escrita,Adecuación y Cohesión,Educación,generica,"Complete el conector adecuado en contexto de Adecuación y Cohesión (Educación): ___ la evidencia es contundente, el informe recomienda cautela.",Aunque,Porque,Ya que,Si,A
Comunicación Escrita,Estructura de Textos,Derecho,generica,Complete el conector adecuado en contexto de Estructura de Textos (Derecho): La propuesta es clara ___ carece de indicadores medibles.,pero,porque,ya que,pues,A
Comunicación Escrita,Sistemas Operativos,Tecnología,especifica,Complete el conector adecuado en contexto de Sistemas Operativos (Tecnología): La propuesta es clara ___ carece de indicadores medibles.,pero,porque,ya que,pues,A
Comunicación Escrita,Estructura de Textos,Salud,generica,"Complete el conector adecuado en contexto de Estructura de Textos (Salud): ___ la evidencia es contundente, el informe recomienda cautela.",Aunque,Porque,Ya que,Si,A
Comunicación Escrita,Uso de Conectores,Derecho,generica,Complete el conector adecuado en contexto de Uso de Conectores (Derecho): La propuesta es clara ___ carece de indicadores medibles.,pero,porque,ya que,pues,A
Comunicación Escrita,Bases de Datos,Ingeniería,especifica,"Complete el conector adecuado en contexto de Bases de Datos (Ingeniería): ___ la evidencia es contundente, el informe recomienda cautela.",Aunque,Porque,Ya que,Si,A
Comunicación Escrita,Currículo,Educación,especifica,"Complete el conector adecuado en contexto de Currículo (Educación): El proyecto carece de resultados, ___ su financiación debe reevaluarse.",por consiguiente,sin embargo,de hecho,no obstante,A
Comunicación Escrita,Uso de Conectores,Educación,generica,"Complete el conector adecuado en contexto de Uso de Conectores (Educación): El proyecto carece de resultados, ___ su financiación debe reevaluarse.",por consiguiente,sin embargo,de hecho,no obstante,A
Comunicación Escrita,Estructura de Textos,Salud,generica,"Complete el conector adecuado en contexto de Estructura de Textos (Salud): ___ la evidencia es contundente, el informe recomienda cautela.",Aunque,Porque,Ya que,Si,A
Comunicación Escrita,Adecuación y Cohesión,Tecnología,generica,Complete el conector adecuado en contexto de Adecuación y Cohesión (Tecnología): La propuesta es clara ___ carece de indicadores medibles.,pero,porque,ya que,pues,A
Comunicación Escrita,Administración Financiera,Administración,especifica,Complete el conector adecuado en contexto de Administración Financiera (Administración): La propuesta es clara ___ carece de indicadores medibles.,pero,porque,ya que,pues,A
Comunicación Escrita,Recursos Humanos,Administración,especifica,"Complete el conector adecuado en contexto de Recursos Humanos (Administración): El proyecto carece de resultados, ___ su financiación debe reevaluarse.",por consiguiente,sin embargo,de hecho,no obstante,A
Comunicación Escrita,Teoría del Derecho,Derecho,especifica,"Complete el conector adecuado en contexto de Teoría del Derecho (Derecho): El proyecto carece de resultados, ___ su financiación debe reevaluarse.",por consiguiente,sin embargo,de hecho,no obstante,A
Comunicación Escrita,Adecuación y Cohesión,Educación,generica,Complete el conector adecuado en contexto de Adecuación y Cohesión (Educación): La propuesta es clara ___ carece de indicadores medibles.,pero,porque,ya que,pues,A
Comunicación Escrita,Didáctica,Educación,especifica,"Complete el conector adecuado en contexto de Didáctica (Educación): El proyecto carece de resultados, ___ su financiación debe reevaluarse.",por consiguiente,sin embargo,de hecho,no obstante,A
Comunicación Escrita,Marketing,Administración,especifica,Complete el conector adecuado en contexto de Marketing (Administración): La propuesta es clara ___ carece de indicadores medibles.,pero,porque,ya que,pues,A
Comunicación Escrita,Estructura de Textos,Tecnología,generica,Complete el conector adecuado en contexto de Estructura de Textos (Tecnología): La propuesta es clara ___ carece de indicadores medibles.,pero,porque,ya que,pues,A
Comunicación Escrita,Farmacología,Salud,especifica,"Complete el conector adecuado en contexto de Farmacología (Salud): El proyecto carece de resultados, ___ su financiación debe reevaluarse.",por consiguiente,sin embargo,de hecho,no obstante,A
Comunicación Escrita,Sistemas Operativos,Tecnología,especifica,Complete el conector adecuado en contexto de Sistemas Operativos (Tecnología): La propuesta es clara ___ carece de indicadores medibles.,pero,porque,ya que,pues,A
Comunicación Escrita,Estructura de Textos,Educación,generica,"Complete el conector adecuado en contexto de Estructura de Textos (Educación): ___ la evidencia es contundente, el informe recomienda cautela.",Aunque,Porque,Ya que,Si,A
Comunicación Escrita,Estructura de Textos,Ingeniería,generica,"Complete el conector adecuado en contexto de Estructura de Textos (Ingeniería): ___ la evidencia es contundente, el informe recomienda cautela.",Aunque,Porque,Ya que,Si,A
Comunicación Escrita,Adecuación y Cohesión,Administración,generica,"Complete el conector adecuado en contexto de Adecuación y Cohesión (Administración): ___ la evidencia es contundente, el informe recomienda cautela.",Aunque,Porque,Ya que,Si,A
Comunicación Escrita,Fisiología,Salud,especifica,"Complete el conector adecuado en contexto de Fisiología (Salud): El proyecto carece de resultados, ___ su financiación debe reevaluarse.",por consiguiente,sin embargo,de hecho,no obstante,A
Comunicación Escrita,Uso de Conectores,Tecnología,generica,"Complete el conector adecuado en contexto de Uso de Conectores (Tecnología): El proyecto carece de resultados, ___ su financiación debe reevaluarse.",por consiguiente,sin embargo,de hecho,no obstante,A
Comunicación Escrita,Psicopedagogía,Educación,especifica,"Complete el conector adecuado en contexto de Psicopedagogía (Educación): El proyecto carece de resultados, ___ su financiación debe reevaluarse.",por consiguiente,sin embargo,de hecho,no obstante,A
Comunicación Escrita,Currículo,Educación,especifica,Complete el conector adecuado en contexto de Currículo (Educación): La propuesta es clara ___ carece de indicadores medibles.,pero,porque,ya que,pues,A
Comunicación Escrita,Estructura de Textos,Educación,generica,Complete el conector adecuado en contexto de Estructura de Textos (Educación): La propuesta es clara ___ carece de indicadores medibles.,pero,porque,ya que,pues,A
Comunicación Escrita,Derecho Laboral,Derecho,especifica,"Complete el conector adecuado en contexto de Derecho Laboral (Derecho): ___ la evidencia es contundente, el informe recomienda cautela.",Aunque,Porque,Ya que,Si,A
Comunicación Escrita,Estructura de Textos,Salud,generica,Complete el conector adecuado en contexto de Estructura de Textos (Salud): La propuesta es clara ___ carece de indicadores medibles.,pero,porque,ya que,pues,A
Comunicación Escrita,Uso de Conectores,Administración,generica,Complete el conector adecuado en contexto de Uso de Conectores (Administración): La propuesta es clara ___ carece de indicadores medibles.,pero,porque,ya que,pues,A
Comunicación Escrita,Didáctica,Educación,especifica,Complete el conector adecuado en contexto de Didáctica (Educación): La propuesta es clara ___ carece de indicadores medibles.,pero,porque,ya que,pues,A
Comunicación Escrita,Adecuación y Cohesión,Derecho,generica,Complete el conector adecuado en contexto de Adecuación y Cohesión (Derecho): La propuesta es clara ___ carece de indicadores medibles.,pero,porque,ya que,pues,A
Comunicación Escrita,Estructura de Textos,Salud,generica,"Complete el conector adecuado en contexto de Estructura de Textos (Salud): El proyecto carece de resultados, ___ su financiación debe reevaluarse.",por consiguiente,sin embargo,de hecho,no obstante,A
Comunicación Escrita,Uso de Conectores,Ingeniería,generica,Complete el conector adecuado en contexto de Uso de Conectores (Ingeniería): La propuesta es clara ___ carece de indicadores medibles.,pero,porque,ya que,pues,A
Comunicación Escrita,Estructura de Textos,Tecnología,generica,Complete el conector adecuado en contexto de Estructura de Textos (Tecnología): La propuesta es clara ___ carece de indicadores medibles.,pero,porque,ya que,pues,A
Comunicación Escrita,Derecho Penal,Derecho,especifica,"Complete el conector adecuado en contexto de Derecho Penal (Derecho): El proyecto carece de resultados, ___ su financiación debe reevaluarse.",por consiguiente,sin embargo,de hecho,no obstante,A
Comunicación Escrita,Uso de Conectores,Tecnología,generica,Complete el conector adecuado en contexto de Uso de Conectores (Tecnología): La propuesta es clara ___ carece de indicadores medibles.,pero,porque,ya que,pues,A
Comunicación Escrita,Uso de Conectores,Tecnología,generica,"Complete el conector adecuado en contexto de Uso de Conectores (Tecnología): ___ la evidencia es contundente, el informe recomienda cautela.",Aunque,Porque,Ya que,Si,A
Comunicación Escrita,Uso de Conectores,Educación,generica,Complete el conector adecuado en contexto de Uso de Conectores (Educación): La propuesta es clara ___ carece de indicadores medibles.,pero,porque,ya que,pues,A
Comunicación Escrita,Seguridad Informática,Tecnología,especifica,Complete el conector adecuado en contexto de Seguridad Informática (Tecnología): La propuesta es clara ___ carece de indicadores medibles.,pero,porque,ya que,pues,A
Comunicación Escrita,Estructura de Textos,Derecho,generica,Complete el conector adecuado en contexto de Estructura de Textos (Derecho): La propuesta es clara ___ carece de indicadores medibles.,pero,porque,ya que,pues,A
Comunicación Escrita,Epidemiología,Salud,especifica,"Complete el conector adecuado en contexto de Epidemiología (Salud): ___ la evidencia es contundente, el informe recomienda cautela.",Aunque,Porque,Ya que,Si,A
Comunicación Escrita,Adecuación y Cohesión,Administración,generica,Complete el conector adecuado en contexto de Adecuación y Cohesión (Administración): La propuesta es clara ___ carece de indicadores medibles.,pero,porque,ya que,pues,A
Comunicación Escrita,Bases de Datos,Ingeniería,especifica,"Complete el conector adecuado en contexto de Bases de Datos (Ingeniería): ___ la evidencia es contundente, el informe recomienda cautela.",Aunque,Porque,Ya que,Si,A
Comunicación Escrita,Estructura de Textos,Ingeniería,generica,Complete el conector adecuado en contexto de Estructura de Textos (Ingeniería): La propuesta es clara ___ carece de indicadores medibles.,pero,porque,ya que,pues,A
Comunicación Escrita,Sistemas Operativos,Tecnología,especifica,Complete el conector adecuado en contexto de Sistemas Operativos (Tecnología): La propuesta es clara ___ carece de indicadores medibles.,pero,porque,ya que,pues,A
Comunicación Escrita,Epidemiología,Salud,especifica,"Complete el conector adecuado en contexto de Epidemiología (Salud): ___ la evidencia es contundente, el informe recomienda cautela.",Aunque,Porque,Ya que,Si,A
Comunicación Escrita,Uso de Conectores,Administración,generica,"Complete el conector adecuado en contexto de Uso de Conectores (Administración): ___ la evidencia es contundente, el informe recomienda cautela.",Aunque,Porque,Ya que,Si,A
Comunicación Escrita,Adecuación y Cohesión,Salud,generica,"Complete el conector adecuado en contexto de Adecuación y Cohesión (Salud): El proyecto carece de resultados, ___ su financiación debe reevaluarse.",por consiguiente,sin embargo,de hecho,no obstante,A
Comunicación Escrita,Uso de Conectores,Derecho,generica,"Complete el conector adecuado en contexto de Uso de Conectores (Derecho): ___ la evidencia es contundente, el informe recomienda cautela.",Aunque,Porque,Ya que,Si,A
Comunicación Escrita,Derecho Constitucional,Derecho,especifica,"Complete el conector adecuado en contexto de Derecho Constitucional (Derecho): ___ la evidencia es contundente, el informe recomienda cautela.",Aunque,Porque,Ya que,Si,A
Comunicación Escrita,Redes y Telecomunicaciones,Ingeniería,especifica,Complete el conector adecuado en contexto de Redes y Telecomunicaciones (Ingeniería): La propuesta es clara ___ carece de indicadores medibles.,pero,porque,ya que,pues,A
Comunicación Escrita,Estructura de Textos,Administración,generica,Complete el conector adecuado en contexto de Estructura de Textos (Administración): La propuesta es clara ___ carece de indicadores medibles.,pero,porque,ya que,pues,A
Comunicación Escrita,Estructura de Textos,Administración,generica,"Complete el conector adecuado en contexto de Estructura de Textos (Administración): ___ la evidencia es contundente, el informe recomienda cautela.",Aunque,Porque,Ya que,Si,A
Comunicación Escrita,Derecho Constitucional,Derecho,especifica,Complete el conector adecuado en contexto de Derecho Constitucional (Derecho): La propuesta es clara ___ carece de indicadores medibles.,pero,porque,ya que,pues,A
Comunicación Escrita,Fisiología,Salud,especifica,"Complete el conector adecuado en contexto de Fisiología (Salud): El proyecto carece de resultados, ___ su financiación debe reevaluarse.",por consiguiente,sin embargo,de hecho,no obstante,A
Comunicación Escrita,Salud Pública,Salud,especifica,"Complete el conector adecuado en contexto de Salud Pública (Salud): El proyecto carece de resultados, ___ su financiación debe reevaluarse.",por consiguiente,sin embargo,de hecho,no obstante,A
Comunicación Escrita,Estructura de Textos,Ingeniería,generica,"Complete el conector adecuado en contexto de Estructura de Textos (Ingeniería): ___ la evidencia es contundente, el informe recomienda cautela.",Aunque,Porque,Ya que,Si,A
Comunicación Escrita,Derecho Penal,Derecho,especifica,"Complete el conector adecuado en contexto de Derecho Penal (Derecho): El proyecto carece de resultados, ___ su financiación debe reevaluarse.",por consiguiente,sin embargo,de hecho,no obstante,A
Comunicación Escrita,Estructura de Textos,Salud,generica,Complete el conector adecuado en contexto de Estructura de Textos (Salud): La propuesta es clara ___ carece de indicadores medibles.,pero,porque,ya que,pues,A
Comunicación Escrita,Adecuación y Cohesión,Educación,generica,"Complete el conector adecuado en contexto de Adecuación y Cohesión (Educación): ___ la evidencia es contundente, el informe recomienda cautela.",Aunque,Porque,Ya que,Si,A
Comunicación Escrita,Uso de Conectores,Administración,generica,"Complete el conector adecuado en contexto de Uso de Conectores (Administración): El proyecto carece de resultados, ___ su financiación debe reevaluarse.",por consiguiente,sin embargo,de hecho,no obstante,A
Comunicación Escrita,Uso de Conectores,Derecho,generica,"Complete el conector adecuado en contexto de Uso de Conectores (Derecho): ___ la evidencia es contundente, el informe recomienda cautela.",Aunque,Porque,Ya que,Si,A
Comunicación Escrita,Estructura de Textos,Tecnología,generica,"Complete el conector adecuado en contexto de Estructura de Textos (Tecnología): ___ la evidencia es contundente, el informe recomienda cautela.",Aunque,Porque,Ya que,Si,A
Comunicación Escrita,Estructura de Textos,Administración,generica,Complete el conector adecuado en contexto de Estructura de Textos (Administración): La propuesta es clara ___ carece de indicadores medibles.,pero,porque,ya que,pues,A
Comunicación Escrita,Uso de Conectores,Educación,generica,"Complete el conector adecuado en contexto de Uso de Conectores (Educación): El proyecto carece de resultados, ___ su financiación debe reevaluarse.",por consiguiente,sin embargo,de hecho,no obstante,A
Comunicación Escrita,Uso de Conectores,Derecho,generica,"Complete el conector adecuado en contexto de Uso de Conectores (Derecho): El proyecto carece de resultados, ___ su financiación debe reevaluarse.",por consiguiente,sin embargo,de hecho,no obstante,A
Comunicación Escrita,Adecuación y Cohesión,Derecho,generica,Complete el conector adecuado en contexto de Adecuación y Cohesión (Derecho): La propuesta es clara ___ carece de indicadores medibles.,pero,porque,ya que,pues,A
Comunicación Escrita,Estructura de Textos,Administración,generica,"Complete el conector adecuado en contexto de Estructura de Textos (Administración): ___ la evidencia es contundente, el informe recomienda cautela.",Aunque,Porque,Ya que,Si,A
Comunicación Escrita,Didáctica,Educación,especifica,"Complete el conector adecuado en contexto de Didáctica (Educación): El proyecto carece de resultados, ___ su financiación debe reevaluarse.",por consiguiente,sin embargo,de hecho,no obstante,A
Comunicación Escrita,Uso de Conectores,Ingeniería,generica,"Complete el conector adecuado en contexto de Uso de Conectores (Ingeniería): El proyecto carece de resultados, ___ su financiación debe reevaluarse.",por consiguiente,sin embargo,de hecho,no obstante,A
Comunicación Escrita,Tecnología Educativa,Educación,especifica,Complete el conector adecuado en contexto de Tecnología Educativa (Educación): La propuesta es clara ___ carece de indicadores medibles.,pero,porque,ya que,pues,A
Comunicación Escrita,Adecuación y Cohesión,Administración,generica,Complete el conector adecuado en contexto de Adecuación y Cohesión (Administración): La propuesta es clara ___ carece de indicadores medibles.,pero,porque,ya que,pues,A
Comunicación Escrita,Adecuación y Cohesión,Ingeniería,generica,"Complete el conector adecuado en contexto de Adecuación y Cohesión (Ingeniería): El proyecto carece de resultados, ___ su financiación debe reevaluarse.",por consiguiente,sin embargo,de hecho,no obstante,A
Comunicación Escrita,Adecuación y Cohesión,Educación,generica,Complete el conector adecuado en contexto de Adecuación y Cohesión (Educación): La propuesta es clara ___ carece de indicadores medibles.,pero,porque,ya que,pues,A
Comunicación Escrita,Epidemiología,Salud,especifica,"Complete el conector adecuado en contexto de Epidemiología (Salud): El proyecto carece de resultados, ___ su financiación debe reevaluarse.",por consiguiente,sin embargo,de hecho,no obstante,A
Comunicación Escrita,Adecuación y Cohesión,Administración,generica,Complete el conector adecuado en contexto de Adecuación y Cohesión (Administración): La propuesta es clara ___ carece de indicadores medibles.,pero,porque,ya que,pues,A
Comunicación Escrita,Adecuación y Cohesión,Tecnología,generica,"Complete el conector adecuado en contexto de Adecuación y Cohesión (Tecnología): ___ la evidencia es contundente, el informe recomienda cautela.",Aunque,Porque,Ya que,Si,A
Comunicación Escrita,Uso de Conectores,Tecnología,generica,"Complete el conector adecuado en contexto de Uso de Conectores (Tecnología): El proyecto carece de resultados, ___ su financiación debe reevaluarse.",por consiguiente,sin embargo,de hecho,no obstante,A
Comunicación Escrita,Estructura de Textos,Derecho,generica,"Complete el conector adecuado en contexto de Estructura de Textos (Derecho): El proyecto carece de resultados, ___ su financiación debe reevaluarse.",por consiguiente,sin embargo,de hecho,no obstante,A
Comunicación Escrita,Uso de Conectores,Administración,generica,Complete el conector adecuado en contexto de Uso de Conectores (Administración): La propuesta es clara ___ carece de indicadores medibles.,pero,porque,ya que,pues,A
Comunicación Escrita,Estructura de Textos,Administración,generica,"Complete el conector adecuado en contexto de Estructura de Textos (Administración): ___ la evidencia es contundente, el informe recomienda cautela.",Aunque,Porque,Ya que,Si,A
Comunicación Escrita,Uso de Conectores,Derecho,generica,"Complete el conector adecuado en contexto de Uso de Conectores (Derecho): El proyecto carece de resultados, ___ su financiación debe reevaluarse.",por consiguiente,sin embargo,de hecho,no obstante,A
Comunicación Escrita,Adecuación y Cohesión,Salud,generica,"Complete el conector adecuado en contexto de Adecuación y Cohesión (Salud): ___ la evidencia es contundente, el informe recomienda cautela.",Aunque,Porque,Ya que,Si,A
Comunicación Escrita,Uso de Conectores,Educación,generica,Complete el conector adecuado en contexto de Uso de Conectores (Educación): La propuesta es clara ___ carece de indicadores medibles.,pero,porque,ya que,pues,A
Comunicación Escrita,Uso de Conectores,Salud,generica,"Complete el conector adecuado en contexto de Uso de Conectores (Salud): El proyecto carece de resultados, ___ su financiación debe reevaluarse.",por consiguiente,sin embargo,de hecho,no obstante,A
Comunicación Escrita,Derecho Civil,Derecho,especifica,"Complete el conector adecuado en contexto de Derecho Civil (Derecho): ___ la evidencia es contundente, el informe recomienda cautela.",Aunque,Porque,Ya que,Si,A
Comunicación Escrita,Didáctica,Educación,especifica,"Complete el conector adecuado en contexto de Didáctica (Educación): El proyecto carece de resultados, ___ su financiación debe reevaluarse.",por consiguiente,sin embargo,de hecho,no obstante,A
Comunicación Escrita,Uso de Conectores,Tecnología,generica,"Complete el conector adecuado en contexto de Uso de Conectores (Tecnología): El proyecto carece de resultados, ___ su financiación debe reevaluarse.",por consiguiente,sin embargo,de hecho,no obstante,A
Comunicación Escrita,Evaluación Educativa,Educación,especifica,Complete el conector adecuado en contexto de Evaluación Educativa (Educación): La propuesta es clara ___ carece de indicadores medibles.,pero,porque,ya que,pues,A
Comunicación Escrita,Estructura de Textos,Salud,generica,"Complete el conector adecuado en contexto de Estructura de Textos (Salud): ___ la evidencia es contundente, el informe recomienda cautela.",Aunque,Porque,Ya que,Si,A
Comunicación Escrita,Redes y Telecomunicaciones,Ingeniería,especifica,"Complete el conector adecuado en contexto de Redes y Telecomunicaciones (Ingeniería): ___ la evidencia es contundente, el informe recomienda cautela.",Aunque,Porque,Ya que,Si,A
Comunicación Escrita,Estructura de Textos,Educación,generica,"Complete el conector adecuado en contexto de Estructura de Textos (Educación): El proyecto carece de resultados, ___ su financiación debe reevaluarse.",por consiguiente,sin embargo,de hecho,no obstante,A
Comunicación Escrita,Adecuación y Cohesión,Educación,generica,"Complete el conector adecuado en contexto de Adecuación y Cohesión (Educación): ___ la evidencia es contundente, el informe recomienda cautela.",Aunque,Porque,Ya que,Si,A
Comunicación Escrita,Estructura de Textos,Administración,generica,"Complete el conector adecuado en contexto de Estructura de Textos (Administración): ___ la evidencia es contundente, el informe recomienda cautela.",Aunque,Porque,Ya que,Si,A
Comunicación Escrita,Salud Pública,Salud,especifica,Complete el conector adecuado en contexto de Salud Pública (Salud): La propuesta es clara ___ carece de indicadores medibles.,pero,porque,ya que,pues,A
Comunicación Escrita,Farmacología,Salud,especifica,"Complete el conector adecuado en contexto de Farmacología (Salud): El proyecto carece de resultados, ___ su financiación debe reevaluarse.",por consiguiente,sin embargo,de hecho,no obstante,A
Comunicación Escrita,Redes y Telecomunicaciones,Ingeniería,especifica,Complete el conector adecuado en contexto de Redes y Telecomunicaciones (Ingeniería): La propuesta es clara ___ carece de indicadores medibles.,pero,porque,ya que,pues,A
Comunicación Escrita,Administración Financiera,Administración,especifica,"Complete el conector adecuado en contexto de Administración Financiera (Administración): ___ la evidencia es contundente, el informe recomienda cautela.",Aunque,Porque,Ya que,Si,A
Comunicación Escrita,Estructura de Textos,Ingeniería,generica,"Complete el conector adecuado en contexto de Estructura de Textos (Ingeniería): ___ la evidencia es contundente, el informe recomienda cautela.",Aunque,Porque,Ya que,Si,A
Comunicación Escrita,Evaluación Educativa,Educación,especifica,"Complete el conector adecuado en contexto de Evaluación Educativa (Educación): ___ la evidencia es contundente, el informe recomienda cautela.",Aunque,Porque,Ya que,Si,A
Comunicación Escrita,Estructura de Textos,Salud,generica,"Complete el conector adecuado en contexto de Estructura de Textos (Salud): ___ la evidencia es contundente, el informe recomienda cautela.",Aunque,Porque,Ya que,Si,A
Comunicación Escrita,Estructura de Textos,Derecho,generica,"Complete el conector adecuado en contexto de Estructura de Textos (Derecho): El proyecto carece de resultados, ___ su financiación debe reevaluarse.",por consiguiente,sin embargo,de hecho,no obstante,A
Comunicación Escrita,Sistemas Embebidos,Ingeniería,especifica,"Complete el conector adecuado en contexto de Sistemas Embebidos (Ingeniería): El proyecto carece de resultados, ___ su financiación debe reevaluarse.",por consiguiente,sin embargo,de hecho,no obstante,A
Comunicación Escrita,Uso de Conectores,Salud,generica,"Complete el conector adecuado en contexto de Uso de Conectores (Salud): ___ la evidencia es contundente, el informe recomienda cautela.",Aunque,Porque,Ya que,Si,A
Comunicación Escrita,Fisiología,Salud,especifica,"Complete el conector adecuado en contexto de Fisiología (Salud): ___ la evidencia es contundente, el informe recomienda cautela.",Aunque,Porque,Ya que,Si,A
Comunicación Escrita,Recursos Humanos,Administración,especifica,Complete el conector adecuado en contexto de Recursos Humanos (Administración): La propuesta es clara ___ carece de indicadores medibles.,pero,porque,ya que,pues,A
Comunicación Escrita,Seguridad Informática,Tecnología,especifica,Complete el conector adecuado en contexto de Seguridad Informática (Tecnología): La propuesta es clara ___ carece de indicadores medibles.,pero,porque,ya que,pues,A
Comunicación Escrita,Derecho Constitucional,Derecho,especifica,"Complete el conector adecuado en contexto de Derecho Constitucional (Derecho): El proyecto carece de resultados, ___ su financiación debe reevaluarse.",por consiguiente,sin embargo,de hecho,no obstante,A
Comunicación Escrita,Derecho Laboral,Derecho,especifica,"Complete el conector adecuado en contexto de Derecho Laboral (Derecho): ___ la evidencia es contundente, el informe recomienda cautela.",Aunque,Porque,Ya que,Si,A
Comunicación Escrita,Estructura de Textos,Salud,generica,Complete el conector adecuado en contexto de Estructura de Textos (Salud): La propuesta es clara ___ carece de indicadores medibles.,pero,porque,ya que,pues,A
Comunicación Escrita,Uso de Conectores,Tecnología,generica,Complete el conector adecuado en contexto de Uso de Conectores (Tecnología): La propuesta es clara ___ carece de indicadores medibles.,pero,porque,ya que,pues,A
Comunicación Escrita,Logística,Administración,especifica,Complete el conector adecuado en contexto de Logística (Administración): La propuesta es clara ___ carece de indicadores medibles.,pero,porque,ya que,pues,A
Comunicación Escrita,Adecuación y Cohesión,Administración,generica,"Complete el conector adecuado en contexto de Adecuación y Cohesión (Administración): El proyecto carece de resultados, ___ su financiación debe reevaluarse.",por consiguiente,sin embargo,de hecho,no obstante,A
Comunicación Escrita,Administración Financiera,Administración,especifica,Complete el conector adecuado en contexto de Administración Financiera (Administración): La propuesta es clara ___ carece de indicadores medibles.,pero,porque,ya que,pues,A
Comunicación Escrita,Estructura de Textos,Tecnología,generica,"Complete el conector adecuado en contexto de Estructura de Textos (Tecnología): El proyecto carece de resultados, ___ su financiación debe reevaluarse.",por consiguiente,sin embargo,de hecho,no obstante,A
Comunicación Escrita,Fisiología,Salud,especifica,Complete el conector adecuado en contexto de Fisiología (Salud): La propuesta es clara ___ carece de indicadores medibles.,pero,porque,ya que,pues,A
Comunicación Escrita,Farmacología,Salud,especifica,"Complete el conector adecuado en contexto de Farmacología (Salud): El proyecto carece de resultados, ___ su financiación debe reevaluarse.",por consiguiente,sin embargo,de hecho,no obstante,A
Comunicación Escrita,Epidemiología,Salud,especifica,"Complete el conector adecuado en contexto de Epidemiología (Salud): ___ la evidencia es contundente, el informe recomienda cautela.",Aunque,Porque,Ya que,Si,A
Comunicación Escrita,Evaluación Educativa,Educación,especifica,"Complete el conector adecuado en contexto de Evaluación Educativa (Educación): El proyecto carece de resultados, ___ su financiación debe reevaluarse.",por consiguiente,sin embargo,de hecho,no obstante,A
Comunicación Escrita,Logística,Administración,especifica,"Complete el conector adecuado en contexto de Logística (Administración): ___ la evidencia es contundente, el informe recomienda cautela.",Aunque,Porque,Ya que,Si,A
Comunicación Escrita,Derecho Civil,Derecho,especifica,Complete el conector adecuado en contexto de Derecho Civil (Derecho): La propuesta es clara ___ carece de indicadores medibles.,pero,porque,ya que,pues,A
Comunicación Escrita,Adecuación y Cohesión,Derecho,generica,"Complete el conector adecuado en contexto de Adecuación y Cohesión (Derecho): El proyecto carece de resultados, ___ su financiación debe reevaluarse.",por consiguiente,sin embargo,de hecho,no obstante,A
Comunicación Escrita,Adecuación y Cohesión,Administración,generica,"Complete el conector adecuado en contexto de Adecuación y Cohesión (Administración): El proyecto carece de resultados, ___ su financiación debe reevaluarse.",por consiguiente,sin embargo,de hecho,no obstante,A
Comunicación Escrita,Didáctica,Educación,especifica,"Complete el conector adecuado en contexto de Didáctica (Educación): El proyecto carece de resultados, ___ su financiación debe reevaluarse.",por consiguiente,sin embargo,de hecho,no obstante,A
Comunicación Escrita,Estructura de Textos,Ingeniería,generica,Complete el conector adecuado en contexto de Estructura de Textos (Ingeniería): La propuesta es clara ___ carece de indicadores medibles.,pero,porque,ya que,pues,A
Comunicación Escrita,Epidemiología,Salud,especifica,Complete el conector adecuado en contexto de Epidemiología (Salud): La propuesta es clara ___ carece de indicadores medibles.,pero,porque,ya que,pues,A
Comunicación Escrita,Salud Pública,Salud,especifica,"Complete el conector adecuado en contexto de Salud Pública (Salud): ___ la evidencia es contundente, el informe recomienda cautela.",Aunque,Porque,Ya que,Si,A
Comunicación Escrita,Derecho Constitucional,Derecho,especifica,"Complete el conector adecuado en contexto de Derecho Constitucional (Derecho): El proyecto carece de resultados, ___ su financiación debe reevaluarse.",por consiguiente,sin embargo,de hecho,no obstante,A
Comunicación Escrita,Psicopedagogía,Educación,especifica,"Complete el conector adecuado en contexto de Psicopedagogía (Educación): El proyecto carece de resultados, ___ su financiación debe reevaluarse.",por consiguiente,sin embargo,de hecho,no obstante,A
Comunicación Escrita,Bioética,Salud,especifica,"Complete el conector adecuado en contexto de Bioética (Salud): ___ la evidencia es contundente, el informe recomienda cautela.",Aunque,Porque,Ya que,Si,A
Comunicación Escrita,Uso de Conectores,Tecnología,generica,"Complete el conector adecuado en contexto de Uso de Conectores (Tecnología): ___ la evidencia es contundente, el informe recomienda cautela.",Aunque,Porque,Ya que,Si,A
Comunicación Escrita,Adecuación y Cohesión,Ingeniería,generica,"Complete el conector adecuado en contexto de Adecuación y Cohesión (Ingeniería): El proyecto carece de resultados, ___ su financiación debe reevaluarse.",por consiguiente,sin embargo,de hecho,no obstante,A
Comunicación Escrita,Uso de Conectores,Administración,generica,"Complete el conector adecuado en contexto de Uso de Conectores (Administración): El proyecto carece de resultados, ___ su financiación debe reevaluarse.",por consiguiente,sin embargo,de hecho,no obstante,A
Comunicación Escrita,Adecuación y Cohesión,Educación,generica,Complete el conector adecuado en contexto de Adecuación y Cohesión (Educación): La propuesta es clara ___ carece de indicadores medibles.,pero,porque,ya que,pues,A
Comunicación Escrita,Adecuación y Cohesión,Derecho,generica,Complete el conector adecuado en contexto de Adecuación y Cohesión (Derecho): La propuesta es clara ___ carece de indicadores medibles.,pero,porque,ya que,pues,A
Comunicación Escrita,Seguridad Informática,Tecnología,especifica,Complete el conector adecuado en contexto de Seguridad Informática (Tecnología): La propuesta es clara ___ carece de indicadores medibles.,pero,porque,ya que,pues,A
Comunicación Escrita,Adecuación y Cohesión,Educación,generica,"Complete el conector adecuado en contexto de Adecuación y Cohesión (Educación): El proyecto carece de resultados, ___ su financiación debe reevaluarse.",por consiguiente,sin embargo,de hecho,no obstante,A
Comunicación Escrita,Estructura de Textos,Ingeniería,generica,Complete el conector adecuado en contexto de Estructura de Textos (Ingeniería): La propuesta es clara ___ carece de indicadores medibles.,pero,porque,ya que,pues,A
Comunicación Escrita,Adecuación y Cohesión,Educación,generica,Complete el conector adecuado en contexto de Adecuación y Cohesión (Educación): La propuesta es clara ___ carece de indicadores medibles.,pero,porque,ya que,pues,A
Comunicación Escrita,Ciencia de Datos,Tecnología,especifica,Complete el conector adecuado en contexto de Ciencia de Datos (Tecnología): La propuesta es clara ___ carece de indicadores medibles.,pero,porque,ya que,pues,A
Comunicación Escrita,Bioética,Salud,especifica,Complete el conector adecuado en contexto de Bioética (Salud): La propuesta es clara ___ carece de indicadores medibles.,pero,porque,ya que,pues,A
Comunicación Escrita,Estructura de Textos,Ingeniería,generica,"Complete el conector adecuado en contexto de Estructura de Textos (Ingeniería): ___ la evidencia es contundente, el informe recomienda cautela.",Aunque,Porque,Ya que,Si,A
Comunicación Escrita,Ingeniería de Software,Ingeniería,especifica,"Complete el conector adecuado en contexto de Ingeniería de Software (Ingeniería): ___ la evidencia es contundente, el informe recomienda cautela.",Aunque,Porque,Ya que,Si,A
Comunicación Escrita,Salud Pública,Salud,especifica,Complete el conector adecuado en contexto de Salud Pública (Salud): La propuesta es clara ___ carece de indicadores medibles.,pero,porque,ya que,pues,A
Comunicación Escrita,Adecuación y Cohesión,Educación,generica,"Complete el conector adecuado en contexto de Adecuación y Cohesión (Educación): ___ la evidencia es contundente, el informe recomienda cautela.",Aunque,Porque,Ya que,Si,A
Comunicación Escrita,Administración Financiera,Administración,especifica,Complete el conector adecuado en contexto de Administración Financiera (Administración): La propuesta es clara ___ carece de indicadores medibles.,pero,porque,ya que,pues,A
Inglés,Recursos Humanos,Administración,especifica,"[Recursos Humanos - Administración] Choose the option that best completes the sentence: 'If the data ___ cleaned, the model will underperform.'",isn't,weren't,aren't,hasn't,A
Inglés,Vocabulary,Administración,generica,"[Vocabulary - Administración] Choose the option that best completes the sentence: 'If the data ___ cleaned, the model will underperform.'",isn't,weren't,aren't,hasn't,A
Inglés,Reading,Administración,generica,"[Reading - Administración] In project management, a 'milestone' is best defined as a:",critical failure,measurable checkpoint,budget overrun,daily task,B
Inglés,Logística,Administración,especifica,"[Logística - Administración] Choose the option that best completes the sentence: 'If the data ___ cleaned, the model will underperform.'",isn't,weren't,aren't,hasn't,A
Inglés,Análisis de Señales,Ingeniería,especifica,[Análisis de Señales - Ingeniería] Select the synonym of 'enhance' in context:,diminish,improve,neglect,replace,B
Inglés,Use of English,Salud,generica,"[Use of English - Salud] Choose the option that best completes the sentence: 'If the data ___ cleaned, the model will underperform.'",isn't,weren't,aren't,hasn't,A
Inglés,Tecnología Educativa,Educación,especifica,"[Tecnología Educativa - Educación] In project management, a 'milestone' is best defined as a:",critical failure,measurable checkpoint,budget overrun,daily task,B
Inglés,Vocabulary,Tecnología,generica,"[Vocabulary - Tecnología] Choose the option that best completes the sentence: 'If the data ___ cleaned, the model will underperform.'",isn't,weren't,aren't,hasn't,A
Inglés,Reading,Administración,generica,[Reading - Administración] Select the synonym of 'enhance' in context:,diminish,improve,neglect,replace,B
Inglés,Vocabulary,Educación,generica,"[Vocabulary - Educación] In project management, a 'milestone' is best defined as a:",critical failure,measurable checkpoint,budget overrun,daily task,B
Inglés,Grammar,Salud,generica,[Grammar - Salud] Select the synonym of 'enhance' in context:,diminish,improve,neglect,replace,B
Inglés,Use of English,Educación,generica,[Use of English - Educación] Select the synonym of 'enhance' in context:,diminish,improve,neglect,replace,B
Inglés,Reading,Educación,generica,"[Reading - Educación] Choose the option that best completes the sentence: 'If the data ___ cleaned, the model will underperform.'",isn't,weren't,aren't,hasn't,A
Inglés,Fisiología,Salud,especifica,"[Fisiología - Salud] Choose the option that best completes the sentence: 'If the data ___ cleaned, the model will underperform.'",isn't,weren't,aren't,hasn't,A
Inglés,Grammar,Derecho,generica,"[Grammar - Derecho] Choose the option that best completes the sentence: 'If the data ___ cleaned, the model will underperform.'",isn't,weren't,aren't,hasn't,A
Inglés,Grammar,Derecho,generica,"[Grammar - Derecho] In project management, a 'milestone' is best defined as a:",critical failure,measurable checkpoint,budget overrun,daily task,B
Inglés,Reading,Educación,generica,"[Reading - Educación] Choose the option that best completes the sentence: 'If the data ___ cleaned, the model will underperform.'",isn't,weren't,aren't,hasn't,A
Inglés,Epidemiología,Salud,especifica,[Epidemiología - Salud] Select the synonym of 'enhance' in context:,diminish,improve,neglect,replace,B
Inglés,Vocabulary,Tecnología,generica,[Vocabulary - Tecnología] Select the synonym of 'enhance' in context:,diminish,improve,neglect,replace,B
Inglés,Ciencia de Datos,Tecnología,especifica,"[Ciencia de Datos - Tecnología] In project management, a 'milestone' is best defined as a:",critical failure,measurable checkpoint,budget overrun,daily task,B
Inglés,Grammar,Derecho,generica,[Grammar - Derecho] Select the synonym of 'enhance' in context:,diminish,improve,neglect,replace,B
Inglés,Logística,Administración,especifica,"[Logística - Administración] In project management, a 'milestone' is best defined as a:",critical failure,measurable checkpoint,budget overrun,daily task,B
Inglés,Reading,Salud,generica,"[Reading - Salud] In project management, a 'milestone' is best defined as a:",critical failure,measurable checkpoint,budget overrun,daily task,B
Inglés,Reading,Derecho,generica,"[Reading - Derecho] In project management, a 'milestone' is best defined as a:",critical failure,measurable checkpoint,budget overrun,daily task,B
Inglés,Grammar,Tecnología,generica,"[Grammar - Tecnología] In project management, a 'milestone' is best defined as a:",critical failure,measurable checkpoint,budget overrun,daily task,B
Inglés,Administración Financiera,Administración,especifica,"[Administración Financiera - Administración] Choose the option that best completes the sentence: 'If the data ___ cleaned, the model will underperform.'",isn't,weren't,aren't,hasn't,A
Inglés,Ingeniería de Software,Ingeniería,especifica,"[Ingeniería de Software - Ingeniería] Choose the option that best completes the sentence: 'If the data ___ cleaned, the model will underperform.'",isn't,weren't,aren't,hasn't,A
Inglés,Didáctica,Educación,especifica,[Didáctica - Educación] Select the synonym of 'enhance' in context:,diminish,improve,neglect,replace,B
Inglés,Vocabulary,Salud,generica,"[Vocabulary - Salud] In project management, a 'milestone' is best defined as a:",critical failure,measurable checkpoint,budget overrun,daily task,B
Inglés,Vocabulary,Derecho,generica,"[Vocabulary - Derecho] In project management, a 'milestone' is best defined as a:",critical failure,measurable checkpoint,budget overrun,daily task,B
Inglés,Reading,Ingeniería,generica,"[Reading - Ingeniería] Choose the option that best completes the sentence: 'If the data ___ cleaned, the model will underperform.'",isn't,weren't,aren't,hasn't,A
Inglés,Derecho Laboral,Derecho,especifica,"[Derecho Laboral - Derecho] Choose the option that best completes the sentence: 'If the data ___ cleaned, the model will underperform.'",isn't,weren't,aren't,hasn't,A
Inglés,Seguridad Informática,Tecnología,especifica,[Seguridad Informática - Tecnología] Select the synonym of 'enhance' in context:,diminish,improve,neglect,replace,B
Inglés,Use of English,Ingeniería,generica,"[Use of English - Ingeniería] In project management, a 'milestone' is best defined as a:",critical failure,measurable checkpoint,budget overrun,daily task,B
Inglés,Desarrollo Web,Tecnología,especifica,"[Desarrollo Web - Tecnología] In project management, a 'milestone' is best defined as a:",critical failure,measurable checkpoint,budget overrun,daily task,B
Inglés,Reading,Salud,generica,"[Reading - Salud] In project management, a 'milestone' is best defined as a:",critical failure,measurable checkpoint,budget overrun,daily task,B
Inglés,Análisis de Señales,Ingeniería,especifica,[Análisis de Señales - Ingeniería] Select the synonym of 'enhance' in context:,diminish,improve,neglect,replace,B
Inglés,Grammar,Tecnología,generica,[Grammar - Tecnología] Select the synonym of 'enhance' in context:,diminish,improve,neglect,replace,B
Inglés,Grammar,Educación,generica,"[Grammar - Educación] Choose the option that best completes the sentence: 'If the data ___ cleaned, the model will underperform.'",isn't,weren't,aren't,hasn't,A
Inglés,Vocabulary,Educación,generica,"[Vocabulary - Educación] In project management, a 'milestone' is best defined as a:",critical failure,measurable checkpoint,budget overrun,daily task,B
Inglés,Reading,Administración,generica,"[Reading - Administración] In project management, a 'milestone' is best defined as a:",critical failure,measurable checkpoint,budget overrun,daily task,B
Inglés,Reading,Educación,generica,[Reading - Educación] Select the synonym of 'enhance' in context:,diminish,improve,neglect,replace,B
Inglés,Reading,Salud,generica,[Reading - Salud] Select the synonym of 'enhance' in context:,diminish,improve,neglect,replace,B
Inglés,Vocabulary,Ingeniería,generica,"[Vocabulary - Ingeniería] In project management, a 'milestone' is best defined as a:",critical failure,measurable checkpoint,budget overrun,daily task,B
Inglés,Grammar,Ingeniería,generica,"[Grammar - Ingeniería] In project management, a 'milestone' is best defined as a:",critical failure,measurable checkpoint,budget overrun,daily task,B
Inglés,Análisis de Señales,Ingeniería,especifica,"[Análisis de Señales - Ingeniería] Choose the option that best completes the sentence: 'If the data ___ cleaned, the model will underperform.'",isn't,weren't,aren't,hasn't,A
Inglés,Reading,Salud,generica,"[Reading - Salud] In project management, a 'milestone' is best defined as a:",critical failure,measurable checkpoint,budget overrun,daily task,B
Inglés,Arquitectura de Computadores,Tecnología,especifica,"[Arquitectura de Computadores - Tecnología] Choose the option that best completes the sentence: 'If the data ___ cleaned, the model will underperform.'",isn't,weren't,aren't,hasn't,A
Inglés,Reading,Derecho,generica,[Reading - Derecho] Select the synonym of 'enhance' in context:,diminish,improve,neglect,replace,B
Inglés,Grammar,Administración,generica,"[Grammar - Administración] In project management, a 'milestone' is best defined as a:",critical failure,measurable checkpoint,budget overrun,daily task,B
Inglés,Currículo,Educación,especifica,[Currículo - Educación] Select the synonym of 'enhance' in context:,diminish,improve,neglect,replace,B
Inglés,Grammar,Ingeniería,generica,"[Grammar - Ingeniería] In project management, a 'milestone' is best defined as a:",critical failure,measurable checkpoint,budget overrun,daily task,B
Inglés,Teoría del Derecho,Derecho,especifica,"[Teoría del Derecho - Derecho] In project management, a 'milestone' is best defined as a:",critical failure,measurable checkpoint,budget overrun,daily task,B
Inglés,Grammar,Tecnología,generica,"[Grammar - Tecnología] Choose the option that best completes the sentence: 'If the data ___ cleaned, the model will underperform.'",isn't,weren't,aren't,hasn't,A
Inglés,Didáctica,Educación,especifica,[Didáctica - Educación] Select the synonym of 'enhance' in context:,diminish,improve,neglect,replace,B
Inglés,Vocabulary,Derecho,generica,[Vocabulary - Derecho] Select the synonym of 'enhance' in context:,diminish,improve,neglect,replace,B
Inglés,Vocabulary,Ingeniería,generica,[Vocabulary - Ingeniería] Select the synonym of 'enhance' in context:,diminish,improve,neglect,replace,B
Inglés,Reading,Ingeniería,generica,"[Reading - Ingeniería] Choose the option that best completes the sentence: 'If the data ___ cleaned, the model will underperform.'",isn't,weren't,aren't,hasn't,A
Inglés,Vocabulary,Ingeniería,generica,[Vocabulary - Ingeniería] Select the synonym of 'enhance' in context:,diminish,improve,neglect,replace,B
Inglés,Vocabulary,Salud,generica,"[Vocabulary - Salud] Choose the option that best completes the sentence: 'If the data ___ cleaned, the model will underperform.'",isn't,weren't,aren't,hasn't,A
Inglés,Didáctica,Educación,especifica,"[Didáctica - Educación] In project management, a 'milestone' is best defined as a:",critical failure,measurable checkpoint,budget overrun,daily task,B
Inglés,Vocabulary,Salud,generica,[Vocabulary - Salud] Select the synonym of 'enhance' in context:,diminish,improve,neglect,replace,B
Inglés,Use of English,Salud,generica,"[Use of English - Salud] In project management, a 'milestone' is best defined as a:",critical failure,measurable checkpoint,budget overrun,daily task,B
Inglés,Derecho Civil,Derecho,especifica,"[Derecho Civil - Derecho] Choose the option that best completes the sentence: 'If the data ___ cleaned, the model will underperform.'",isn't,weren't,aren't,hasn't,A
Inglés,Grammar,Administración,generica,"[Grammar - Administración] In project management, a 'milestone' is best defined as a:",critical failure,measurable checkpoint,budget overrun,daily task,B
Inglés,Use of English,Ingeniería,generica,"[Use of English - Ingeniería] In project management, a 'milestone' is best defined as a:",critical failure,measurable checkpoint,budget overrun,daily task,B
Inglés,Reading,Administración,generica,[Reading - Administración] Select the synonym of 'enhance' in context:,diminish,improve,neglect,replace,B
Inglés,Administración Financiera,Administración,especifica,"[Administración Financiera - Administración] Choose the option that best completes the sentence: 'If the data ___ cleaned, the model will underperform.'",isn't,weren't,aren't,hasn't,A
Inglés,Derecho Civil,Derecho,especifica,"[Derecho Civil - Derecho] In project management, a 'milestone' is best defined as a:",critical failure,measurable checkpoint,budget overrun,daily task,B
Inglés,Sistemas Embebidos,Ingeniería,especifica,[Sistemas Embebidos - Ingeniería] Select the synonym of 'enhance' in context:,diminish,improve,neglect,replace,B
Inglés,Use of English,Salud,generica,"[Use of English - Salud] In project management, a 'milestone' is best defined as a:",critical failure,measurable checkpoint,budget overrun,daily task,B
Inglés,Use of English,Administración,generica,"[Use of English - Administración] In project management, a 'milestone' is best defined as a:",critical failure,measurable checkpoint,budget overrun,daily task,B
Inglés,Sistemas Operativos,Tecnología,especifica,[Sistemas Operativos - Tecnología] Select the synonym of 'enhance' in context:,diminish,improve,neglect,replace,B
Inglés,Reading,Tecnología,generica,"[Reading - Tecnología] In project management, a 'milestone' is best defined as a:",critical failure,measurable checkpoint,budget overrun,daily task,B
Inglés,Vocabulary,Educación,generica,[Vocabulary - Educación] Select the synonym of 'enhance' in context:,diminish,improve,neglect,replace,B
Inglés,Vocabulary,Tecnología,generica,[Vocabulary - Tecnología] Select the synonym of 'enhance' in context:,diminish,improve,neglect,replace,B
Inglés,Grammar,Educación,generica,"[Grammar - Educación] In project management, a 'milestone' is best defined as a:",critical failure,measurable checkpoint,budget overrun,daily task,B
Inglés,Reading,Salud,generica,"[Reading - Salud] In project management, a 'milestone' is best defined as a:",critical failure,measurable checkpoint,budget overrun,daily task,B
Inglés,Use of English,Ingeniería,generica,"[Use of English - Ingeniería] In project management, a 'milestone' is best defined as a:",critical failure,measurable checkpoint,budget overrun,daily task,B
Inglés,Ciencia de Datos,Tecnología,especifica,[Ciencia de Datos - Tecnología] Select the synonym of 'enhance' in context:,diminish,improve,neglect,replace,B
Inglés,Use of English,Ingeniería,generica,"[Use of English - Ingeniería] In project management, a 'milestone' is best defined as a:",critical failure,measurable checkpoint,budget overrun,daily task,B
Inglés,Vocabulary,Tecnología,generica,"[Vocabulary - Tecnología] In project management, a 'milestone' is best defined as a:",critical failure,measurable checkpoint,budget overrun,daily task,B
Inglés,Grammar,Educación,generica,[Grammar - Educación] Select the synonym of 'enhance' in context:,diminish,improve,neglect,replace,B
Inglés,Psicopedagogía,Educación,especifica,[Psicopedagogía - Educación] Select the synonym of 'enhance' in context:,diminish,improve,neglect,replace,B
Inglés,Epidemiología,Salud,especifica,[Epidemiología - Salud] Select the synonym of 'enhance' in context:,diminish,improve,neglect,replace,B
Inglés,Vocabulary,Administración,generica,"[Vocabulary - Administración] Choose the option that best completes the sentence: 'If the data ___ cleaned, the model will underperform.'",isn't,weren't,aren't,hasn't,A
Inglés,Grammar,Tecnología,generica,"[Grammar - Tecnología] Choose the option that best completes the sentence: 'If the data ___ cleaned, the model will underperform.'",isn't,weren't,aren't,hasn't,A
Inglés,Vocabulary,Derecho,generica,[Vocabulary - Derecho] Select the synonym of 'enhance' in context:,diminish,improve,neglect,replace,B
Inglés,Evaluación Educativa,Educación,especifica,[Evaluación Educativa - Educación] Select the synonym of 'enhance' in context:,diminish,improve,neglect,replace,B
Inglés,Vocabulary,Ingeniería,generica,"[Vocabulary - Ingeniería] In project management, a 'milestone' is best defined as a:",critical failure,measurable checkpoint,budget overrun,daily task,B
Inglés,Reading,Derecho,generica,[Reading - Derecho] Select the synonym of 'enhance' in context:,diminish,improve,neglect,replace,B
Inglés,Grammar,Tecnología,generica,[Grammar - Tecnología] Select the synonym of 'enhance' in context:,diminish,improve,neglect,replace,B
Inglés,Use of English,Salud,generica,[Use of English - Salud] Select the synonym of 'enhance' in context:,diminish,improve,neglect,replace,B
Inglés,Reading,Educación,generica,"[Reading - Educación] Choose the option that best completes the sentence: 'If the data ___ cleaned, the model will underperform.'",isn't,weren't,aren't,hasn't,A
Inglés,Vocabulary,Salud,generica,[Vocabulary - Salud] Select the synonym of 'enhance' in context:,diminish,improve,neglect,replace,B
Inglés,Bioética,Salud,especifica,"[Bioética - Salud] Choose the option that best completes the sentence: 'If the data ___ cleaned, the model will underperform.'",isn't,weren't,aren't,hasn't,A
Inglés,Grammar,Educación,generica,[Grammar - Educación] Select the synonym of 'enhance' in context:,diminish,improve,neglect,replace,B
Inglés,Vocabulary,Tecnología,generica,"[Vocabulary - Tecnología] Choose the option that best completes the sentence: 'If the data ___ cleaned, the model will underperform.'",isn't,weren't,aren't,hasn't,A
Inglés,Ciencia de Datos,Tecnología,especifica,[Ciencia de Datos - Tecnología] Select the synonym of 'enhance' in context:,diminish,improve,neglect,replace,B
Inglés,Currículo,Educación,especifica,[Currículo - Educación] Select the synonym of 'enhance' in context:,diminish,improve,neglect,replace,B
Inglés,Use of English,Ingeniería,generica,"[Use of English - Ingeniería] In project management, a 'milestone' is best defined as a:",critical failure,measurable checkpoint,budget overrun,daily task,B
Inglés,Epidemiología,Salud,especifica,[Epidemiología - Salud] Select the synonym of 'enhance' in context:,diminish,improve,neglect,replace,B
Inglés,Evaluación Educativa,Educación,especifica,"[Evaluación Educativa - Educación] Choose the option that best completes the sentence: 'If the data ___ cleaned, the model will underperform.'",isn't,weren't,aren't,hasn't,A
Inglés,Vocabulary,Educación,generica,"[Vocabulary - Educación] Choose the option that best completes the sentence: 'If the data ___ cleaned, the model will underperform.'",isn't,weren't,aren't,hasn't,A
Inglés,Grammar,Ingeniería,generica,"[Grammar - Ingeniería] Choose the option that best completes the sentence: 'If the data ___ cleaned, the model will underperform.'",isn't,weren't,aren't,hasn't,A
Inglés,Bases de Datos,Ingeniería,especifica,"[Bases de Datos - Ingeniería] Choose the option that best completes the sentence: 'If the data ___ cleaned, the model will underperform.'",isn't,weren't,aren't,hasn't,A
Inglés,Vocabulary,Salud,generica,"[Vocabulary - Salud] Choose the option that best completes the sentence: 'If the data ___ cleaned, the model will underperform.'",isn't,weren't,aren't,hasn't,A
Inglés,Marketing,Administración,especifica,[Marketing - Administración] Select the synonym of 'enhance' in context:,diminish,improve,neglect,replace,B
Inglés,Reading,Administración,generica,[Reading - Administración] Select the synonym of 'enhance' in context:,diminish,improve,neglect,replace,B
Inglés,Vocabulary,Administración,generica,"[Vocabulary - Administración] In project management, a 'milestone' is best defined as a:",critical failure,measurable checkpoint,budget overrun,daily task,B
Inglés,Vocabulary,Salud,generica,"[Vocabulary - Salud] Choose the option that best completes the sentence: 'If the data ___ cleaned, the model will underperform.'",isn't,weren't,aren't,hasn't,A
Inglés,Grammar,Derecho,generica,"[Grammar - Derecho] Choose the option that best completes the sentence: 'If the data ___ cleaned, the model will underperform.'",isn't,weren't,aren't,hasn't,A
Inglés,Grammar,Derecho,generica,"[Grammar - Derecho] In project management, a 'milestone' is best defined as a:",critical failure,measurable checkpoint,budget overrun,daily task,B
Inglés,Use of English,Salud,generica,"[Use of English - Salud] In project management, a 'milestone' is best defined as a:",critical failure,measurable checkpoint,budget overrun,daily task,B
Inglés,Grammar,Tecnología,generica,"[Grammar - Tecnología] Choose the option that best completes the sentence: 'If the data ___ cleaned, the model will underperform.'",isn't,weren't,aren't,hasn't,A
Inglés,Logística,Administración,especifica,[Logística - Administración] Select the synonym of 'enhance' in context:,diminish,improve,neglect,replace,B
Inglés,Vocabulary,Administración,generica,"[Vocabulary - Administración] Choose the option that best completes the sentence: 'If the data ___ cleaned, the model will underperform.'",isn't,weren't,aren't,hasn't,A
Inglés,Vocabulary,Ingeniería,generica,"[Vocabulary - Ingeniería] In project management, a 'milestone' is best defined as a:",critical failure,measurable checkpoint,budget overrun,daily task,B
Inglés,Grammar,Salud,generica,"[Grammar - Salud] In project management, a 'milestone' is best defined as a:",critical failure,measurable checkpoint,budget overrun,daily task,B
Inglés,Reading,Ingeniería,generica,[Reading - Ingeniería] Select the synonym of 'enhance' in context:,diminish,improve,neglect,replace,B
Inglés,Vocabulary,Salud,generica,"[Vocabulary - Salud] Choose the option that best completes the sentence: 'If the data ___ cleaned, the model will underperform.'",isn't,weren't,aren't,hasn't,A
Inglés,Currículo,Educación,especifica,"[Currículo - Educación] In project management, a 'milestone' is best defined as a:",critical failure,measurable checkpoint,budget overrun,daily task,B
Inglés,Use of English,Administración,generica,"[Use of English - Administración] In project management, a 'milestone' is best defined as a:",critical failure,measurable checkpoint,budget overrun,daily task,B
Inglés,Sistemas Operativos,Tecnología,especifica,"[Sistemas Operativos - Tecnología] Choose the option that best completes the sentence: 'If the data ___ cleaned, the model will underperform.'",isn't,weren't,aren't,hasn't,A
Inglés,Reading,Derecho,generica,[Reading - Derecho] Select the synonym of 'enhance' in context:,diminish,improve,neglect,replace,B
Inglés,Derecho Civil,Derecho,especifica,"[Derecho Civil - Derecho] Choose the option that best completes the sentence: 'If the data ___ cleaned, the model will underperform.'",isn't,weren't,aren't,hasn't,A
Inglés,Reading,Tecnología,generica,"[Reading - Tecnología] In project management, a 'milestone' is best defined as a:",critical failure,measurable checkpoint,budget overrun,daily task,B
Inglés,Vocabulary,Tecnología,generica,[Vocabulary - Tecnología] Select the synonym of 'enhance' in context:,diminish,improve,neglect,replace,B
Inglés,Use of English,Derecho,generica,[Use of English - Derecho] Select the synonym of 'enhance' in context:,diminish,improve,neglect,replace,B
Inglés,Reading,Salud,generica,"[Reading - Salud] Choose the option that best completes the sentence: 'If the data ___ cleaned, the model will underperform.'",isn't,weren't,aren't,hasn't,A
Inglés,Reading,Tecnología,generica,"[Reading - Tecnología] Choose the option that best completes the sentence: 'If the data ___ cleaned, the model will underperform.'",isn't,weren't,aren't,hasn't,A
Inglés,Salud Pública,Salud,especifica,"[Salud Pública - Salud] In project management, a 'milestone' is best defined as a:",critical failure,measurable checkpoint,budget overrun,daily task,B
Inglés,Redes y Telecomunicaciones,Ingeniería,especifica,"[Redes y Telecomunicaciones - Ingeniería] Choose the option that best completes the sentence: 'If the data ___ cleaned, the model will underperform.'",isn't,weren't,aren't,hasn't,A
Inglés,Use of English,Ingeniería,generica,"[Use of English - Ingeniería] Choose the option that best completes the sentence: 'If the data ___ cleaned, the model will underperform.'",isn't,weren't,aren't,hasn't,A
Inglés,Grammar,Tecnología,generica,[Grammar - Tecnología] Select the synonym of 'enhance' in context:,diminish,improve,neglect,replace,B
Inglés,Use of English,Administración,generica,"[Use of English - Administración] In project management, a 'milestone' is best defined as a:",critical failure,measurable checkpoint,budget overrun,daily task,B
Inglés,Vocabulary,Educación,generica,"[Vocabulary - Educación] In project management, a 'milestone' is best defined as a:",critical failure,measurable checkpoint,budget overrun,daily task,B
Inglés,Grammar,Salud,generica,[Grammar - Salud] Select the synonym of 'enhance' in context:,diminish,improve,neglect,replace,B
Inglés,Grammar,Derecho,generica,"[Grammar - Derecho] Choose the option that best completes the sentence: 'If the data ___ cleaned, the model will underperform.'",isn't,weren't,aren't,hasn't,A
Inglés,Bases de Datos,Ingeniería,especifica,"[Bases de Datos - Ingeniería] In project management, a 'milestone' is best defined as a:",critical failure,measurable checkpoint,budget overrun,daily task,B
Inglés,Psicopedagogía,Educación,especifica,[Psicopedagogía - Educación] Select the synonym of 'enhance' in context:,diminish,improve,neglect,replace,B
Inglés,Reading,Educación,generica,"[Reading - Educación] Choose the option that best completes the sentence: 'If the data ___ cleaned, the model will underperform.'",isn't,weren't,aren't,hasn't,A
Inglés,Grammar,Administración,generica,"[Grammar - Administración] In project management, a 'milestone' is best defined as a:",critical failure,measurable checkpoint,budget overrun,daily task,B
Inglés,Vocabulary,Salud,generica,[Vocabulary - Salud] Select the synonym of 'enhance' in context:,diminish,improve,neglect,replace,B
Inglés,Use of English,Derecho,generica,"[Use of English - Derecho] Choose the option that best completes the sentence: 'If the data ___ cleaned, the model will underperform.'",isn't,weren't,aren't,hasn't,A
Inglés,Use of English,Administración,generica,"[Use of English - Administración] In project management, a 'milestone' is best defined as a:",critical failure,measurable checkpoint,budget overrun,daily task,B
Inglés,Didáctica,Educación,especifica,"[Didáctica - Educación] In project management, a 'milestone' is best defined as a:",critical failure,measurable checkpoint,budget overrun,daily task,B
Inglés,Grammar,Salud,generica,[Grammar - Salud] Select the synonym of 'enhance' in context:,diminish,improve,neglect,replace,B
Inglés,Farmacología,Salud,especifica,[Farmacología - Salud] Select the synonym of 'enhance' in context:,diminish,improve,neglect,replace,B
Inglés,Epidemiología,Salud,especifica,"[Epidemiología - Salud] In project management, a 'milestone' is best defined as a:",critical failure,measurable checkpoint,budget overrun,daily task,B
Inglés,Redes y Telecomunicaciones,Ingeniería,especifica,"[Redes y Telecomunicaciones - Ingeniería] Choose the option that best completes the sentence: 'If the data ___ cleaned, the model will underperform.'",isn't,weren't,aren't,hasn't,A
Inglés,Vocabulary,Tecnología,generica,[Vocabulary - Tecnología] Select the synonym of 'enhance' in context:,diminish,improve,neglect,replace,B
Inglés,Derecho Civil,Derecho,especifica,[Derecho Civil - Derecho] Select the synonym of 'enhance' in context:,diminish,improve,neglect,replace,B
Inglés,Use of English,Derecho,generica,[Use of English - Derecho] Select the synonym of 'enhance' in context:,diminish,improve,neglect,replace,B
Inglés,Grammar,Derecho,generica,"[Grammar - Derecho] Choose the option that best completes the sentence: 'If the data ___ cleaned, the model will underperform.'",isn't,weren't,aren't,hasn't,A
Inglés,Psicopedagogía,Educación,especifica,[Psicopedagogía - Educación] Select the synonym of 'enhance' in context:,diminish,improve,neglect,replace,B
Inglés,Teoría del Derecho,Derecho,especifica,[Teoría del Derecho - Derecho] Select the synonym of 'enhance' in context:,diminish,improve,neglect,replace,B
Inglés,Grammar,Educación,generica,"[Grammar - Educación] Choose the option that best completes the sentence: 'If the data ___ cleaned, the model will underperform.'",isn't,weren't,aren't,hasn't,A
Inglés,Vocabulary,Salud,generica,"[Vocabulary - Salud] In project management, a 'milestone' is best defined as a:",critical failure,measurable checkpoint,budget overrun,daily task,B
Inglés,Arquitectura de Computadores,Tecnología,especifica,[Arquitectura de Computadores - Tecnología] Select the synonym of 'enhance' in context:,diminish,improve,neglect,replace,B
Inglés,Vocabulary,Derecho,generica,"[Vocabulary - Derecho] Choose the option that best completes the sentence: 'If the data ___ cleaned, the model will underperform.'",isn't,weren't,aren't,hasn't,A
Inglés,Reading,Ingeniería,generica,"[Reading - Ingeniería] In project management, a 'milestone' is best defined as a:",critical failure,measurable checkpoint,budget overrun,daily task,B
Inglés,Teoría del Derecho,Derecho,especifica,"[Teoría del Derecho - Derecho] In project management, a 'milestone' is best defined as a:",critical failure,measurable checkpoint,budget overrun,daily task,B
Inglés,Vocabulary,Tecnología,generica,"[Vocabulary - Tecnología] In project management, a 'milestone' is best defined as a:",critical failure,measurable checkpoint,budget overrun,daily task,B
Inglés,Grammar,Administración,generica,[Grammar - Administración] Select the synonym of 'enhance' in context:,diminish,improve,neglect,replace,B
Inglés,Grammar,Ingeniería,generica,"[Grammar - Ingeniería] In project management, a 'milestone' is best defined as a:",critical failure,measurable checkpoint,budget overrun,daily task,B
Inglés,Reading,Ingeniería,generica,"[Reading - Ingeniería] In project management, a 'milestone' is best defined as a:",critical failure,measurable checkpoint,budget overrun,daily task,B
Inglés,Recursos Humanos,Administración,especifica,"[Recursos Humanos - Administración] Choose the option that best completes the sentence: 'If the data ___ cleaned, the model will underperform.'",isn't,weren't,aren't,hasn't,A
Inglés,Sistemas Operativos,Tecnología,especifica,"[Sistemas Operativos - Tecnología] Choose the option that best completes the sentence: 'If the data ___ cleaned, the model will underperform.'",isn't,weren't,aren't,hasn't,A
Inglés,Derecho Civil,Derecho,especifica,[Derecho Civil - Derecho] Select the synonym of 'enhance' in context:,diminish,improve,neglect,replace,B
Inglés,Bases de Datos,Ingeniería,especifica,"[Bases de Datos - Ingeniería] In project management, a 'milestone' is best defined as a:",critical failure,measurable checkpoint,budget overrun,daily task,B
Inglés,Use of English,Educación,generica,[Use of English - Educación] Select the synonym of 'enhance' in context:,diminish,improve,neglect,replace,B
Inglés,Derecho Penal,Derecho,especifica,"[Derecho Penal - Derecho] Choose the option that best completes the sentence: 'If the data ___ cleaned, the model will underperform.'",isn't,weren't,aren't,hasn't,A
Inglés,Use of English,Tecnología,generica,"[Use of English - Tecnología] Choose the option that best completes the sentence: 'If the data ___ cleaned, the model will underperform.'",isn't,weren't,aren't,hasn't,A
Inglés,Marketing,Administración,especifica,"[Marketing - Administración] Choose the option that best completes the sentence: 'If the data ___ cleaned, the model will underperform.'",isn't,weren't,aren't,hasn't,A
Inglés,Psicopedagogía,Educación,especifica,"[Psicopedagogía - Educación] In project management, a 'milestone' is best defined as a:",critical failure,measurable checkpoint,budget overrun,daily task,B
Inglés,Emprendimiento,Administración,especifica,"[Emprendimiento - Administración] In project management, a 'milestone' is best defined as a:",critical failure,measurable checkpoint,budget overrun,daily task,B
Inglés,Use of English,Administración,generica,"[Use of English - Administración] Choose the option that best completes the sentence: 'If the data ___ cleaned, the model will underperform.'",isn't,weren't,aren't,hasn't,A
Inglés,Use of English,Salud,generica,"[Use of English - Salud] In project management, a 'milestone' is best defined as a:",critical failure,measurable checkpoint,budget overrun,daily task,B
Inglés,Derecho Civil,Derecho,especifica,"[Derecho Civil - Derecho] Choose the option that best completes the sentence: 'If the data ___ cleaned, the model will underperform.'",isn't,weren't,aren't,hasn't,A
Inglés,Use of English,Administración,generica,[Use of English - Administración] Select the synonym of 'enhance' in context:,diminish,improve,neglect,replace,B
Inglés,Sistemas Operativos,Tecnología,especifica,[Sistemas Operativos - Tecnología] Select the synonym of 'enhance' in context:,diminish,improve,neglect,replace,B
Inglés,Vocabulary,Administración,generica,"[Vocabulary - Administración] Choose the option that best completes the sentence: 'If the data ___ cleaned, the model will underperform.'",isn't,weren't,aren't,hasn't,A
Inglés,Vocabulary,Derecho,generica,[Vocabulary - Derecho] Select the synonym of 'enhance' in context:,diminish,improve,neglect,replace,B
Inglés,Reading,Tecnología,generica,"[Reading - Tecnología] Choose the option that best completes the sentence: 'If the data ___ cleaned, the model will underperform.'",isn't,weren't,aren't,hasn't,A
Inglés,Reading,Educación,generica,"[Reading - Educación] Choose the option that best completes the sentence: 'If the data ___ cleaned, the model will underperform.'",isn't,weren't,aren't,hasn't,A
Inglés,Vocabulary,Educación,generica,"[Vocabulary - Educación] Choose the option that best completes the sentence: 'If the data ___ cleaned, the model will underperform.'",isn't,weren't,aren't,hasn't,A
Inglés,Bioética,Salud,especifica,"[Bioética - Salud] Choose the option that best completes the sentence: 'If the data ___ cleaned, the model will underperform.'",isn't,weren't,aren't,hasn't,A
Inglés,Vocabulary,Administración,generica,[Vocabulary - Administración] Select the synonym of 'enhance' in context:,diminish,improve,neglect,replace,B
Inglés,Reading,Administración,generica,[Reading - Administración] Select the synonym of 'enhance' in context:,diminish,improve,neglect,replace,B
Inglés,Farmacología,Salud,especifica,[Farmacología - Salud] Select the synonym of 'enhance' in context:,diminish,improve,neglect,replace,B
Inglés,Sistemas Operativos,Tecnología,especifica,"[Sistemas Operativos - Tecnología] In project management, a 'milestone' is best defined as a:",critical failure,measurable checkpoint,budget overrun,daily task,B
Inglés,Vocabulary,Administración,generica,"[Vocabulary - Administración] Choose the option that best completes the sentence: 'If the data ___ cleaned, the model will underperform.'",isn't,weren't,aren't,hasn't,A
Inglés,Emprendimiento,Administración,especifica,"[Emprendimiento - Administración] Choose the option that best completes the sentence: 'If the data ___ cleaned, the model will underperform.'",isn't,weren't,aren't,hasn't,A
Inglés,Vocabulary,Educación,generica,[Vocabulary - Educación] Select the synonym of 'enhance' in context:,diminish,improve,neglect,replace,B
Inglés,Derecho Penal,Derecho,especifica,"[Derecho Penal - Derecho] Choose the option that best completes the sentence: 'If the data ___ cleaned, the model will underperform.'",isn't,weren't,aren't,hasn't,A
Inglés,Use of English,Derecho,generica,[Use of English - Derecho] Select the synonym of 'enhance' in context:,diminish,improve,neglect,replace,B
Inglés,Reading,Derecho,generica,"[Reading - Derecho] In project management, a 'milestone' is best defined as a:",critical failure,measurable checkpoint,budget overrun,daily task,B
Inglés,Reading,Administración,generica,[Reading - Administración] Select the synonym of 'enhance' in context:,diminish,improve,neglect,replace,B
Inglés,Grammar,Salud,generica,[Grammar - Salud] Select the synonym of 'enhance' in context:,diminish,improve,neglect,replace,B
